state,county,geoid,total_votes,party,votes,percentage
CT,FAIRFIELD,G0900010,314220,Democratic,146427,46.600152759213294
CT,FAIRFIELD,G0900010,314220,Republican,167762,53.38998154159506
CT,FAIRFIELD,G0900010,314220,Other,0,0
CT,HARTFORD,G0900030,331862,Democratic,195400,58.87989586032748
CT,HARTFORD,G0900030,331862,Republican,136428,41.10985891726079
CT,HARTFORD,G0900030,331862,Other,0,0
CT,LITCHFIELD,G0900050,63105,Democratic,29060,46.050233737421756
CT,LITCHFIELD,G0900050,63105,Republican,34039,53.94025829965929
CT,LITCHFIELD,G0900050,63105,Other,0,0
CT,MIDDLESEX,G0900070,44203,Democratic,22155,50.12103250910571
CT,MIDDLESEX,G0900070,44203,Republican,22044,49.86991833133498
CT,MIDDLESEX,G0900070,44203,Other,0,0
CT,NEW HAVEN,G0900090,325537,Democratic,188681,57.95992467830078
CT,NEW HAVEN,G0900090,325537,Republican,136823,42.02993822514799
CT,NEW HAVEN,G0900090,325537,Other,0,0
CT,NEW LONDON,G0900110,78695,Democratic,40622,51.619543808374104
CT,NEW LONDON,G0900110,78695,Republican,38065,48.370290361522336
CT,NEW LONDON,G0900110,78695,Other,0,0
CT,TOLLAND,G0900130,29961,Democratic,14573,48.639898534761855
CT,TOLLAND,G0900130,29961,Republican,15385,51.35008844831614
CT,TOLLAND,G0900130,29961,Other,0,0
CT,WINDHAM,G0900150,35285,Democratic,20102,56.97038401587077
CT,WINDHAM,G0900150,35285,Republican,15180,43.021113787728495
CT,WINDHAM,G0900150,35285,Other,0,0
ME,ANDROSCOGGIN,G2300010,40751,Democratic,26097,64.04014625407966
ME,ANDROSCOGGIN,G2300010,40751,Republican,14650,35.95003803587642
ME,ANDROSCOGGIN,G2300010,40751,Other,0,0
ME,AROOSTOOK,G2300030,33497,Democratic,14799,44.18007582768606
ME,AROOSTOOK,G2300030,33497,Republican,18695,55.81096814640117
ME,AROOSTOOK,G2300030,33497,Other,0,0
ME,CUMBERLAND,G2300050,80824,Democratic,33550,41.50994754033455
ME,CUMBERLAND,G2300050,80824,Republican,47266,58.48015440958131
ME,CUMBERLAND,G2300050,80824,Other,0,0
ME,FRANKLIN,G2300070,9440,Democratic,3303,34.98940677966102
ME,FRANKLIN,G2300070,9440,Republican,6135,64.98940677966102
ME,FRANKLIN,G2300070,9440,Other,0,0
ME,HANCOCK,G2300090,15482,Democratic,3363,21.721999741635447
ME,HANCOCK,G2300090,15482,Republican,12118,78.27154114455497
ME,HANCOCK,G2300090,15482,Other,0,0
ME,KENNEBEC,G2300110,39951,Democratic,18250,45.68095917498936
ME,KENNEBEC,G2300110,39951,Republican,21697,54.30902855998598
ME,KENNEBEC,G2300110,39951,Other,0,0
ME,KNOX,G2300130,12899,Democratic,3816,29.583688658035506
ME,KNOX,G2300130,12899,Republican,9082,70.40855880300798
ME,KNOX,G2300130,12899,Other,0,0
ME,LINCOLN,G2300150,9899,Democratic,2336,23.598343266996665
ME,LINCOLN,G2300150,9899,Republican,7562,76.3915547024952
ME,LINCOLN,G2300150,9899,Other,0,0
ME,OXFORD,G2300170,20666,Democratic,8950,43.30784864027872
ME,OXFORD,G2300170,20666,Republican,11713,56.677634762411685
ME,OXFORD,G2300170,20666,Other,0,0
ME,PENOBSCOT,G2300190,47634,Democratic,19173,40.2506612923542
ME,PENOBSCOT,G2300190,47634,Republican,28457,59.740941344417855
ME,PENOBSCOT,G2300190,47634,Other,0,0
ME,PISCATAQUIS,G2300210,7818,Democratic,2858,36.55666410846764
ME,PISCATAQUIS,G2300210,7818,Republican,4959,63.43054489639294
ME,PISCATAQUIS,G2300210,7818,Other,0,0
ME,SAGADAHOC,G2300230,10351,Democratic,3964,38.29581682929186
ME,SAGADAHOC,G2300230,10351,Republican,6386,61.69452226837987
ME,SAGADAHOC,G2300230,10351,Other,0,0
ME,SOMERSET,G2300250,17098,Democratic,6955,40.67727219557843
ME,SOMERSET,G2300250,17098,Republican,10141,59.31103052988653
ME,SOMERSET,G2300250,17098,Other,0,0
ME,WALDO,G2300270,9689,Democratic,2845,29.363195376199812
ME,WALDO,G2300270,9689,Republican,6843,70.62648364124264
ME,WALDO,G2300270,9689,Other,0,0
ME,WASHINGTON,G2300290,13834,Democratic,4715,34.08269480988868
ME,WASHINGTON,G2300290,13834,Republican,9118,65.91007662281336
ME,WASHINGTON,G2300290,13834,Other,0,0
ME,YORK,G2300310,51934,Democratic,26170,50.39088073323834
ME,YORK,G2300310,51934,Republican,25759,49.59949166249471
ME,YORK,G2300310,51934,Other,0,0
MA,BARNSTABLE,G2500010,33372,Democratic,12421,37.21982500299653
MA,BARNSTABLE,G2500010,33372,Republican,20898,62.62135922330098
MA,BARNSTABLE,G2500010,33372,Other,47,0.14083662950976866
MA,BERKSHIRE,G2500030,68629,Democratic,41129,59.92947587754448
MA,BERKSHIRE,G2500030,68629,Republican,27335,39.83010097772079
MA,BERKSHIRE,G2500030,68629,Other,158,0.23022337495810807
MA,BRISTOL,G2500050,194722,Democratic,130035,66.77981943488666
MA,BRISTOL,G2500050,194722,Republican,64278,33.01013752940089
MA,BRISTOL,G2500050,194722,Other,370,0.19001448218485842
MA,DUKES,G2500070,3286,Democratic,1282,39.01399878271455
MA,DUKES,G2500070,3286,Republican,1998,60.80340839926963
MA,DUKES,G2500070,3286,Other,6,0.18259281801582472
MA,ESSEX,G2500090,295081,Democratic,167872,56.89014202879888
MA,ESSEX,G2500090,295081,Republican,126590,42.90008506138992
MA,ESSEX,G2500090,295081,Other,590,0.19994509982004938
MA,FRANKLIN,G2500110,28011,Democratic,12280,43.83992003141623
MA,FRANKLIN,G2500110,28011,Republican,15681,55.98157866552425
MA,FRANKLIN,G2500110,28011,Other,45,0.1606511727535611
MA,HAMPDEN,G2500130,193828,Democratic,121046,62.45021359143158
MA,HAMPDEN,G2500130,193828,Republican,72046,37.1700683079844
MA,HAMPDEN,G2500130,193828,Other,698,0.3601130899560435
MA,HAMPSHIRE,G2500150,45096,Democratic,25664,56.909703743125775
MA,HAMPSHIRE,G2500150,45096,Republican,19342,42.890722015256344
MA,HAMPSHIRE,G2500150,45096,Other,81,0.17961681745609365
MA,MIDDLESEX,G2500170,603516,Democratic,356074,58.99992709389643
MA,MIDDLESEX,G2500170,603516,Republican,246114,40.78002902988487
MA,MIDDLESEX,G2500170,603516,Other,1207,0.19999469773792242
MA,NANTUCKET,G2500190,1919,Democratic,698,36.37311099531006
MA,NANTUCKET,G2500190,1919,Republican,1219,63.52266805627931
MA,NANTUCKET,G2500190,1919,Other,2,0.10422094841063052
MA,NORFOLK,G2500210,257721,Democratic,135458,52.55993884859984
MA,NORFOLK,G2500210,257721,Republican,121722,47.23014422573248
MA,NORFOLK,G2500210,257721,Other,490,0.19012808424614214
MA,PLYMOUTH,G2500230,118349,Democratic,57174,48.309660411156834
MA,PLYMOUTH,G2500230,118349,Republican,60973,51.519657960777025
MA,PLYMOUTH,G2500230,118349,Other,189,0.15969716685396582
MA,SUFFOLK,G2500250,339617,Democratic,252811,74.4400309760701
MA,SUFFOLK,G2500250,339617,Republican,85719,25.23990259615979
MA,SUFFOLK,G2500250,339617,Other,1019,0.3000438729510007
MA,WORCESTER,G2500270,286333,Democratic,173088,60.44989575075175
MA,WORCESTER,G2500270,286333,Republican,112729,39.36989449347438
MA,WORCESTER,G2500270,286333,Other,487,0.1700816881044099
NH,BELKNAP,G3300010,14786,Democratic,5629,38.069795752739076
NH,BELKNAP,G3300010,14786,Republican,9155,61.91667793859056
NH,BELKNAP,G3300010,14786,Other,0,0
NH,CARROLL,G3300030,9405,Democratic,1918,20.393407761828815
NH,CARROLL,G3300030,9405,Republican,7486,79.5959595959596
NH,CARROLL,G3300030,9405,Other,0,0
NH,CHESHIRE,G3300050,20262,Democratic,8666,42.76971671108479
NH,CHESHIRE,G3300050,20262,Republican,11594,57.220412595005435
NH,CHESHIRE,G3300050,20262,Other,0,0
NH,COOS,G3300070,18252,Democratic,10455,57.28139381985535
NH,COOS,G3300070,18252,Republican,7795,42.70764847687924
NH,COOS,G3300070,18252,Other,0,0
NH,GRAFTON,G3300090,22275,Democratic,7821,35.11111111111111
NH,GRAFTON,G3300090,22275,Republican,14452,64.87991021324355
NH,GRAFTON,G3300090,22275,Other,0,0
NH,HILLSBOROUGH,G3300110,90565,Democratic,52129,57.55976370562579
NH,HILLSBOROUGH,G3300110,90565,Republican,38427,42.430298680505715
NH,HILLSBOROUGH,G3300110,90565,Other,0,0
NH,MERRIMACK,G3300130,33673,Democratic,13277,39.4292162860452
NH,MERRIMACK,G3300130,33673,Republican,20392,60.558904760490606
NH,MERRIMACK,G3300130,33673,Other,0,0
NH,ROCKINGHAM,G3300150,45095,Democratic,17059,37.829027608382304
NH,ROCKINGHAM,G3300150,45095,Republican,28031,62.15988468788114
NH,ROCKINGHAM,G3300150,45095,Other,0,0
NH,STRAFFORD,G3300170,27874,Democratic,14333,51.42067876874506
NH,STRAFFORD,G3300170,27874,Republican,13538,48.568558513309895
NH,STRAFFORD,G3300170,27874,Other,0,0
NH,SULLIVAN,G3300190,13574,Democratic,6468,47.64991896272285
NH,SULLIVAN,G3300190,13574,Republican,7105,52.34271401208193
NH,SULLIVAN,G3300190,13574,Other,0,0
RI,BRISTOL,G4400010,18636,Democratic,11098,59.55140588109036
RI,BRISTOL,G4400010,18636,Republican,7536,40.437862202189315
RI,BRISTOL,G4400010,18636,Other,0,0
RI,KENT,G4400030,55006,Democratic,30660,55.73937388648511
RI,KENT,G4400030,55006,Republican,24340,44.24971821255863
RI,KENT,G4400030,55006,Other,0,0
RI,NEWPORT,G4400050,27619,Democratic,15677,56.76164958905101
RI,NEWPORT,G4400050,27619,Republican,11940,43.23110901915348
RI,NEWPORT,G4400050,27619,Other,0,0
RI,PROVIDENCE,G4400070,280042,Democratic,189000,67.48987651852222
RI,PROVIDENCE,G4400070,280042,Republican,91014,32.50012498125282
RI,PROVIDENCE,G4400070,280042,Other,0,0
RI,WASHINGTON,G4400090,24231,Democratic,11580,47.7900210474186
RI,WASHINGTON,G4400090,24231,Republican,12649,52.201725062935914
RI,WASHINGTON,G4400090,24231,Other,0,0
VT,ADDISON,G5000010,8489,Democratic,2969,34.974673106372954
VT,ADDISON,G5000010,8489,Republican,5520,65.02532689362704
VT,ADDISON,G5000010,8489,Other,0,0
VT,BENNINGTON,G5000030,11602,Democratic,4502,38.80365454232029
VT,BENNINGTON,G5000030,11602,Republican,7098,61.17910705050853
VT,BENNINGTON,G5000030,11602,Other,0,0
VT,CALEDONIA,G5000050,9597,Democratic,2909,30.31155569448786
VT,CALEDONIA,G5000050,9597,Republican,6687,69.67802438261957
VT,CALEDONIA,G5000050,9597,Other,0,0
VT,CHITTENDEN,G5000070,30031,Democratic,16959,56.47164596583531
VT,CHITTENDEN,G5000070,30031,Republican,13069,43.51836435683127
VT,CHITTENDEN,G5000070,30031,Other,0,0
VT,ESSEX,G5000090,2502,Democratic,1063,42.48601119104716
VT,ESSEX,G5000090,2502,Republican,1439,57.513988808952845
VT,ESSEX,G5000090,2502,Other,0,0
VT,FRANKLIN,G5000110,12472,Democratic,7028,56.35022450288647
VT,FRANKLIN,G5000110,12472,Republican,5443,43.64175753688262
VT,FRANKLIN,G5000110,12472,Other,0,0
VT,GRAND ISLE,G5000130,1617,Democratic,819,50.649350649350644
VT,GRAND ISLE,G5000130,1617,Republican,798,49.35064935064935
VT,GRAND ISLE,G5000130,1617,Other,0,0
VT,LAMOILLE,G5000150,4304,Democratic,1032,23.977695167286246
VT,LAMOILLE,G5000150,4304,Republican,3272,76.02230483271374
VT,LAMOILLE,G5000150,4304,Other,0,0
VT,ORANGE,G5000170,6944,Democratic,1580,22.753456221198157
VT,ORANGE,G5000170,6944,Republican,5363,77.23214285714286
VT,ORANGE,G5000170,6944,Other,0,0
VT,ORLEANS,G5000190,8381,Democratic,3353,40.00715905023267
VT,ORLEANS,G5000190,8381,Republican,5027,59.98090919937955
VT,ORLEANS,G5000190,8381,Other,0,0
VT,RUTLAND,G5000210,21412,Democratic,9246,43.18139361105922
VT,RUTLAND,G5000210,21412,Republican,12164,56.809265832243604
VT,RUTLAND,G5000210,21412,Other,0,0
VT,WASHINGTON,G5000230,17578,Democratic,7116,40.482421208328596
VT,WASHINGTON,G5000230,17578,Republican,10457,59.489134144953915
VT,WASHINGTON,G5000230,17578,Other,4,0.022755717373990215
VT,WINDHAM,G5000250,13486,Democratic,4357,32.3075782292748
VT,WINDHAM,G5000250,13486,Republican,9127,67.67759157644964
VT,WINDHAM,G5000250,13486,Other,0,0
VT,WINDSOR,G5000270,18909,Democratic,6249,33.047755037283835
VT,WINDSOR,G5000270,18909,Republican,12656,66.93109101486064
VT,WINDSOR,G5000270,18909,Other,2,0.010576973927759269
DE,KENT,G1000010,21616,Democratic,10754,49.75018504811251
DE,KENT,G1000010,21616,Republican,10696,49.48186528497409
DE,KENT,G1000010,21616,Other,164,0.7586972612879349
DE,NEW CASTLE,G1000030,142974,Democratic,73360,51.31002839677144
DE,NEW CASTLE,G1000030,142974,Republican,69271,48.450067844503195
DE,NEW CASTLE,G1000030,142974,Other,315,0.2203197784212514
DE,SUSSEX,G1000050,32093,Democratic,15469,48.20054217430592
DE,SUSSEX,G1000050,32093,Republican,16390,51.070326862555696
DE,SUSSEX,G1000050,32093,Other,228,0.7104352974168822
NJ,ATLANTIC,G3400010,76969,Democratic,36122,46.93058244228196
NJ,ATLANTIC,G3400010,76969,Republican,39154,50.86983071106549
NJ,ATLANTIC,G3400010,76969,Other,1678,2.18009848120672
NJ,BERGEN,G3400030,381808,Democratic,156159,40.89987637765579
NJ,BERGEN,G3400030,381808,Republican,224961,58.919928340946235
NJ,BERGEN,G3400030,381808,Other,649,0.16998072329547836
NJ,BURLINGTON,G3400050,81539,Democratic,39318,48.219870246139884
NJ,BURLINGTON,G3400050,81539,Republican,42107,51.64031935638162
NJ,BURLINGTON,G3400050,81539,Other,98,0.12018788555169918
NJ,CAMDEN,G3400070,186515,Democratic,102080,54.730182559043506
NJ,CAMDEN,G3400070,186515,Republican,84062,45.06983352545372
NJ,CAMDEN,G3400070,186515,Other,354,0.1897970672600059
NJ,CAPE MAY,G3400090,26222,Democratic,10135,38.6507512775532
NJ,CAPE MAY,G3400090,26222,Republican,16074,61.29967203111891
NJ,CAPE MAY,G3400090,26222,Other,8,0.030508733124856992
NJ,CUMBERLAND,G3400110,44512,Democratic,23195,52.10954349388929
NJ,CUMBERLAND,G3400110,44512,Republican,21281,47.80957943925234
NJ,CUMBERLAND,G3400110,44512,Other,27,0.06065780014378145
NJ,ESSEX,G3400130,393623,Democratic,217870,55.34991603641048
NJ,ESSEX,G3400130,393623,Republican,167841,42.64003881886983
NJ,ESSEX,G3400130,393623,Other,7872,1.9998831369101906
NJ,GLOUCESTER,G3400150,62259,Democratic,29747,47.77943751104258
NJ,GLOUCESTER,G3400150,62259,Republican,32468,52.149889975746476
NJ,GLOUCESTER,G3400150,62259,Other,31,0.04979199794407234
NJ,HUDSON,G3400170,291292,Democratic,174746,59.989975694492124
NJ,HUDSON,G3400170,291292,Republican,113953,39.1198522444832
NJ,HUDSON,G3400170,291292,Other,2563,0.8798731170097359
NJ,HUNTERDON,G3400190,24731,Democratic,8861,35.82952569649428
NJ,HUNTERDON,G3400190,24731,Republican,15840,64.04916905907565
NJ,HUNTERDON,G3400190,24731,Other,25,0.10108770369172293
NJ,MERCER,G3400210,121269,Democratic,74156,61.150005359984824
NJ,MERCER,G3400210,121269,Republican,46919,38.6900197082519
NJ,MERCER,G3400210,121269,Other,170,0.14018421855544286
NJ,MIDDLESEX,G3400230,199556,Democratic,116082,58.17013770570667
NJ,MIDDLESEX,G3400230,199556,Republican,83015,41.59985167070898
NJ,MIDDLESEX,G3400230,199556,Other,419,0.20996612479704946
NJ,MONMOUTH,G3400250,144060,Democratic,62421,43.32986255726781
NJ,MONMOUTH,G3400250,144060,Republican,81379,56.48965708732473
NJ,MONMOUTH,G3400250,144060,Other,230,0.15965569901429957
NJ,MORRIS,G3400270,117883,Democratic,42697,36.21981116870117
NJ,MORRIS,G3400270,117883,Republican,75033,63.650399124555705
NJ,MORRIS,G3400270,117883,Other,141,0.11961012190052848
NJ,OCEAN,G3400290,51898,Democratic,20110,38.74908474315003
NJ,OCEAN,G3400290,51898,Republican,31429,60.559173763921535
NJ,OCEAN,G3400290,51898,Other,353,0.6801803537708582
NJ,PASSAIC,G3400310,179402,Democratic,90939,50.69007034481221
NJ,PASSAIC,G3400310,179402,Republican,80839,45.06025573850905
NJ,PASSAIC,G3400310,179402,Other,7589,4.2301646581420504
NJ,SALEM,G3400330,26607,Democratic,12394,46.581726613297256
NJ,SALEM,G3400330,26607,Republican,14190,53.331829969556885
NJ,SALEM,G3400330,26607,Other,19,0.0714097793813658
NJ,SOMERSET,G3400350,64863,Democratic,28488,43.920262707552844
NJ,SOMERSET,G3400350,64863,Republican,36194,55.80068760310192
NJ,SOMERSET,G3400350,64863,Other,169,0.2605491574549435
NJ,SUSSEX,G3400370,23642,Democratic,7268,30.74190000845952
NJ,SUSSEX,G3400370,23642,Republican,16360,69.19888334320278
NJ,SUSSEX,G3400370,23642,Other,9,0.038067845359952626
NJ,UNION,G3400390,245008,Democratic,119980,48.96982955658591
NJ,UNION,G3400390,245008,Republican,123215,50.29019460589041
NJ,UNION,G3400390,245008,Other,1789,0.7301802390126036
NJ,WARREN,G3400410,29453,Democratic,12538,42.56951753641395
NJ,WARREN,G3400410,29453,Republican,16891,57.34899670661733
NJ,WARREN,G3400410,29453,Other,18,0.06111431772654738
NY,ALBANY,G3600010,153692,Democratic,88019,57.26973427374229
NY,ALBANY,G3600010,153692,Republican,61600,40.08016032064128
NY,ALBANY,G3600010,153692,Other,4057,2.6396949743643128
NY,ALLEGANY,G3600030,19695,Democratic,4894,24.84894643310485
NY,ALLEGANY,G3600030,19695,Republican,14407,73.15054582381315
NY,ALLEGANY,G3600030,19695,Other,392,1.9903528814419904
NY,BRONX,G3600050,574268,Democratic,324117,56.44002451816922
NY,BRONX,G3600050,574268,Republican,182388,31.760084141898904
NY,BRONX,G3600050,574268,Other,67706,11.789965660632317
NY,BROOME,G3600070,94985,Democratic,36997,38.95036058324999
NY,BROOME,G3600070,94985,Republican,56459,59.43991156498395
NY,BROOME,G3600070,94985,Other,1520,1.6002526714744434
NY,CATTARAUGUS,G3600090,36573,Democratic,13737,37.56049544746124
NY,CATTARAUGUS,G3600090,36573,Republican,21746,59.45916386405272
NY,CATTARAUGUS,G3600090,36573,Other,1083,2.961200885899434
NY,CAYUGA,G3600110,37717,Democratic,16565,43.91918763422329
NY,CAYUGA,G3600110,37717,Republican,20435,54.17981281650184
NY,CAYUGA,G3600110,37717,Other,709,1.8797889545828141
NY,CHAUTAUQUA,G3600130,66030,Democratic,26940,40.79963652885053
NY,CHAUTAUQUA,G3600130,66030,Republican,37835,57.299712252006664
NY,CHAUTAUQUA,G3600130,66030,Other,1248,1.890049977283053
NY,CHEMUNG,G3600150,44396,Democratic,17150,38.62960627083521
NY,CHEMUNG,G3600150,44396,Republican,26469,59.620236057302456
NY,CHEMUNG,G3600150,44396,Other,772,1.73889539598162
NY,CHENANGO,G3600170,20204,Democratic,5188,25.678083547812314
NY,CHENANGO,G3600170,20204,Republican,14533,71.93130073252821
NY,CHENANGO,G3600170,20204,Other,481,2.380716689764403
NY,CLINTON,G3600190,24951,Democratic,12675,50.79956715161716
NY,CLINTON,G3600190,24951,Republican,11153,44.699611238026534
NY,CLINTON,G3600190,24951,Other,1120,4.4887980441665665
NY,COLUMBIA,G3600210,24664,Democratic,8003,32.448102497567305
NY,COLUMBIA,G3600210,24664,Republican,15891,64.42993837171585
NY,COLUMBIA,G3600210,24664,Other,765,3.1016866688290627
NY,CORTLAND,G3600230,18235,Democratic,5635,30.902111324376197
NY,CORTLAND,G3600230,18235,Republican,12305,67.48012064710721
NY,CORTLAND,G3600230,18235,Other,294,1.6122840690978888
NY,DELAWARE,G3600250,22011,Democratic,5430,24.669483440098134
NY,DELAWARE,G3600250,22011,Republican,16334,74.20835037026941
NY,DELAWARE,G3600250,22011,Other,242,1.0994502748625687
NY,DUTCHESS,G3600270,76001,Democratic,28348,37.29950921698399
NY,DUTCHESS,G3600270,76001,Republican,46102,60.65972816147156
NY,DUTCHESS,G3600270,76001,Other,1535,2.0197102669701716
NY,ERIE,G3600290,489564,Democratic,262798,53.680009150999666
NY,ERIE,G3600290,489564,Republican,211932,43.289947790278696
NY,ERIE,G3600290,489564,Other,14736,3.0100252469544326
NY,ESSEX,G3600310,17901,Democratic,5922,33.08195072900955
NY,ESSEX,G3600310,17901,Republican,11557,64.56063907044299
NY,ESSEX,G3600310,17901,Other,421,2.3518239204513716
NY,FRANKLIN,G3600330,19358,Democratic,9158,47.30860626097738
NY,FRANKLIN,G3600330,19358,Republican,9385,48.481248062816405
NY,FRANKLIN,G3600330,19358,Other,813,4.199814030375039
NY,FULTON,G3600350,24883,Democratic,9794,39.3602057629707
NY,FULTON,G3600350,24883,Republican,14455,58.09186995137242
NY,FULTON,G3600350,24883,Other,632,2.5398866696137925
NY,GENESEE,G3600370,25085,Democratic,9640,38.42934024317321
NY,GENESEE,G3600370,25085,Republican,14722,58.6884592385888
NY,GENESEE,G3600370,25085,Other,717,2.85828184173809
NY,GREENE,G3600390,18320,Democratic,6181,33.73908296943232
NY,GREENE,G3600390,18320,Republican,11877,64.83078602620087
NY,GREENE,G3600390,18320,Other,258,1.4082969432314412
NY,HAMILTON,G3600410,2964,Democratic,747,25.202429149797574
NY,HAMILTON,G3600410,2964,Republican,2168,73.14439946018894
NY,HAMILTON,G3600410,2964,Other,49,1.6531713900134952
NY,HERKIMER,G3600430,32768,Democratic,13835,42.2210693359375
NY,HERKIMER,G3600430,32768,Republican,17757,54.1900634765625
NY,HERKIMER,G3600430,32768,Other,1173,3.5797119140625
NY,JEFFERSON,G3600450,40114,Democratic,14618,36.44114274318193
NY,JEFFERSON,G3600450,40114,Republican,24289,60.54993269182829
NY,JEFFERSON,G3600450,40114,Other,1199,2.988981403001446
NY,KINGS,G3600470,977245,Democratic,549700,56.24996802234854
NY,KINGS,G3600470,977245,Republican,327475,33.510020516861175
NY,KINGS,G3600470,977245,Other,99972,10.229983269292758
NY,LEWIS,G3600490,10697,Democratic,3869,36.169019351219966
NY,LEWIS,G3600490,10697,Republican,6631,61.98934280639432
NY,LEWIS,G3600490,10697,Other,195,1.822941011498551
NY,LIVINGSTON,G3600510,21453,Democratic,7243,33.76217778399291
NY,LIVINGSTON,G3600510,21453,Republican,13681,63.771966624714494
NY,LIVINGSTON,G3600510,21453,Other,528,2.4611942385680328
NY,MADISON,G3600530,24694,Democratic,7984,32.3317405037661
NY,MADISON,G3600530,24694,Republican,16244,65.78116141572852
NY,MADISON,G3600530,24694,Other,464,1.878998947112659
NY,MONROE,G3600550,289948,Democratic,137058,47.269855284395824
NY,MONROE,G3600550,289948,Republican,148395,51.17986673472485
NY,MONROE,G3600550,289948,Other,4436,1.529929504600825
NY,MONTGOMERY,G3600570,30827,Democratic,15229,49.40149868621663
NY,MONTGOMERY,G3600570,30827,Republican,14834,48.12015441009505
NY,MONTGOMERY,G3600570,30827,Other,758,2.458883446329516
NY,NASSAU,G3600590,588283,Democratic,243255,41.34999651528261
NY,NASSAU,G3600590,588283,Republican,324203,55.110040575709306
NY,NASSAU,G3600590,588283,Other,20708,3.5200745219562695
NY,NEW YORK,G3600610,635536,Democratic,346748,54.559930515344526
NY,NEW YORK,G3600610,635536,Republican,217226,34.17996777523224
NY,NEW YORK,G3600610,635536,Other,71434,11.239961229576295
NY,NIAGARA,G3600630,101765,Democratic,48908,48.059745492065055
NY,NIAGARA,G3600630,101765,Republican,49997,49.12985800619074
NY,NIAGARA,G3600630,101765,Other,2849,2.7995872844298137
NY,ONEIDA,G3600650,122981,Democratic,59781,48.609947878127514
NY,ONEIDA,G3600650,122981,Republican,59511,48.39040176937901
NY,ONEIDA,G3600650,122981,Other,3665,2.9801351428269407
NY,ONONDAGA,G3600670,198156,Democratic,87506,44.16015664426008
NY,ONONDAGA,G3600670,198156,Republican,107163,54.08011869436202
NY,ONONDAGA,G3600670,198156,Other,3448,1.7400431982882172
NY,ONTARIO,G3600690,31931,Democratic,11479,35.949390874072215
NY,ONTARIO,G3600690,31931,Republican,19654,61.551470357959346
NY,ONTARIO,G3600690,31931,Other,795,2.489743509442235
NY,ORANGE,G3600710,80179,Democratic,29185,36.39980543533843
NY,ORANGE,G3600710,80179,Republican,48645,60.67049975679417
NY,ORANGE,G3600710,80179,Other,2333,2.909739457962808
NY,ORLEANS,G3600730,15864,Democratic,5264,33.182047402924866
NY,ORLEANS,G3600730,15864,Republican,10343,65.19793242561775
NY,ORLEANS,G3600730,15864,Other,254,1.601109430156329
NY,OSWEGO,G3600750,39568,Democratic,14822,37.459563283461385
NY,OSWEGO,G3600750,39568,Republican,24010,60.680347755762234
NY,OSWEGO,G3600750,39568,Other,728,1.8398706025070766
NY,OTSEGO,G3600770,25347,Democratic,7531,29.711602951039573
NY,OTSEGO,G3600770,25347,Republican,17421,68.73002722215647
NY,OTSEGO,G3600770,25347,Other,393,1.5504793466682447
NY,PUTNAM,G3600790,19986,Democratic,7119,35.619933953767635
NY,PUTNAM,G3600790,19986,Republican,11946,59.77184028820174
NY,PUTNAM,G3600790,19986,Other,919,4.598218753127189
NY,QUEENS,G3600810,815886,Democratic,389830,47.77995945511996
NY,QUEENS,G3600810,815886,Republican,367638,45.05997161368132
NY,QUEENS,G3600810,815886,Other,58254,7.13996808377641
NY,RENSSELAER,G3600830,76294,Democratic,33478,43.880252706634856
NY,RENSSELAER,G3600830,76294,Republican,40123,52.589980863501715
NY,RENSSELAER,G3600830,76294,Other,2686,3.520591396440087
NY,RICHMOND,G3600850,89122,Democratic,35613,39.95983034492044
NY,RICHMOND,G3600850,89122,Republican,50354,56.500078544018315
NY,RICHMOND,G3600850,89122,Other,3137,3.5198940777810197
NY,ROCKLAND,G3600870,60390,Democratic,25593,42.37953303527074
NY,ROCKLAND,G3600870,60390,Republican,33106,54.82033449246564
NY,ROCKLAND,G3600870,60390,Other,1685,2.7901970524921342
NY,ST LAWRENCE,G3600890,45302,Democratic,18275,40.34038232307625
NY,ST LAWRENCE,G3600890,45302,Republican,25845,57.05046134828484
NY,ST LAWRENCE,G3600890,45302,Other,1173,2.589289656085824
NY,SARATOGA,G3600910,43248,Democratic,16374,37.860710321864595
NY,SARATOGA,G3600910,43248,Republican,25032,57.880133185349614
NY,SARATOGA,G3600910,43248,Other,1838,4.249907510173881
NY,SCHENECTADY,G3600930,77248,Democratic,34460,44.60956917978459
NY,SCHENECTADY,G3600930,77248,Republican,40177,52.01040803645402
NY,SCHENECTADY,G3600930,77248,Other,2603,3.3696665285832643
NY,SCHOHARIE,G3600950,12002,Democratic,4096,34.127645392434594
NY,SCHOHARIE,G3600950,12002,Republican,7643,63.681053157807035
NY,SCHOHARIE,G3600950,12002,Other,260,2.1663056157307117
NY,SCHUYLER,G3600970,7527,Democratic,2156,28.643549887073206
NY,SCHUYLER,G3600970,7527,Republican,5200,69.08462867012089
NY,SCHUYLER,G3600970,7527,Other,169,2.2452504317789295
NY,SENECA,G3600990,14435,Democratic,5270,36.50848631797714
NY,SENECA,G3600990,14435,Republican,8740,60.54728091444406
NY,SENECA,G3600990,14435,Other,423,2.930377554554901
NY,STEUBEN,G3601010,43549,Democratic,13465,30.919194470596338
NY,STEUBEN,G3601010,43549,Republican,29635,68.04978300305403
NY,STEUBEN,G3601010,43549,Other,440,1.0103561505430665
NY,SUFFOLK,G3601030,280924,Democratic,107201,38.16014295681394
NY,SUFFOLK,G3601030,280924,Republican,166616,59.309991314376845
NY,SUFFOLK,G3601030,280924,Other,7051,2.5099315117255916
NY,SULLIVAN,G3601050,25279,Democratic,10185,40.29035958700898
NY,SULLIVAN,G3601050,25279,Republican,13742,54.36132758416077
NY,SULLIVAN,G3601050,25279,Other,1350,5.340401123462162
NY,TIOGA,G3601070,17431,Democratic,4670,26.791348746486143
NY,TIOGA,G3601070,17431,Republican,12571,72.11863920601228
NY,TIOGA,G3601070,17431,Other,187,1.072801330962079
NY,TOMPKINS,G3601090,25733,Democratic,7596,29.518517079236776
NY,TOMPKINS,G3601090,25733,Republican,17061,66.3000816072747
NY,TOMPKINS,G3601090,25733,Other,1073,4.169743131387713
NY,ULSTER,G3601110,59500,Democratic,20522,34.49075630252101
NY,ULSTER,G3601110,59500,Republican,36414,61.199999999999996
NY,ULSTER,G3601110,59500,Other,2559,4.300840336134454
NY,WARREN,G3601130,21778,Democratic,6727,30.888970520708973
NY,WARREN,G3601130,21778,Republican,14432,66.26871154375976
NY,WARREN,G3601130,21778,Other,616,2.828542565892185
NY,WASHINGTON,G3601150,23317,Democratic,7869,33.747909250761246
NY,WASHINGTON,G3601150,23317,Republican,15035,64.48085088133122
NY,WASHINGTON,G3601150,23317,Other,408,1.7497962859716085
NY,WAYNE,G3601170,30777,Democratic,8664,28.1508918997953
NY,WAYNE,G3601170,30777,Republican,21288,69.1685349449264
NY,WAYNE,G3601170,30777,Other,822,2.670825616531826
NY,WESTCHESTER,G3601190,396627,Democratic,154843,39.03995441560963
NY,WESTCHESTER,G3601190,396627,Republican,224531,56.61011479299191
NY,WESTCHESTER,G3601190,396627,Other,17214,4.340097875333751
NY,WYOMING,G3601210,16307,Democratic,5297,32.48298276813638
NY,WYOMING,G3601210,16307,Republican,10792,66.18016802600111
NY,WYOMING,G3601210,16307,Other,215,1.3184521984423867
NY,YATES,G3601230,9308,Democratic,2228,23.936398796733993
NY,YATES,G3601230,9308,Republican,6892,74.04383326171036
NY,YATES,G3601230,9308,Other,186,1.9982810485603784
PA,ADAMS,G4200010,20854,Democratic,7893,37.8488539368946
PA,ADAMS,G4200010,20854,Republican,12932,62.01208401265944
PA,ADAMS,G4200010,20854,Other,25,0.11988107797065312
PA,ALLEGHENY,G4200030,750718,Democratic,428435,57.07003162305953
PA,ALLEGHENY,G4200030,750718,Republican,320932,42.750007326319604
PA,ALLEGHENY,G4200030,750718,Other,1276,0.16997061479809994
PA,ARMSTRONG,G4200050,34745,Democratic,14798,42.59030076269967
PA,ARMSTRONG,G4200050,34745,Republican,19881,57.219743848035684
PA,ARMSTRONG,G4200050,34745,Other,63,0.18132105338897683
PA,BEAVER,G4200070,84190,Democratic,47180,56.039909727996196
PA,BEAVER,G4200070,84190,Republican,36791,43.69996436631428
PA,BEAVER,G4200070,84190,Other,210,0.2494357999762442
PA,BEDFORD,G4200090,18604,Democratic,6030,32.41238443345517
PA,BEDFORD,G4200090,18604,Republican,12541,67.41023435820253
PA,BEDFORD,G4200090,18604,Other,32,0.17200602021070738
PA,BERKS,G4200110,112706,Democratic,50571,44.86983834046102
PA,BERKS,G4200110,112706,Republican,61740,54.77969229677213
PA,BERKS,G4200110,112706,Other,383,0.3398221922524089
PA,BLAIR,G4200130,54809,Democratic,19441,35.47045193307669
PA,BLAIR,G4200130,54809,Republican,35292,64.39088470871572
PA,BLAIR,G4200130,54809,Other,66,0.12041817949606816
PA,BRADFORD,G4200150,23205,Democratic,6920,29.82115923292394
PA,BRADFORD,G4200150,23205,Republican,16250,70.02801120448179
PA,BRADFORD,G4200150,23205,Other,32,0.13790131437190262
PA,BUCKS,G4200170,125116,Democratic,57166,45.690399309440835
PA,BUCKS,G4200170,125116,Republican,67500,53.94993446082036
PA,BUCKS,G4200170,125116,Other,438,0.350075130279101
PA,BUTLER,G4200190,46305,Democratic,17804,38.449411510636
PA,BUTLER,G4200190,46305,Republican,28348,61.22017060792571
PA,BUTLER,G4200190,46305,Other,148,0.31961991145664614
PA,CAMBRIA,G4200210,89622,Democratic,52402,58.470018522237844
PA,CAMBRIA,G4200210,89622,Republican,37059,41.350338086630515
PA,CAMBRIA,G4200210,89622,Other,143,0.15955903684363215
PA,CAMERON,G4200230,3487,Democratic,1353,38.801261829652994
PA,CAMERON,G4200230,3487,Republican,2129,61.055348437051904
PA,CAMERON,G4200230,3487,Other,5,0.14338973329509608
PA,CARBON,G4200250,25032,Democratic,12391,49.500639181847234
PA,CARBON,G4200250,25032,Republican,12584,50.271652285075106
PA,CARBON,G4200250,25032,Other,53,0.2117289868967721
PA,CENTRE,G4200270,27004,Democratic,8601,31.850836913049918
PA,CENTRE,G4200270,27004,Republican,18355,67.97141164271959
PA,CENTRE,G4200270,27004,Other,46,0.1703451340542142
PA,CHESTER,G4200290,83373,Democratic,30164,36.17957852062418
PA,CHESTER,G4200290,83373,Republican,53059,63.640507118611545
PA,CHESTER,G4200290,83373,Other,142,0.17031892819018146
PA,CLARION,G4200310,15847,Democratic,5505,34.73843629709093
PA,CLARION,G4200310,15847,Republican,10307,65.04070171010285
PA,CLARION,G4200310,15847,Other,33,0.2082413075029974
PA,CLEARFIELD,G4200330,33195,Democratic,14211,42.81066425666516
PA,CLEARFIELD,G4200330,33195,Republican,18908,56.960385600241004
PA,CLEARFIELD,G4200330,33195,Other,70,0.21087513179695738
PA,CLINTON,G4200350,15161,Democratic,5964,39.33777455312974
PA,CLINTON,G4200350,15161,Republican,9183,60.56988325308357
PA,CLINTON,G4200350,15161,Other,11,0.07255458083239892
PA,COLUMBIA,G4200370,24651,Democratic,9321,37.811853474504076
PA,COLUMBIA,G4200370,24651,Republican,15308,62.09890065311752
PA,COLUMBIA,G4200370,24651,Other,17,0.0689627195651292
PA,CRAWFORD,G4200390,30906,Democratic,12047,38.979486183912506
PA,CRAWFORD,G4200390,30906,Republican,18754,60.68077395974891
PA,CRAWFORD,G4200390,30906,Other,102,0.33003300330033003
PA,CUMBERLAND,G4200410,51801,Democratic,15965,30.81986834230999
PA,CUMBERLAND,G4200410,51801,Republican,35634,68.79017779579544
PA,CUMBERLAND,G4200410,51801,Other,197,0.38030153858033633
PA,DAUPHIN,G4200430,96115,Democratic,33957,35.329553139468345
PA,DAUPHIN,G4200430,96115,Republican,61725,64.21994485772252
PA,DAUPHIN,G4200430,96115,Other,423,0.4400977995110024
PA,DELAWARE,G4200450,260783,Democratic,124628,47.78992495676482
PA,DELAWARE,G4200450,260783,Republican,135659,52.0198785963809
PA,DELAWARE,G4200450,260783,Other,469,0.17984301123922955
PA,ELK,G4200470,15567,Democratic,8397,53.941029100019264
PA,ELK,G4200470,15567,Republican,7155,45.96261322027366
PA,ELK,G4200470,15567,Other,12,0.07708614376565812
PA,ERIE,G4200490,105543,Democratic,53721,50.899633324806004
PA,ERIE,G4200490,105543,Republican,51516,48.81043745203377
PA,ERIE,G4200490,105543,Other,285,0.2700321196100168
PA,FAYETTE,G4200510,68861,Democratic,41558,60.35056127561319
PA,FAYETTE,G4200510,68861,Republican,27117,39.37932937366579
PA,FAYETTE,G4200510,68861,Other,179,0.2599439450487213
PA,FOREST,G4200530,2332,Democratic,828,35.506003430531734
PA,FOREST,G4200530,2332,Republican,1497,64.19382504288164
PA,FOREST,G4200530,2332,Other,7,0.3001715265866209
PA,FRANKLIN,G4200550,34134,Democratic,12087,35.41044120232027
PA,FRANKLIN,G4200550,34134,Republican,22010,64.48116247729536
PA,FRANKLIN,G4200550,34134,Other,34,0.09960742954239175
PA,FULTON,G4200570,4379,Democratic,1672,38.182233386617945
PA,FULTON,G4200570,4379,Republican,2698,61.61224023749714
PA,FULTON,G4200570,4379,Other,9,0.20552637588490524
PA,GREENE,G4200590,17159,Democratic,9643,56.1979136313305
PA,GREENE,G4200590,17159,Republican,7497,43.691357305204264
PA,GREENE,G4200590,17159,Other,15,0.08741768168308177
PA,HUNTINGDON,G4200610,15864,Democratic,4708,29.67725668179526
PA,HUNTINGDON,G4200610,15864,Republican,11116,70.07060010085728
PA,HUNTINGDON,G4200610,15864,Other,36,0.22692889561270801
PA,INDIANA,G4200630,32013,Democratic,13173,41.148908256020995
PA,INDIANA,G4200630,32013,Republican,18753,58.57932714834598
PA,INDIANA,G4200630,32013,Other,80,0.24989847874301063
PA,JEFFERSON,G4200650,21694,Democratic,7810,36.000737531114595
PA,JEFFERSON,G4200650,21694,Republican,13843,63.81027012077072
PA,JEFFERSON,G4200650,21694,Other,37,0.17055407024983868
PA,JUNIATA,G4200670,7431,Democratic,2615,35.19041851702328
PA,JUNIATA,G4200670,7431,Republican,4805,64.66155295384202
PA,JUNIATA,G4200670,7431,Other,10,0.13457139012245997
PA,LACKAWANNA,G4200690,129783,Democratic,80089,61.709931192837274
PA,LACKAWANNA,G4200690,129783,Republican,49629,38.239985206074756
PA,LACKAWANNA,G4200690,129783,Other,39,0.03005016065278195
PA,LANCASTER,G4200710,111889,Democratic,33231,29.699970506484103
PA,LANCASTER,G4200710,111889,Republican,78389,70.05961265182458
PA,LANCASTER,G4200710,111889,Other,257,0.22969192682033088
PA,LAWRENCE,G4200730,48064,Democratic,24306,50.570073235685754
PA,LAWRENCE,G4200730,48064,Republican,23643,49.19066245006658
PA,LAWRENCE,G4200730,48064,Other,106,0.22053928095872172
PA,LEBANON,G4200750,37353,Democratic,11759,31.480737825609722
PA,LEBANON,G4200750,37353,Republican,25523,68.32918373356893
PA,LEBANON,G4200750,37353,Other,64,0.17133831285305062
PA,LEHIGH,G4200770,94167,Democratic,39635,42.090116495162846
PA,LEHIGH,G4200770,94167,Republican,54278,57.640149946371864
PA,LEHIGH,G4200770,94167,Other,245,0.26017607017320293
PA,LUZERNE,G4200790,174271,Democratic,102994,59.09990761515112
PA,LUZERNE,G4200790,174271,Republican,70702,40.57014649597466
PA,LUZERNE,G4200790,174271,Other,558,0.320190966942291
PA,LYCOMING,G4200810,48482,Democratic,18350,37.84909863454478
PA,LYCOMING,G4200810,48482,Republican,30078,62.03951982178953
PA,LYCOMING,G4200810,48482,Other,44,0.09075533187574769
PA,MCKEAN,G4200830,21532,Democratic,7767,36.07189299647037
PA,MCKEAN,G4200830,21532,Republican,13699,63.621586475942784
PA,MCKEAN,G4200830,21532,Other,65,0.30187627716886495
PA,MERCER,G4200850,53480,Democratic,24242,45.32909498878085
PA,MERCER,G4200850,53480,Republican,29104,54.42034405385191
PA,MERCER,G4200850,53480,Other,123,0.2299925205684368
PA,MIFFLIN,G4200870,15203,Democratic,4815,31.67138064855621
PA,MIFFLIN,G4200870,15203,Republican,10314,67.84187331447741
PA,MIFFLIN,G4200870,15203,Other,71,0.46701308952180487
PA,MONROE,G4200890,17726,Democratic,6310,35.59742750761593
PA,MONROE,G4200890,17726,Republican,11299,63.742525104366464
PA,MONROE,G4200890,17726,Other,113,0.6374816653503329
PA,MONTGOMERY,G4200910,235326,Democratic,92201,39.18011609426922
PA,MONTGOMERY,G4200910,235326,Republican,142796,60.68007784945139
PA,MONTGOMERY,G4200910,235326,Other,306,0.130032380612427
PA,MONTOUR,G4200930,6791,Democratic,2629,38.71300250331321
PA,MONTOUR,G4200930,6791,Republican,4153,61.154469150346046
PA,MONTOUR,G4200930,6791,Other,7,0.1030776027094684
PA,NORTHAMPTON,G4200950,82306,Democratic,41548,50.47991640949627
PA,NORTHAMPTON,G4200950,82306,Republican,40676,49.42045537384881
PA,NORTHAMPTON,G4200950,82306,Other,66,0.08018856462469322
PA,NORTHUMBERLAND,G4200970,49841,Democratic,22229,44.59982745129512
PA,NORTHUMBERLAND,G4200970,49841,Republican,27567,55.30988543568548
PA,NORTHUMBERLAND,G4200970,49841,Other,40,0.08025521157280151
PA,PERRY,G4200990,11570,Democratic,3412,29.490060501296455
PA,PERRY,G4200990,11570,Republican,8134,70.30250648228177
PA,PERRY,G4200990,11570,Other,22,0.19014693171996544
PA,PHILADELPHIA,G4201010,915277,Democratic,622480,68.01001226950967
PA,PHILADELPHIA,G4201010,915277,Republican,290967,31.790048258614608
PA,PHILADELPHIA,G4201010,915277,Other,1647,0.1799455246881545
PA,PIKE,G4201030,5683,Democratic,1676,29.491465775118776
PA,PIKE,G4201030,5683,Republican,4000,70.38535984515221
PA,PIKE,G4201030,5683,Other,7,0.12317437972901636
PA,POTTER,G4201050,7830,Democratic,2715,34.67432950191571
PA,POTTER,G4201050,7830,Republican,5099,65.1213282247765
PA,POTTER,G4201050,7830,Other,16,0.20434227330779056
PA,SCHUYLKILL,G4201070,88687,Democratic,44423,50.089641097342344
PA,SCHUYLKILL,G4201070,88687,Republican,44184,49.820154024828895
PA,SCHUYLKILL,G4201070,88687,Other,62,0.06990878031729565
PA,SNYDER,G4201090,10117,Democratic,1997,19.73905307897598
PA,SNYDER,G4201090,10117,Republican,8103,80.09291291884946
PA,SNYDER,G4201090,10117,Other,15,0.14826529603637442
PA,SOMERSET,G4201110,35335,Democratic,14738,41.70935333238998
PA,SOMERSET,G4201110,35335,Republican,20551,58.16046412905052
PA,SOMERSET,G4201110,35335,Other,39,0.11037215225696902
PA,SULLIVAN,G4201130,3284,Democratic,1471,44.792935444579776
PA,SULLIVAN,G4201130,3284,Republican,1808,55.05481120584653
PA,SULLIVAN,G4201130,3284,Other,5,0.1522533495736906
PA,SUSQUEHANNA,G4201150,15970,Democratic,5759,36.06136505948654
PA,SUSQUEHANNA,G4201150,15970,Republican,10200,63.869755792110205
PA,SUSQUEHANNA,G4201150,15970,Other,8,0.050093926111458985
PA,TIOGA,G4201170,15173,Democratic,4075,26.85691689184736
PA,TIOGA,G4201170,15173,Republican,11081,73.03104198246886
PA,TIOGA,G4201170,15173,Other,14,0.09226916232781915
PA,UNION,G4201190,9472,Democratic,1993,21.04096283783784
PA,UNION,G4201190,9472,Republican,7466,78.82179054054053
PA,UNION,G4201190,9472,Other,12,0.1266891891891892
PA,VENANGO,G4201210,25280,Democratic,8062,31.890822784810126
PA,VENANGO,G4201210,25280,Republican,17193,68.01028481012659
PA,VENANGO,G4201210,25280,Other,23,0.09098101265822785
PA,WARREN,G4201230,18195,Democratic,6525,35.86150041220115
PA,WARREN,G4201230,18195,Republican,11610,63.80873866446826
PA,WARREN,G4201230,18195,Other,58,0.31876889255289914
PA,WASHINGTON,G4201250,92197,Democratic,53723,58.26979185873727
PA,WASHINGTON,G4201250,92197,Republican,38345,41.59029035651919
PA,WASHINGTON,G4201250,92197,Other,120,0.1301560788311984
PA,WAYNE,G4201270,13811,Democratic,4424,32.032437911809424
PA,WAYNE,G4201270,13811,Republican,9360,67.77206574469625
PA,WAYNE,G4201270,13811,Other,25,0.1810151328651075
PA,WESTMORELAND,G4201290,154840,Democratic,85627,55.30030999741668
PA,WESTMORELAND,G4201290,154840,Republican,68811,44.44006716610695
PA,WESTMORELAND,G4201290,154840,Other,372,0.24024799793335055
PA,WYOMING,G4201310,8921,Democratic,2725,30.545902925680977
PA,WYOMING,G4201310,8921,Republican,6188,69.36442102903261
PA,WYOMING,G4201310,8921,Other,6,0.06725703396480216
PA,YORK,G4201330,95479,Democratic,39156,41.0100650404801
PA,YORK,G4201330,95479,Republican,55913,58.560521161721425
PA,YORK,G4201330,95479,Other,391,0.4095141339980519
IL,ADAMS,G1700010,33529,Democratic,14827,44.22142026305586
IL,ADAMS,G1700010,33529,Republican,18672,55.689104953920484
IL,ADAMS,G1700010,33529,Other,27,0.08052730472128605
IL,ALEXANDER,G1700030,8638,Democratic,4476,51.81755035887937
IL,ALEXANDER,G1700030,8638,Republican,4143,47.96249131743459
IL,ALEXANDER,G1700030,8638,Other,17,0.19680481592961332
IL,BOND,G1700050,7162,Democratic,2855,39.86316671320861
IL,BOND,G1700050,7162,Republican,4296,59.983244903658196
IL,BOND,G1700050,7162,Other,9,0.12566322256352974
IL,BOONE,G1700070,9162,Democratic,2605,28.432656625191004
IL,BOONE,G1700070,9162,Republican,6552,71.51277013752456
IL,BOONE,G1700070,9162,Other,5,0.05457323728443571
IL,BROWN,G1700090,3740,Democratic,1849,49.43850267379679
IL,BROWN,G1700090,3740,Republican,1889,50.50802139037434
IL,BROWN,G1700090,3740,Other,2,0.053475935828877004
IL,BUREAU,G1700110,20407,Democratic,7785,38.148674474445045
IL,BUREAU,G1700110,20407,Republican,12595,61.71901798402509
IL,BUREAU,G1700110,20407,Other,22,0.10780614495026217
IL,CALHOUN,G1700130,3267,Democratic,1608,49.219467401285584
IL,CALHOUN,G1700130,3267,Republican,1654,50.62748699112335
IL,CALHOUN,G1700130,3267,Other,5,0.15304560759106214
IL,CARROLL,G1700150,9418,Democratic,3097,32.88383945636016
IL,CARROLL,G1700150,9418,Republican,6282,66.70205988532597
IL,CARROLL,G1700150,9418,Other,39,0.4141006583138671
IL,CASS,G1700170,7715,Democratic,3692,47.854828256642904
IL,CASS,G1700170,7715,Republican,4015,52.041477640959165
IL,CASS,G1700170,7715,Other,8,0.10369410239792613
IL,CHAMPAIGN,G1700190,45441,Democratic,17113,37.65982262714289
IL,CHAMPAIGN,G1700190,45441,Republican,27792,61.16062586650822
IL,CHAMPAIGN,G1700190,45441,Other,532,1.1707488831671837
IL,CHRISTIAN,G1700210,19485,Democratic,10206,52.37875288683603
IL,CHRISTIAN,G1700210,19485,Republican,9261,47.52886836027714
IL,CHRISTIAN,G1700210,19485,Other,14,0.0718501411342058
IL,CLARK,G1700230,9273,Democratic,3948,42.57521837593012
IL,CLARK,G1700230,9273,Republican,5319,57.36007764477515
IL,CLARK,G1700230,9273,Other,5,0.05391998274560553
IL,CLAY,G1700250,8538,Democratic,3394,39.751698289997655
IL,CLAY,G1700250,8538,Republican,5134,60.13117826188803
IL,CLAY,G1700250,8538,Other,9,0.10541110330288123
IL,CLINTON,G1700270,11903,Democratic,6187,51.97849281693691
IL,CLINTON,G1700270,11903,Republican,5709,47.96269847937495
IL,CLINTON,G1700270,11903,Other,6,0.05040746030412502
IL,COLES,G1700290,20814,Democratic,8627,41.44806380320938
IL,COLES,G1700290,20814,Republican,12166,58.45104256750264
IL,COLES,G1700290,20814,Other,19,0.0912847122129336
IL,COOK,G1700310,2445269,Democratic,1378154,56.36001601459798
IL,COOK,G1700310,2445269,Republican,1059535,43.32999764034141
IL,COOK,G1700310,2445269,Other,7091,0.28998854522753936
IL,CRAWFORD,G1700330,11058,Democratic,4244,38.379453789111956
IL,CRAWFORD,G1700330,11058,Republican,6808,61.56628685114849
IL,CRAWFORD,G1700330,11058,Other,3,0.02712967986977754
IL,CUMBERLAND,G1700350,5500,Democratic,2474,44.981818181818184
IL,CUMBERLAND,G1700350,5500,Republican,3019,54.89090909090909
IL,CUMBERLAND,G1700350,5500,Other,5,0.09090909090909091
IL,DE KALB,G1700370,22388,Democratic,6781,30.288547436126496
IL,DE KALB,G1700370,22388,Republican,15584,69.60871895658389
IL,DE KALB,G1700370,22388,Other,18,0.08040021440057174
IL,DE WITT,G1700390,8689,Democratic,3607,41.51225687651053
IL,DE WITT,G1700390,8689,Republican,5074,58.39567268960755
IL,DE WITT,G1700390,8689,Other,8,0.09207043388191967
IL,DOUGLAS,G1700410,9299,Democratic,3532,37.98257877191096
IL,DOUGLAS,G1700410,9299,Republican,5761,61.9528981610926
IL,DOUGLAS,G1700410,9299,Other,6,0.06452306699645123
IL,DU PAGE,G1700430,145445,Democratic,44259,30.430059472652893
IL,DU PAGE,G1700430,145445,Republican,101012,69.45030767644127
IL,DU PAGE,G1700430,145445,Other,160,0.11000721922376157
IL,EDGAR,G1700450,12376,Democratic,5023,40.58661926308985
IL,EDGAR,G1700450,12376,Republican,7348,59.37297996121526
IL,EDGAR,G1700450,12376,Other,4,0.03232062055591467
IL,EDWARDS,G1700470,4745,Democratic,1446,30.47418335089568
IL,EDWARDS,G1700470,4745,Republican,3291,69.35721812434141
IL,EDWARDS,G1700470,4745,Other,8,0.16859852476290835
IL,EFFINGHAM,G1700490,12092,Democratic,5676,46.940125702944094
IL,EFFINGHAM,G1700490,12092,Republican,6410,53.010254713860405
IL,EFFINGHAM,G1700490,12092,Other,5,0.04134965266291763
IL,FAYETTE,G1700510,11504,Democratic,4906,42.64603616133519
IL,FAYETTE,G1700510,11504,Republican,6585,57.24095966620306
IL,FAYETTE,G1700510,11504,Other,10,0.08692628650904034
IL,FORD,G1700530,8478,Democratic,2698,31.82354328851144
IL,FORD,G1700530,8478,Republican,5779,68.16466147676338
IL,FORD,G1700530,8478,Other,1,0.01179523472517103
IL,FRANKLIN,G1700550,23266,Democratic,11368,48.86099888248947
IL,FRANKLIN,G1700550,23266,Republican,11859,50.97137453795237
IL,FRANKLIN,G1700550,23266,Other,35,0.15043410985988137
IL,FULTON,G1700570,22251,Democratic,10193,45.80917711563525
IL,FULTON,G1700570,22251,Republican,11998,53.92117208215361
IL,FULTON,G1700570,22251,Other,58,0.260662442137432
IL,GALLATIN,G1700590,4570,Democratic,2386,52.21006564551423
IL,GALLATIN,G1700590,4570,Republican,2179,47.68052516411379
IL,GALLATIN,G1700590,4570,Other,5,0.10940919037199125
IL,GREENE,G1700610,8344,Democratic,3847,46.10498561840844
IL,GREENE,G1700610,8344,Republican,4487,53.7751677852349
IL,GREENE,G1700610,8344,Other,9,0.10786193672099713
IL,GRUNDY,G1700630,11228,Democratic,4276,38.083363021018876
IL,GRUNDY,G1700630,11228,Republican,6948,61.88101175632348
IL,GRUNDY,G1700630,11228,Other,3,0.026718916993231208
IL,HAMILTON,G1700650,6454,Democratic,2638,40.873876665633716
IL,HAMILTON,G1700650,6454,Republican,3804,58.94019212891231
IL,HAMILTON,G1700650,6454,Other,11,0.17043693833281687
IL,HANCOCK,G1700670,12990,Democratic,4947,38.083140877598154
IL,HANCOCK,G1700670,12990,Republican,8036,61.86297151655119
IL,HANCOCK,G1700670,12990,Other,6,0.046189376443418015
IL,HARDIN,G1700690,3413,Democratic,1465,42.92411368297685
IL,HARDIN,G1700690,3413,Republican,1944,56.95868737181365
IL,HARDIN,G1700690,3413,Other,4,0.11719894520949312
IL,HENDERSON,G1700710,4273,Democratic,1697,39.714486309384505
IL,HENDERSON,G1700710,4273,Republican,2572,60.191902644512055
IL,HENDERSON,G1700710,4273,Other,4,0.0936110461034402
IL,HENRY,G1700730,24690,Democratic,10370,42.00081004455245
IL,HENRY,G1700730,24690,Republican,14296,57.9019846091535
IL,HENRY,G1700730,24690,Other,20,0.08100445524503848
IL,IROQUOIS,G1700750,17213,Democratic,5820,33.81165398245512
IL,IROQUOIS,G1700750,17213,Republican,11374,66.077964329286
IL,IROQUOIS,G1700750,17213,Other,15,0.08714343809911114
IL,JACKSON,G1700770,19112,Democratic,8526,44.610715780661366
IL,JACKSON,G1700770,19112,Republican,10567,55.28987023859355
IL,JACKSON,G1700770,19112,Other,15,0.07848472164085392
IL,JASPER,G1700790,6421,Democratic,3027,47.14218969007943
IL,JASPER,G1700790,6421,Republican,3393,52.84223641177387
IL,JASPER,G1700790,6421,Other,1,0.01557389814670612
IL,JEFFERSON,G1700810,17625,Democratic,7783,44.15886524822695
IL,JEFFERSON,G1700810,17625,Republican,9840,55.82978723404255
IL,JEFFERSON,G1700810,17625,Other,0,0
IL,JERSEY,G1700830,8343,Democratic,4086,48.975188781014026
IL,JERSEY,G1700830,8343,Republican,4247,50.90495025770107
IL,JERSEY,G1700830,8343,Other,8,0.0958887690279276
IL,JO DAVIESS,G1700850,10417,Democratic,4293,41.211481232600555
IL,JO DAVIESS,G1700850,10417,Republican,6111,58.66372276087165
IL,JO DAVIESS,G1700850,10417,Other,13,0.12479600652779112
IL,JOHNSON,G1700870,4197,Democratic,1413,33.666904932094354
IL,JOHNSON,G1700870,4197,Republican,2778,66.19013581129379
IL,JOHNSON,G1700870,4197,Other,6,0.14295925661186562
IL,KANE,G1700890,86761,Democratic,31277,36.04960754255945
IL,KANE,G1700890,86761,Republican,55388,63.839743663627665
IL,KANE,G1700890,86761,Other,87,0.10027546939293001
IL,KANKAKEE,G1700910,37452,Democratic,17112,45.690483819288694
IL,KANKAKEE,G1700910,37452,Republican,20310,54.229413649471326
IL,KANKAKEE,G1700910,37452,Other,22,0.05874185624265727
IL,KENDALL,G1700930,8228,Democratic,2241,27.236266407389405
IL,KENDALL,G1700930,8228,Republican,5974,72.60573650947983
IL,KENDALL,G1700930,8228,Other,11,0.1336898395721925
IL,KNOX,G1700950,29850,Democratic,11886,39.81909547738694
IL,KNOX,G1700950,29850,Republican,17937,60.09045226130654
IL,KNOX,G1700950,29850,Other,21,0.07035175879396985
IL,LAKE,G1700970,114899,Democratic,46936,40.84978981540309
IL,LAKE,G1700970,114899,Republican,67802,59.010087119992335
IL,LAKE,G1700970,114899,Other,138,0.12010548394677065
IL,LA SALLE,G1700990,55125,Democratic,27529,49.93922902494331
IL,LA SALLE,G1700990,55125,Republican,27551,49.979138321995464
IL,LA SALLE,G1700990,55125,Other,39,0.0707482993197279
IL,LAWRENCE,G1701010,9800,Democratic,3666,37.40816326530612
IL,LAWRENCE,G1701010,9800,Republican,6119,62.43877551020408
IL,LAWRENCE,G1701010,9800,Other,13,0.1326530612244898
IL,LEE,G1701030,16739,Democratic,5895,35.21715753629249
IL,LEE,G1701030,16739,Republican,10833,64.71712766592987
IL,LEE,G1701030,16739,Other,7,0.04181850767668319
IL,LIVINGSTON,G1701050,19783,Democratic,6641,33.56922610321993
IL,LIVINGSTON,G1701050,19783,Republican,13138,66.41055451650408
IL,LIVINGSTON,G1701050,19783,Other,2,0.010109690137997271
IL,LOGAN,G1701070,15090,Democratic,5690,37.70709078860172
IL,LOGAN,G1701070,15090,Republican,9383,62.18025182239894
IL,LOGAN,G1701070,15090,Other,15,0.09940357852882703
IL,MCDONOUGH,G1701090,13893,Democratic,4519,32.5271719571007
IL,MCDONOUGH,G1701090,13893,Republican,9362,67.38645360973152
IL,MCDONOUGH,G1701090,13893,Other,10,0.07197869430648528
IL,MCHENRY,G1701110,38508,Democratic,12658,32.87109172120079
IL,MCHENRY,G1701110,38508,Republican,25785,66.96011218448115
IL,MCHENRY,G1701110,38508,Other,62,0.16100550534953775
IL,MCLEAN,G1701130,38761,Democratic,13969,36.03880188849617
IL,MCLEAN,G1701130,38761,Republican,24757,63.87090116354067
IL,MCLEAN,G1701130,38761,Other,31,0.07997729676736925
IL,MACON,G1701150,53288,Democratic,26026,48.8402642245909
IL,MACON,G1701150,53288,Republican,27150,50.949557123555024
IL,MACON,G1701150,53288,Other,107,0.20079567632487616
IL,MACOUPIN,G1701170,24896,Democratic,13118,52.69119537275064
IL,MACOUPIN,G1701170,24896,Republican,11731,47.12001928020565
IL,MACOUPIN,G1701170,24896,Other,45,0.18075192802056556
IL,MADISON,G1701190,97904,Democratic,54777,55.94970583428665
IL,MADISON,G1701190,97904,Republican,42980,43.90014708285668
IL,MADISON,G1701190,97904,Other,127,0.12971890831835267
IL,MARION,G1701210,20250,Democratic,9115,45.01234567901234
IL,MARION,G1701210,20250,Republican,11119,54.90864197530865
IL,MARION,G1701210,20250,Other,12,0.05925925925925926
IL,MARSHALL,G1701230,7138,Democratic,2981,41.76239843093303
IL,MARSHALL,G1701230,7138,Republican,4149,58.12552535724292
IL,MARSHALL,G1701230,7138,Other,6,0.08405715886803025
IL,MASON,G1701250,8180,Democratic,3823,46.7359413202934
IL,MASON,G1701250,8180,Republican,4336,53.00733496332518
IL,MASON,G1701250,8180,Other,19,0.23227383863080683
IL,MASSAC,G1701270,7171,Democratic,2644,36.87072932645377
IL,MASSAC,G1701270,7171,Republican,4521,63.04560033468135
IL,MASSAC,G1701270,7171,Other,6,0.0836703388648724
IL,MENARD,G1701290,5193,Democratic,2068,39.82283843635663
IL,MENARD,G1701290,5193,Republican,3120,60.08087810514154
IL,MENARD,G1701290,5193,Other,5,0.09628345850182939
IL,MERCER,G1701310,9061,Democratic,3476,38.362211676415406
IL,MERCER,G1701310,9061,Republican,5582,61.60467939521024
IL,MERCER,G1701310,9061,Other,3,0.033108928374351615
IL,MONROE,G1701330,8133,Democratic,3398,41.780400836099844
IL,MONROE,G1701330,8133,Republican,4731,58.170416820361496
IL,MONROE,G1701330,8133,Other,3,0.03688675765400221
IL,MONTGOMERY,G1701350,18007,Democratic,8814,48.94763147664797
IL,MONTGOMERY,G1701350,18007,Republican,9176,50.95796079302494
IL,MONTGOMERY,G1701350,18007,Other,13,0.07219414672071972
IL,MORGAN,G1701370,17062,Democratic,7258,42.53897550111358
IL,MORGAN,G1701370,17062,Republican,9790,57.378970812331495
IL,MORGAN,G1701370,17062,Other,12,0.07033173133278631
IL,MOULTRIE,G1701390,6831,Democratic,3079,45.073927682623335
IL,MOULTRIE,G1701390,6831,Republican,3752,54.926072317376665
IL,MOULTRIE,G1701390,6831,Other,0,0
IL,OGLE,G1701410,18025,Democratic,4791,26.57975034674064
IL,OGLE,G1701410,18025,Republican,13225,73.37031900138696
IL,OGLE,G1701410,18025,Other,5,0.027739251040221912
IL,PEORIA,G1701430,84676,Democratic,39053,46.120506400869196
IL,PEORIA,G1701430,84676,Republican,45522,53.76021540932495
IL,PEORIA,G1701430,84676,Other,85,0.10038263498511975
IL,PERRY,G1701450,11672,Democratic,4957,42.46915695681974
IL,PERRY,G1701450,11672,Republican,6708,57.470870459218645
IL,PERRY,G1701450,11672,Other,6,0.05140507196710075
IL,PIATT,G1701470,7399,Democratic,2889,39.0458170022976
IL,PIATT,G1701470,7399,Republican,4506,60.900121638059204
IL,PIATT,G1701470,7399,Other,4,0.05406135964319503
IL,PIKE,G1701490,11436,Democratic,5461,47.75271073802029
IL,PIKE,G1701490,11436,Republican,5964,52.1511017838405
IL,PIKE,G1701490,11436,Other,9,0.07869884575026233
IL,POPE,G1701510,2665,Democratic,971,36.43527204502814
IL,POPE,G1701510,2665,Republican,1689,63.37711069418387
IL,POPE,G1701510,2665,Other,5,0.18761726078799248
IL,PULASKI,G1701530,4961,Democratic,2322,46.80507962104414
IL,PULASKI,G1701530,4961,Republican,2621,52.83209030437411
IL,PULASKI,G1701530,4961,Other,18,0.36283007458173755
IL,PUTNAM,G1701550,2619,Democratic,1160,44.29171439480718
IL,PUTNAM,G1701550,2619,Republican,1457,55.631920580374185
IL,PUTNAM,G1701550,2619,Other,2,0.07636502481863307
IL,RANDOLPH,G1701570,15347,Democratic,7344,47.85300058643383
IL,RANDOLPH,G1701570,15347,Republican,7987,52.04274451032775
IL,RANDOLPH,G1701570,15347,Other,14,0.09122304033361568
IL,RICHLAND,G1701590,8353,Democratic,3015,36.09481623368849
IL,RICHLAND,G1701590,8353,Republican,5328,63.7854662995331
IL,RICHLAND,G1701590,8353,Other,8,0.09577397342272237
IL,ROCK ISLAND,G1701610,66454,Democratic,33812,50.880308183104106
IL,ROCK ISLAND,G1701610,66454,Republican,32529,48.949649381527074
IL,ROCK ISLAND,G1701610,66454,Other,106,0.1595088331778373
IL,ST CLAIR,G1701630,109751,Democratic,67365,61.37985075306831
IL,ST CLAIR,G1701630,109751,Republican,42046,38.310357081028876
IL,ST CLAIR,G1701630,109751,Other,329,0.29976947818243116
IL,SALINE,G1701650,15707,Democratic,6834,43.509263385751574
IL,SALINE,G1701650,15707,Republican,8852,56.35703826319476
IL,SALINE,G1701650,15707,Other,19,0.12096517476284459
IL,SANGAMON,G1701670,77335,Democratic,35791,46.28046809336006
IL,SANGAMON,G1701670,77335,Republican,41482,53.63936122066335
IL,SANGAMON,G1701670,77335,Other,54,0.06982608133445399
IL,SCHUYLER,G1701690,5164,Democratic,2115,40.95662277304415
IL,SCHUYLER,G1701690,5164,Republican,3047,59.00464756003099
IL,SCHUYLER,G1701690,5164,Other,2,0.03872966692486445
IL,SCOTT,G1701710,3814,Democratic,1543,40.45621394861038
IL,SCOTT,G1701710,3814,Republican,2267,59.438909281594135
IL,SCOTT,G1701710,3814,Other,4,0.1048767697954903
IL,SHELBY,G1701730,12603,Democratic,5719,45.378084583035786
IL,SHELBY,G1701730,12603,Republican,6871,54.51876537332381
IL,SHELBY,G1701730,12603,Other,10,0.07934618741569467
IL,STARK,G1701750,4314,Democratic,1383,32.058414464534074
IL,STARK,G1701750,4314,Republican,2925,67.80250347705146
IL,STARK,G1701750,4314,Other,6,0.13908205841446453
IL,STEPHENSON,G1701770,21995,Democratic,8055,36.621959536258245
IL,STEPHENSON,G1701770,21995,Republican,13870,63.059786315071605
IL,STEPHENSON,G1701770,21995,Other,66,0.30006819731757217
IL,TAZEWELL,G1701790,44526,Democratic,20518,46.08094147239815
IL,TAZEWELL,G1701790,44526,Republican,23964,53.82023985985717
IL,TAZEWELL,G1701790,44526,Other,36,0.08085163724565422
IL,UNION,G1701810,8763,Democratic,4320,49.29818555289284
IL,UNION,G1701810,8763,Republican,4431,50.56487504279357
IL,UNION,G1701810,8763,Other,10,0.11411617026132602
IL,VERMILION,G1701830,46342,Democratic,19700,42.51003409434206
IL,VERMILION,G1701830,46342,Republican,26568,57.33028354408528
IL,VERMILION,G1701830,46342,Other,65,0.140261533813819
IL,WABASH,G1701850,7278,Democratic,3012,41.38499587798846
IL,WABASH,G1701850,7278,Republican,4261,58.546303929651
IL,WABASH,G1701850,7278,Other,4,0.05496015388843088
IL,WARREN,G1701870,11066,Democratic,3834,34.64666546177481
IL,WARREN,G1701870,11066,Republican,7221,65.25393095969638
IL,WARREN,G1701870,11066,Other,10,0.09036688957166095
IL,WASHINGTON,G1701890,8157,Democratic,3092,37.90609292632095
IL,WASHINGTON,G1701890,8157,Republican,5052,61.934534755424785
IL,WASHINGTON,G1701890,8157,Other,11,0.13485350006129704
IL,WAYNE,G1701910,10615,Democratic,3953,37.23975506358926
IL,WAYNE,G1701910,10615,Republican,6651,62.65661799340556
IL,WAYNE,G1701910,10615,Other,8,0.07536504945831371
IL,WHITE,G1701930,10577,Democratic,4755,44.956036683369575
IL,WHITE,G1701930,10577,Republican,5810,54.930509596293845
IL,WHITE,G1701930,10577,Other,11,0.10399924364186443
IL,WHITESIDE,G1701950,26592,Democratic,9110,34.25842358604091
IL,WHITESIDE,G1701950,26592,Republican,17434,65.56107099879664
IL,WHITESIDE,G1701950,26592,Other,45,0.16922382671480143
IL,WILL,G1701970,83712,Democratic,41052,49.039564220183486
IL,WILL,G1701970,83712,Republican,42568,50.85053516819572
IL,WILL,G1701970,83712,Other,75,0.08959288990825688
IL,WILLIAMSON,G1701990,25096,Democratic,11333,45.15859101051961
IL,WILLIAMSON,G1701990,25096,Republican,13730,54.70991393050685
IL,WILLIAMSON,G1701990,25096,Other,28,0.11157156518967166
IL,WINNEBAGO,G1702010,89741,Democratic,40087,44.66966046734491
IL,WINNEBAGO,G1702010,89741,Republican,49537,55.19996434182814
IL,WINNEBAGO,G1702010,89741,Other,108,0.12034632999409411
IL,WOODFORD,G1702030,12509,Democratic,4401,35.18266847869534
IL,WOODFORD,G1702030,12509,Republican,8101,64.76137181229514
IL,WOODFORD,G1702030,12509,Other,6,0.047965464865296986
IN,ADAMS,G1800010,11409,Democratic,4338,38.02261372600578
IN,ADAMS,G1800010,11409,Republican,6971,61.100885266018054
IN,ADAMS,G1800010,11409,Other,98,0.8589709878166361
IN,ALLEN,G1800030,99618,Democratic,39230,39.380433255034234
IN,ALLEN,G1800030,99618,Republican,60100,60.33046236623903
IN,ALLEN,G1800030,99618,Other,279,0.28006986689152563
IN,BARTHOLOMEW,G1800050,23026,Democratic,9289,40.341353252844605
IN,BARTHOLOMEW,G1800050,23026,Republican,13604,59.08103882567532
IN,BARTHOLOMEW,G1800050,23026,Other,129,0.5602362546686355
IN,BENTON,G1800070,6032,Democratic,2399,39.77122015915119
IN,BENTON,G1800070,6032,Republican,3626,60.11273209549072
IN,BENTON,G1800070,6032,Other,7,0.11604774535809018
IN,BLACKFORD,G1800090,7009,Democratic,3228,46.05507205022115
IN,BLACKFORD,G1800090,7009,Republican,3738,53.33143101726352
IN,BLACKFORD,G1800090,7009,Other,43,0.6134969325153374
IN,BOONE,G1800110,14416,Democratic,5376,37.29189789123196
IN,BOONE,G1800110,14416,Republican,8978,62.27802441731409
IN,BOONE,G1800110,14416,Other,59,0.4092674805771366
IN,BROWN,G1800130,3244,Democratic,1533,47.25647348951911
IN,BROWN,G1800130,3244,Republican,1679,51.75709001233045
IN,BROWN,G1800130,3244,Other,32,0.9864364981504316
IN,CARROLL,G1800150,8744,Democratic,3298,37.71729185727356
IN,CARROLL,G1800150,8744,Republican,5411,61.88243366880146
IN,CARROLL,G1800150,8744,Other,33,0.3774016468435499
IN,CASS,G1800170,19577,Democratic,8089,41.31889462123921
IN,CASS,G1800170,19577,Republican,11392,58.190734024620724
IN,CASS,G1800170,19577,Other,94,0.4801552842621444
IN,CLARK,G1800190,27304,Democratic,14430,52.8493993554058
IN,CLARK,G1800190,27304,Republican,12803,46.89056548491063
IN,CLARK,G1800190,27304,Other,68,0.24904775857017286
IN,CLAY,G1800210,12834,Democratic,5342,41.62381175003896
IN,CLAY,G1800210,12834,Republican,7433,57.91647187159109
IN,CLAY,G1800210,12834,Other,58,0.45192457534673525
IN,CLINTON,G1800230,16217,Democratic,6532,40.27871986187334
IN,CLINTON,G1800230,16217,Republican,9620,59.32046617746809
IN,CLINTON,G1800230,16217,Other,63,0.38848122340753527
IN,CRAWFORD,G1800250,5255,Democratic,2305,43.86298763082778
IN,CRAWFORD,G1800250,5255,Republican,2915,55.47098001902949
IN,CRAWFORD,G1800250,5255,Other,35,0.6660323501427212
IN,DAVIESS,G1800270,13763,Democratic,5432,39.46813921383419
IN,DAVIESS,G1800270,13763,Republican,8284,60.19036547264405
IN,DAVIESS,G1800270,13763,Other,44,0.31969774031824455
IN,DEARBORN,G1800290,13854,Democratic,6215,44.860690053414174
IN,DEARBORN,G1800290,13854,Republican,7618,54.987729175689324
IN,DEARBORN,G1800290,13854,Other,18,0.12992637505413598
IN,DECATUR,G1800310,10370,Democratic,4080,39.34426229508197
IN,DECATUR,G1800310,10370,Republican,6240,60.173577627772424
IN,DECATUR,G1800310,10370,Other,50,0.4821600771456124
IN,DE KALB,G1800330,14295,Democratic,5276,36.908009793634136
IN,DE KALB,G1800330,14295,Republican,8956,62.65127667016439
IN,DE KALB,G1800330,14295,Other,60,0.4197271773347324
IN,DELAWARE,G1800350,49610,Democratic,23262,46.88973997177988
IN,DELAWARE,G1800350,49610,Republican,26164,52.73936706309211
IN,DELAWARE,G1800350,49610,Other,174,0.35073573876234626
IN,DUBOIS,G1800370,13353,Democratic,8213,61.50677750318281
IN,DUBOIS,G1800370,13353,Republican,5117,38.320976559574625
IN,DUBOIS,G1800370,13353,Other,21,0.15726802965625702
IN,ELKHART,G1800390,44693,Democratic,16264,36.39048620589354
IN,ELKHART,G1800390,44693,Republican,28054,62.77045622356968
IN,ELKHART,G1800390,44693,Other,371,0.8301076231177142
IN,FAYETTE,G1800410,12023,Democratic,5246,43.63303667969725
IN,FAYETTE,G1800410,12023,Republican,6728,55.95941112867004
IN,FAYETTE,G1800410,12023,Other,47,0.39091740830075694
IN,FLOYD,G1800430,24037,Democratic,12345,51.35832258601323
IN,FLOYD,G1800430,24037,Republican,11627,48.37126097266714
IN,FLOYD,G1800430,24037,Other,60,0.24961517660273747
IN,FOUNTAIN,G1800450,10429,Democratic,4277,41.01064339821651
IN,FOUNTAIN,G1800450,10429,Republican,6123,58.71128583756832
IN,FOUNTAIN,G1800450,10429,Other,28,0.26848211717326687
IN,FRANKLIN,G1800470,7645,Democratic,3523,46.08240680183126
IN,FRANKLIN,G1800470,7645,Republican,4108,53.73446697187705
IN,FRANKLIN,G1800470,7645,Other,14,0.18312622629169392
IN,FULTON,G1800490,9133,Democratic,3047,33.36253147925107
IN,FULTON,G1800490,9133,Republican,6038,66.11190189422972
IN,FULTON,G1800490,9133,Other,47,0.5146173218000657
IN,GIBSON,G1800510,16399,Democratic,7478,45.60034148423684
IN,GIBSON,G1800510,16399,Republican,8837,53.887432160497596
IN,GIBSON,G1800510,16399,Other,82,0.5000304896640039
IN,GRANT,G1800530,32841,Democratic,13639,41.53040406808562
IN,GRANT,G1800530,32841,Republican,19018,57.90932066624037
IN,GRANT,G1800530,32841,Other,177,0.5389604457842331
IN,GREENE,G1800550,15239,Democratic,6324,41.49878600958068
IN,GREENE,G1800550,15239,Republican,8810,57.81219240107619
IN,GREENE,G1800550,15239,Other,104,0.6824594789684363
IN,HAMILTON,G1800570,18984,Democratic,5509,29.019174041297934
IN,HAMILTON,G1800570,18984,Republican,13408,70.62789717656975
IN,HAMILTON,G1800570,18984,Other,63,0.33185840707964603
IN,HANCOCK,G1800590,12528,Democratic,4930,39.351851851851855
IN,HANCOCK,G1800590,12528,Republican,7542,60.20114942528736
IN,HANCOCK,G1800590,12528,Other,54,0.43103448275862066
IN,HARRISON,G1800610,9989,Democratic,4566,45.71028130944039
IN,HARRISON,G1800610,9989,Republican,5373,53.789168084893376
IN,HARRISON,G1800610,9989,Other,49,0.4905395935529082
IN,HENDRICKS,G1800630,19066,Democratic,6481,33.992447288366726
IN,HENDRICKS,G1800630,19066,Republican,12488,65.49879366411413
IN,HENDRICKS,G1800630,19066,Other,93,0.48777929298227213
IN,HENRY,G1800650,23530,Democratic,9628,40.91797705057373
IN,HENRY,G1800650,23530,Republican,13751,58.44028899277518
IN,HENRY,G1800650,23530,Other,148,0.6289842753931152
IN,HOWARD,G1800670,31502,Democratic,13414,42.58142340168878
IN,HOWARD,G1800670,31502,Republican,17937,56.939241952891884
IN,HOWARD,G1800670,31502,Other,148,0.4698114405434575
IN,HUNTINGTON,G1800690,17930,Democratic,7161,39.93865030674847
IN,HUNTINGTON,G1800690,17930,Republican,10658,59.44227551589515
IN,HUNTINGTON,G1800690,17930,Other,108,0.6023424428332403
IN,JACKSON,G1800710,14861,Democratic,6582,44.290424601305425
IN,JACKSON,G1800710,14861,Republican,8212,55.2587309063993
IN,JACKSON,G1800710,14861,Other,65,0.43738644774914204
IN,JASPER,G1800730,8339,Democratic,2959,35.483870967741936
IN,JASPER,G1800730,8339,Republican,5364,64.32425950353759
IN,JASPER,G1800730,8339,Other,16,0.19186952872047008
IN,JAY,G1800750,11492,Democratic,4898,42.62095370692656
IN,JAY,G1800750,11492,Republican,6518,56.7177166724678
IN,JAY,G1800750,11492,Other,74,0.6439262095370692
IN,JEFFERSON,G1800770,11492,Democratic,5119,44.544030630003476
IN,JEFFERSON,G1800770,11492,Republican,6332,55.09919944309084
IN,JEFFERSON,G1800770,11492,Other,39,0.3393665158371041
IN,JENNINGS,G1800790,7908,Democratic,3403,43.032372281234196
IN,JENNINGS,G1800790,7908,Republican,4478,56.62620131512392
IN,JENNINGS,G1800790,7908,Other,27,0.34142640364188165
IN,JOHNSON,G1800810,19919,Democratic,7400,37.15045936040966
IN,JOHNSON,G1800810,19919,Republican,12425,62.377629399066215
IN,JOHNSON,G1800810,19919,Other,92,0.4618705758321201
IN,KNOX,G1800830,21516,Democratic,9917,46.09128090723183
IN,KNOX,G1800830,21516,Republican,11490,53.4021193530396
IN,KNOX,G1800830,21516,Other,108,0.501952035694367
IN,KOSCIUSKO,G1800850,19591,Democratic,5838,29.799397682609364
IN,KOSCIUSKO,G1800850,19591,Republican,13537,69.0980552294421
IN,KOSCIUSKO,G1800850,19591,Other,212,1.0821295492828338
IN,LAGRANGE,G1800870,6422,Democratic,1964,30.582373092494553
IN,LAGRANGE,G1800870,6422,Republican,4432,69.01276860791032
IN,LAGRANGE,G1800870,6422,Other,24,0.3737153534724385
IN,LAKE,G1800890,211358,Democratic,132543,62.71018840072294
IN,LAKE,G1800890,211358,Republican,78266,37.03006273715686
IN,LAKE,G1800890,211358,Other,507,0.23987736447165475
IN,LA PORTE,G1800910,43140,Democratic,20315,47.090866944830786
IN,LA PORTE,G1800910,43140,Republican,22735,52.70050996754752
IN,LA PORTE,G1800910,43140,Other,82,0.19007881316643488
IN,LAWRENCE,G1800930,18182,Democratic,6976,38.367616323836764
IN,LAWRENCE,G1800930,18182,Republican,11118,61.148388516114835
IN,LAWRENCE,G1800930,18182,Other,85,0.46749532504674957
IN,MADISON,G1800950,59445,Democratic,28153,47.35974430145512
IN,MADISON,G1800950,59445,Republican,31096,52.310539153839684
IN,MADISON,G1800950,59445,Other,190,0.3196231810917655
IN,MARION,G1800970,288206,Democratic,121335,42.100095070886795
IN,MARION,G1800970,288206,Republican,166180,57.66014586788617
IN,MARION,G1800970,288206,Other,663,0.23004378812377257
IN,MARSHALL,G1800990,16744,Democratic,6209,37.0819397993311
IN,MARSHALL,G1800990,16744,Republican,10460,62.470138557095076
IN,MARSHALL,G1800990,16744,Other,74,0.4419493549928333
IN,MARTIN,G1801010,5346,Democratic,2585,48.35390946502058
IN,MARTIN,G1801010,5346,Republican,2756,51.552562663673775
IN,MARTIN,G1801010,5346,Other,5,0.09352787130564907
IN,MIAMI,G1801030,15131,Democratic,6190,40.909391315841646
IN,MIAMI,G1801030,15131,Republican,8843,58.442931729561835
IN,MIAMI,G1801030,15131,Other,95,0.6278501090476505
IN,MONROE,G1801050,22184,Democratic,7534,33.961413631446085
IN,MONROE,G1801050,22184,Republican,14513,65.42102416155788
IN,MONROE,G1801050,22184,Other,135,0.6085467003245583
IN,MONTGOMERY,G1801070,16511,Democratic,5477,33.171824844043364
IN,MONTGOMERY,G1801070,16511,Republican,10957,66.36181939313185
IN,MONTGOMERY,G1801070,16511,Other,76,0.46029919447640966
IN,MORGAN,G1801090,14860,Democratic,5375,36.17092866756393
IN,MORGAN,G1801090,14860,Republican,9415,63.35800807537012
IN,MORGAN,G1801090,14860,Other,68,0.4576043068640646
IN,NEWTON,G1801110,5401,Democratic,1870,34.623217922606926
IN,NEWTON,G1801110,5401,Republican,3517,65.11757082021848
IN,NEWTON,G1801110,5401,Other,14,0.25921125717459725
IN,NOBLE,G1801130,13387,Democratic,5264,39.32173003660267
IN,NOBLE,G1801130,13387,Republican,8068,60.26742361992979
IN,NOBLE,G1801130,13387,Other,54,0.4033764099499514
IN,OHIO,G1801150,2336,Democratic,1015,43.45034246575342
IN,OHIO,G1801150,2336,Republican,1314,56.25
IN,OHIO,G1801150,2336,Other,7,0.2996575342465753
IN,ORANGE,G1801170,9442,Democratic,3817,40.4257572548189
IN,ORANGE,G1801170,9442,Republican,5589,59.192967591611946
IN,ORANGE,G1801170,9442,Other,35,0.3706841770811269
IN,OWEN,G1801190,6128,Democratic,2379,38.82180156657963
IN,OWEN,G1801190,6128,Republican,3699,60.36227154046997
IN,OWEN,G1801190,6128,Other,48,0.7832898172323759
IN,PARKE,G1801210,8046,Democratic,3361,41.77230922197365
IN,PARKE,G1801210,8046,Republican,4662,57.94183445190156
IN,PARKE,G1801210,8046,Other,23,0.2858563261247825
IN,PERRY,G1801230,9308,Democratic,4919,52.84701332187366
IN,PERRY,G1801230,9308,Republican,4372,46.97034808766652
IN,PERRY,G1801230,9308,Other,16,0.17189514396218308
IN,PIKE,G1801250,7716,Democratic,3046,39.47641264904095
IN,PIKE,G1801250,7716,Republican,4606,59.69414204250907
IN,PIKE,G1801250,7716,Other,63,0.8164852255054432
IN,PORTER,G1801270,26474,Democratic,10733,40.541663518924224
IN,PORTER,G1801270,26474,Republican,15665,59.17126237062779
IN,PORTER,G1801270,26474,Other,74,0.2795195285940923
IN,POSEY,G1801290,9857,Democratic,4456,45.20645226742416
IN,POSEY,G1801290,9857,Republican,5368,54.458760271887996
IN,POSEY,G1801290,9857,Other,31,0.3144973115552399
IN,PULASKI,G1801310,6771,Democratic,2746,40.555309407768426
IN,PULASKI,G1801310,6771,Republican,3905,57.672426524885545
IN,PULASKI,G1801310,6771,Other,120,1.7722640673460344
IN,PUTNAM,G1801330,11423,Democratic,4798,42.002976451019876
IN,PUTNAM,G1801330,11423,Republican,6582,57.620590037643346
IN,PUTNAM,G1801330,11423,Other,41,0.35892497592576383
IN,RANDOLPH,G1801350,14677,Democratic,5034,34.29856237650746
IN,RANDOLPH,G1801350,14677,Republican,9527,64.91108537166997
IN,RANDOLPH,G1801350,14677,Other,113,0.7699121073788922
IN,RIPLEY,G1801370,10818,Democratic,4730,43.72342392309114
IN,RIPLEY,G1801370,10818,Republican,6053,55.953041227583654
IN,RIPLEY,G1801370,10818,Other,35,0.3235348493251987
IN,RUSH,G1801390,9782,Democratic,3516,35.94356982212227
IN,RUSH,G1801390,9782,Republican,6215,63.53506440400736
IN,RUSH,G1801390,9782,Other,51,0.5213657738703742
IN,ST JOSEPH,G1801410,117499,Democratic,63543,54.0796091881633
IN,ST JOSEPH,G1801410,117499,Republican,53615,45.63017557596235
IN,ST JOSEPH,G1801410,117499,Other,317,0.26978953012366064
IN,SCOTT,G1801430,6301,Democratic,3064,48.627202031423586
IN,SCOTT,G1801430,6301,Republican,3213,50.99190604665927
IN,SCOTT,G1801430,6301,Other,24,0.38089192191715604
IN,SHELBY,G1801450,16602,Democratic,7111,42.83218889290447
IN,SHELBY,G1801450,16602,Republican,9420,56.7401517889411
IN,SHELBY,G1801450,16602,Other,70,0.4216359474762077
IN,SPENCER,G1801470,9373,Democratic,4302,45.897791528859486
IN,SPENCER,G1801470,9373,Republican,5049,53.86749173156941
IN,SPENCER,G1801470,9373,Other,20,0.2133788541555532
IN,STARKE,G1801490,8619,Democratic,3995,46.35108481262327
IN,STARKE,G1801490,8619,Republican,4591,53.266040143868196
IN,STARKE,G1801490,8619,Other,32,0.3712727694628147
IN,STEUBEN,G1801510,8079,Democratic,2588,32.03366753311053
IN,STEUBEN,G1801510,8079,Republican,5464,67.63213268968931
IN,STEUBEN,G1801510,8079,Other,27,0.33419977720014854
IN,SULLIVAN,G1801530,12060,Democratic,5975,49.543946932006634
IN,SULLIVAN,G1801530,12060,Republican,6012,49.850746268656714
IN,SULLIVAN,G1801530,12060,Other,72,0.5970149253731344
IN,SWITZERLAND,G1801550,3905,Democratic,1955,50.06402048655569
IN,SWITZERLAND,G1801550,3905,Republican,1929,49.39820742637644
IN,SWITZERLAND,G1801550,3905,Other,21,0.5377720870678617
IN,TIPPECANOE,G1801570,38668,Democratic,14040,36.309092789903794
IN,TIPPECANOE,G1801570,38668,Republican,24570,63.54091238233165
IN,TIPPECANOE,G1801570,38668,Other,54,0.13965035688424537
IN,TIPTON,G1801590,8223,Democratic,3298,40.1070169038064
IN,TIPTON,G1801590,8223,Republican,4924,59.88082208439742
IN,TIPTON,G1801590,8223,Other,0,0
IN,UNION,G1801610,3275,Democratic,1180,36.030534351145036
IN,UNION,G1801610,3275,Republican,2087,63.725190839694655
IN,UNION,G1801610,3275,Other,8,0.24427480916030536
IN,VANDERBURGH,G1801630,77635,Democratic,36325,46.78946351516713
IN,VANDERBURGH,G1801630,77635,Republican,41061,52.88980485605719
IN,VANDERBURGH,G1801630,77635,Other,233,0.3001223674888903
IN,VERMILLION,G1801650,10227,Democratic,5391,52.713405690818426
IN,VERMILLION,G1801650,10227,Republican,4797,46.90525080668817
IN,VERMILLION,G1801650,10227,Other,38,0.371565463967928
IN,VIGO,G1801670,50178,Democratic,25104,50.029893578859266
IN,VIGO,G1801670,50178,Republican,24938,49.6990713061501
IN,VIGO,G1801670,50178,Other,130,0.25907768344692894
IN,WABASH,G1801690,15297,Democratic,4788,31.300254951951363
IN,WABASH,G1801690,15297,Republican,10419,68.11139439105706
IN,WABASH,G1801690,15297,Other,89,0.5818134274694384
IN,WARREN,G1801710,4464,Democratic,1574,35.25985663082437
IN,WARREN,G1801710,4464,Republican,2870,64.2921146953405
IN,WARREN,G1801710,4464,Other,20,0.4480286738351254
IN,WARRICK,G1801730,11554,Democratic,5041,43.62991171888523
IN,WARRICK,G1801730,11554,Republican,6482,56.10178293231781
IN,WARRICK,G1801730,11554,Other,29,0.2509953262939242
IN,WASHINGTON,G1801750,8913,Democratic,3820,42.85874565241782
IN,WASHINGTON,G1801750,8913,Republican,5056,56.72613037136767
IN,WASHINGTON,G1801750,8913,Other,35,0.3926848423650847
IN,WAYNE,G1801770,32580,Democratic,12719,39.03928790669122
IN,WAYNE,G1801770,32580,Republican,19763,60.659914057704114
IN,WAYNE,G1801770,32580,Other,94,0.28852056476365867
IN,WELLS,G1801790,10242,Democratic,4128,40.30462800234329
IN,WELLS,G1801790,10242,Republican,6034,58.914274555750836
IN,WELLS,G1801790,10242,Other,80,0.7810974419058777
IN,WHITE,G1801810,10612,Democratic,3914,36.88277421786657
IN,WHITE,G1801810,10612,Republican,6677,62.91933660007538
IN,WHITE,G1801810,10612,Other,19,0.1790425932906144
IN,WHITLEY,G1801830,10943,Democratic,4266,38.98382527643242
IN,WHITLEY,G1801830,10943,Republican,6621,60.50443205702275
IN,WHITLEY,G1801830,10943,Other,56,0.5117426665448231
MI,ALCONA,G2600010,3099,Democratic,1038,33.494675701839306
MI,ALCONA,G2600010,3099,Republican,2053,66.24717650855115
MI,ALCONA,G2600010,3099,Other,8,0.2581477896095515
MI,ALGER,G2600030,3990,Democratic,2321,58.17042606516291
MI,ALGER,G2600030,3990,Republican,1663,41.67919799498747
MI,ALGER,G2600030,3990,Other,6,0.15037593984962408
MI,ALLEGAN,G2600050,23472,Democratic,6751,28.761929107021132
MI,ALLEGAN,G2600050,23472,Republican,16658,70.9696659850034
MI,ALLEGAN,G2600050,23472,Other,59,0.2513633265167008
MI,ALPENA,G2600070,11653,Democratic,5070,43.50810949969965
MI,ALPENA,G2600070,11653,Republican,6572,56.39749420750021
MI,ALPENA,G2600070,11653,Other,8,0.06865184930919077
MI,ANTRIM,G2600090,5052,Democratic,1647,32.60095011876484
MI,ANTRIM,G2600090,5052,Republican,3398,67.26049089469517
MI,ANTRIM,G2600090,5052,Other,7,0.13855898653998416
MI,ARENAC,G2600110,4250,Democratic,1888,44.423529411764704
MI,ARENAC,G2600110,4250,Republican,2352,55.34117647058824
MI,ARENAC,G2600110,4250,Other,10,0.2352941176470588
MI,BARAGA,G2600130,3836,Democratic,1964,51.199165797705945
MI,BARAGA,G2600130,3836,Republican,1861,48.5140771637122
MI,BARAGA,G2600130,3836,Other,11,0.2867570385818561
MI,BARRY,G2600150,13767,Democratic,4405,31.99680395147817
MI,BARRY,G2600150,13767,Republican,9297,67.53105251688821
MI,BARRY,G2600150,13767,Other,62,0.45035229171206503
MI,BAY,G2600170,44011,Democratic,22996,52.25057372020632
MI,BAY,G2600170,44011,Republican,20905,47.49948876417259
MI,BAY,G2600170,44011,Other,101,0.22948808252482333
MI,BENZIE,G2600190,3795,Democratic,1306,34.413702239789195
MI,BENZIE,G2600190,3795,Republican,2484,65.45454545454545
MI,BENZIE,G2600190,3795,Other,5,0.13175230566534915
MI,BERRIEN,G2600210,61506,Democratic,23834,38.75069098949696
MI,BERRIEN,G2600210,61506,Republican,37420,60.839592885246965
MI,BERRIEN,G2600210,61506,Other,240,0.39020583357721195
MI,BRANCH,G2600230,13587,Democratic,4758,35.01876793994259
MI,BRANCH,G2600230,13587,Republican,8751,64.40715389710753
MI,BRANCH,G2600230,13587,Other,75,0.5519982336056525
MI,CALHOUN,G2600250,55793,Democratic,23506,42.130733246106146
MI,CALHOUN,G2600250,55793,Republican,32075,57.48929077124371
MI,CALHOUN,G2600250,55793,Other,201,0.36026024770132453
MI,CASS,G2600270,15117,Democratic,6467,42.779652047363896
MI,CASS,G2600270,15117,Republican,8585,56.790368459350404
MI,CASS,G2600270,15117,Other,63,0.4167493550307601
MI,CHARLEVOIX,G2600290,6419,Democratic,2422,37.73173391494002
MI,CHARLEVOIX,G2600290,6419,Republican,3987,62.11247857921794
MI,CHARLEVOIX,G2600290,6419,Other,10,0.15578750584203147
MI,CHEBOYGAN,G2600310,6796,Democratic,2977,43.80517951736316
MI,CHEBOYGAN,G2600310,6796,Republican,3817,56.16539140670983
MI,CHEBOYGAN,G2600310,6796,Other,1,0.014714537963507945
MI,CHIPPEWA,G2600330,11751,Democratic,5239,44.58343970725896
MI,CHIPPEWA,G2600330,11751,Republican,6489,55.22083226959408
MI,CHIPPEWA,G2600330,11751,Other,21,0.17870819504723004
MI,CLARE,G2600350,5130,Democratic,1507,29.376218323586745
MI,CLARE,G2600350,5130,Republican,3616,70.48732943469786
MI,CLARE,G2600350,5130,Other,7,0.13645224171539963
MI,CLINTON,G2600370,15072,Democratic,4822,31.993099787685775
MI,CLINTON,G2600370,15072,Republican,10226,67.84766454352442
MI,CLINTON,G2600370,15072,Other,23,0.15260084925690023
MI,CRAWFORD,G2600390,2251,Democratic,783,34.78454020435362
MI,CRAWFORD,G2600390,2251,Republican,1464,65.03776099511327
MI,CRAWFORD,G2600390,2251,Other,4,0.1776988005330964
MI,DELTA,G2600410,14413,Democratic,7923,54.97120654964268
MI,DELTA,G2600410,14413,Republican,6460,44.82064802608756
MI,DELTA,G2600410,14413,Other,29,0.2012072434607646
MI,DICKINSON,G2600430,11995,Democratic,6644,55.389745727386405
MI,DICKINSON,G2600430,11995,Republican,5335,44.476865360566904
MI,DICKINSON,G2600430,11995,Other,13,0.10837849103793246
MI,EATON,G2600450,21149,Democratic,6911,32.67766797484515
MI,EATON,G2600450,21149,Republican,14161,66.95824861695588
MI,EATON,G2600450,21149,Other,72,0.3404416284457894
MI,EMMET,G2600470,7198,Democratic,2601,36.13503751041956
MI,EMMET,G2600470,7198,Republican,4574,63.54542928591276
MI,EMMET,G2600470,7198,Other,22,0.30564045568213394
MI,GENESEE,G2600490,147457,Democratic,72047,48.85966756410343
MI,GENESEE,G2600490,147457,Republican,74938,50.820239120557176
MI,GENESEE,G2600490,147457,Other,457,0.30992085828411
MI,GLADWIN,G2600510,4712,Democratic,1424,30.220713073005097
MI,GLADWIN,G2600510,4712,Republican,3282,69.65195246179967
MI,GLADWIN,G2600510,4712,Other,6,0.1273344651952462
MI,GOGEBIC,G2600530,12659,Democratic,7199,56.86863101350818
MI,GOGEBIC,G2600530,12659,Republican,5428,42.87858440635121
MI,GOGEBIC,G2600530,12659,Other,29,0.2290860257524291
MI,GRAND TRAVERSE,G2600550,13540,Democratic,4885,36.07828655834564
MI,GRAND TRAVERSE,G2600550,13540,Republican,8617,63.6410635155096
MI,GRAND TRAVERSE,G2600550,13540,Other,35,0.258493353028065
MI,GRATIOT,G2600570,13734,Democratic,3858,28.090869375273048
MI,GRATIOT,G2600570,13734,Republican,9853,71.74166302606669
MI,GRATIOT,G2600570,13734,Other,21,0.1529051987767584
MI,HILLSDALE,G2600590,14340,Democratic,4068,28.368200836820083
MI,HILLSDALE,G2600590,14340,Republican,10207,71.17852161785217
MI,HILLSDALE,G2600590,14340,Other,62,0.4323570432357043
MI,HOUGHTON,G2600610,15822,Democratic,8020,50.68891417014284
MI,HOUGHTON,G2600610,15822,Republican,7765,49.07723423081785
MI,HOUGHTON,G2600610,15822,Other,33,0.20857034508911643
MI,HURON,G2600630,15386,Democratic,5774,37.52762251397374
MI,HURON,G2600630,15386,Republican,9592,62.34238918497336
MI,HURON,G2600630,15386,Other,18,0.11698947094761472
MI,INGHAM,G2600650,86907,Democratic,32043,36.87044771997653
MI,INGHAM,G2600650,86907,Republican,54647,62.879860080315744
MI,INGHAM,G2600650,86907,Other,209,0.240486957322195
MI,IONIA,G2600670,16834,Democratic,6377,37.881668052750385
MI,IONIA,G2600670,16834,Republican,10403,61.79755257217536
MI,IONIA,G2600670,16834,Other,51,0.30295829868124036
MI,IOSCO,G2600690,6866,Democratic,2549,37.12496358869794
MI,IOSCO,G2600690,6866,Republican,4308,62.74395572385668
MI,IOSCO,G2600690,6866,Other,9,0.13108068744538304
MI,IRON,G2600710,9165,Democratic,5231,57.075831969448984
MI,IRON,G2600710,9165,Republican,3919,42.760501909438084
MI,IRON,G2600710,9165,Other,14,0.15275504637206766
MI,ISABELLA,G2600730,12335,Democratic,4431,35.922172679367655
MI,ISABELLA,G2600730,12335,Republican,7880,63.88325901905147
MI,ISABELLA,G2600730,12335,Other,23,0.18646128901499798
MI,JACKSON,G2600750,55779,Democratic,20990,37.63064952759999
MI,JACKSON,G2600750,55779,Republican,34655,62.12911669266211
MI,JACKSON,G2600750,55779,Other,123,0.2205130963265745
MI,KALAMAZOO,G2600770,67434,Democratic,24283,36.010024616662214
MI,KALAMAZOO,G2600770,67434,Republican,42794,63.460568852507635
MI,KALAMAZOO,G2600770,67434,Other,344,0.5101284218643415
MI,KALKASKA,G2600790,2039,Democratic,693,33.98724865129966
MI,KALKASKA,G2600790,2039,Republican,1341,65.76753310446297
MI,KALKASKA,G2600790,2039,Other,5,0.24521824423737126
MI,KENT,G2600810,157296,Democratic,61298,38.9698403010884
MI,KENT,G2600810,157296,Republican,95463,60.69003661885871
MI,KENT,G2600810,157296,Other,503,0.31977926965720677
MI,KEWEENAW,G2600830,1343,Democratic,655,48.771407297096054
MI,KEWEENAW,G2600830,1343,Republican,684,50.9307520476545
MI,KEWEENAW,G2600830,1343,Other,4,0.29784065524944153
MI,LAKE,G2600850,2757,Democratic,1313,47.62422923467537
MI,LAKE,G2600850,2757,Republican,1441,52.26695683714182
MI,LAKE,G2600850,2757,Other,3,0.1088139281828074
MI,LAPEER,G2600870,15567,Democratic,5098,32.74876340977709
MI,LAPEER,G2600870,15567,Republican,10449,67.12275968394681
MI,LAPEER,G2600870,15567,Other,17,0.10920537033468235
MI,LEELANAU,G2600890,4546,Democratic,1810,39.8152221733392
MI,LEELANAU,G2600890,4546,Republican,2730,60.05279366476023
MI,LEELANAU,G2600890,4546,Other,6,0.13198416190057194
MI,LENAWEE,G2600910,30719,Democratic,10782,35.09879878902308
MI,LENAWEE,G2600910,30719,Republican,19857,64.64077606692926
MI,LENAWEE,G2600910,30719,Other,74,0.24089325824408347
MI,LIVINGSTON,G2600930,15987,Democratic,5607,35.07224620003753
MI,LIVINGSTON,G2600930,15987,Republican,10339,64.67129542753487
MI,LIVINGSTON,G2600930,15987,Other,38,0.2376931256646025
MI,LUCE,G2600950,2362,Democratic,828,35.05503810330229
MI,LUCE,G2600950,2362,Republican,1534,64.94496189669772
MI,LUCE,G2600950,2362,Other,0,0
MI,MACKINAC/MICHILIM,G2600970,5117,Democratic,2042,39.906195036153996
MI,MACKINAC/MICHILIM,G2600970,5117,Republican,3064,59.87883525503225
MI,MACKINAC/MICHILIM,G2600970,5117,Other,11,0.21496970881375804
MI,MACOMB,G2600990,168195,Democratic,105677,62.83004845566158
MI,MACOMB,G2600990,168195,Republican,61980,36.850084723089275
MI,MACOMB,G2600990,168195,Other,521,0.3097595053360683
MI,MANISTEE,G2601010,8999,Democratic,4122,45.80508945438382
MI,MANISTEE,G2601010,8999,Republican,4867,54.08378708745416
MI,MANISTEE,G2601010,8999,Other,10,0.11112345816201799
MI,MARQUETTE,G2601030,21917,Democratic,11175,50.98781767577679
MI,MARQUETTE,G2601030,21917,Republican,10689,48.770360907058446
MI,MARQUETTE,G2601030,21917,Other,48,0.21900807592279964
MI,MASON,G2601050,10326,Democratic,4305,41.69087739686229
MI,MASON,G2601050,10326,Republican,6011,58.212279682355216
MI,MASON,G2601050,10326,Other,9,0.08715862870424172
MI,MECOSTA,G2601070,7703,Democratic,2379,30.88407114111385
MI,MECOSTA,G2601070,7703,Republican,5306,68.88225366740231
MI,MECOSTA,G2601070,7703,Other,17,0.22069323640140204
MI,MENOMINEE,G2601090,10938,Democratic,5856,53.53812397147559
MI,MENOMINEE,G2601090,10938,Republican,5063,46.288169683671605
MI,MENOMINEE,G2601090,10938,Other,16,0.1462790272444688
MI,MIDLAND,G2601110,21071,Democratic,6814,32.33828484647145
MI,MIDLAND,G2601110,21071,Republican,14233,67.54781453182098
MI,MIDLAND,G2601110,21071,Other,19,0.09017132551848511
MI,MISSAUKEE,G2601130,3171,Democratic,627,19.77294228949858
MI,MISSAUKEE,G2601130,3171,Republican,2531,79.81709239987386
MI,MISSAUKEE,G2601130,3171,Other,13,0.4099653106275623
MI,MONROE,G2601150,38423,Democratic,19680,51.21932176040392
MI,MONROE,G2601150,38423,Republican,18604,48.41891575358509
MI,MONROE,G2601150,38423,Other,131,0.3409416235067538
MI,MONTCALM,G2601170,14892,Democratic,4767,32.01047542304593
MI,MONTCALM,G2601170,14892,Republican,10085,67.72092398603277
MI,MONTCALM,G2601170,14892,Other,39,0.2618855761482675
MI,MONTMORENCY,G2601190,2433,Democratic,866,35.59391697492808
MI,MONTMORENCY,G2601190,2433,Republican,1565,64.3238799835594
MI,MONTMORENCY,G2601190,2433,Other,2,0.08220304151253596
MI,MUSKEGON,G2601210,61661,Democratic,28753,46.630771476297824
MI,MUSKEGON,G2601210,61661,Republican,32662,52.970272944000264
MI,MUSKEGON,G2601210,61661,Other,234,0.37949433191158105
MI,NEWAYGO,G2601230,10872,Democratic,3403,31.300588668138335
MI,NEWAYGO,G2601230,10872,Republican,7453,68.55224429727741
MI,NEWAYGO,G2601230,10872,Other,14,0.1287711552612215
MI,OAKLAND,G2601250,298562,Democratic,135517,45.38990226485621
MI,OAKLAND,G2601250,298562,Republican,162000,54.26008668216317
MI,OAKLAND,G2601250,298562,Other,985,0.32991472457981924
MI,OCEANA,G2601270,7082,Democratic,2651,37.43292855125671
MI,OCEANA,G2601270,7082,Republican,4418,62.38350748376165
MI,OCEANA,G2601270,7082,Other,13,0.18356396498164362
MI,OGEMAW,G2601290,4542,Democratic,1867,41.105239982386614
MI,OGEMAW,G2601290,4542,Republican,2664,58.65257595772787
MI,OGEMAW,G2601290,4542,Other,11,0.24218405988551298
MI,ONTONAGON,G2601310,5175,Democratic,2553,49.333333333333336
MI,ONTONAGON,G2601310,5175,Republican,2620,50.6280193236715
MI,ONTONAGON,G2601310,5175,Other,2,0.03864734299516908
MI,OSCEOLA,G2601330,5865,Democratic,1378,23.49531116794544
MI,OSCEOLA,G2601330,5865,Republican,4477,76.33418584825235
MI,OSCEOLA,G2601330,5865,Other,10,0.17050298380221654
MI,OSCODA,G2601350,1634,Democratic,458,28.02937576499388
MI,OSCODA,G2601350,1634,Republican,1174,71.8482252141983
MI,OSCODA,G2601350,1634,Other,2,0.12239902080783352
MI,OTSEGO,G2601370,3469,Democratic,1521,43.84548861343326
MI,OTSEGO,G2601370,3469,Republican,1944,56.03920438166619
MI,OTSEGO,G2601370,3469,Other,4,0.11530700490054771
MI,OTTAWA,G2601390,43423,Democratic,10617,24.45017617391705
MI,OTTAWA,G2601390,43423,Republican,32676,75.2504433134514
MI,OTTAWA,G2601390,43423,Other,126,0.29016880455058375
MI,PRESQUE ISLE,G2601410,5602,Democratic,2649,47.28668332738308
MI,PRESQUE ISLE,G2601410,5602,Republican,2949,52.641913602284895
MI,PRESQUE ISLE,G2601410,5602,Other,3,0.05355230274901821
MI,ROSCOMMON,G2601430,3962,Democratic,1226,30.9439676930843
MI,ROSCOMMON,G2601430,3962,Republican,2731,68.92983341746593
MI,ROSCOMMON,G2601430,3962,Other,5,0.12619888944977284
MI,SAGINAW,G2601450,74272,Democratic,32709,44.03947651874192
MI,SAGINAW,G2601450,74272,Republican,41347,55.66970056010341
MI,SAGINAW,G2601450,74272,Other,201,0.2706268849633779
MI,ST CLAIR,G2601470,45774,Democratic,18328,40.04019749202604
MI,ST CLAIR,G2601470,45774,Republican,27364,59.78066151090139
MI,ST CLAIR,G2601470,45774,Other,73,0.15947918032070607
MI,ST JOSEPH,G2601490,17847,Democratic,5443,30.498122933826416
MI,ST JOSEPH,G2601490,17847,Republican,12336,69.12086064884855
MI,ST JOSEPH,G2601490,17847,Other,64,0.3586036868941559
MI,SANILAC,G2601510,15185,Democratic,4152,27.342772472835037
MI,SANILAC,G2601510,15185,Republican,11005,72.47283503457359
MI,SANILAC,G2601510,15185,Other,26,0.17122160026341784
MI,SCHOOLCRAFT,G2601530,4298,Democratic,2107,49.0228013029316
MI,SCHOOLCRAFT,G2601530,4298,Republican,2183,50.79106561191252
MI,SCHOOLCRAFT,G2601530,4298,Other,8,0.18613308515588647
MI,SHIAWASSEE,G2601550,22604,Democratic,8773,38.81171474075385
MI,SHIAWASSEE,G2601550,22604,Republican,13757,60.86090957352681
MI,SHIAWASSEE,G2601550,22604,Other,72,0.31852769421341354
MI,TUSCOLA,G2601570,17308,Democratic,5357,30.95100531546106
MI,TUSCOLA,G2601570,17308,Republican,11930,68.92766350820429
MI,TUSCOLA,G2601570,17308,Other,19,0.1097758262075341
MI,VAN BUREN,G2601590,20096,Democratic,7082,35.24084394904459
MI,VAN BUREN,G2601590,20096,Republican,12902,64.20183121019109
MI,VAN BUREN,G2601590,20096,Other,111,0.5523487261146497
MI,WASHTENAW,G2601610,64986,Democratic,25124,38.66063459822116
MI,WASHTENAW,G2601610,64986,Republican,39628,60.97928784661312
MI,WASHTENAW,G2601610,64986,Other,221,0.34007324654540977
MI,WAYNE,G2601630,1171909,Democratic,773226,65.98003769917288
MI,WAYNE,G2601630,1171909,Republican,394465,33.66003674346728
MI,WAYNE,G2601630,1171909,Other,3984,0.33995813668126107
MI,WEXFORD,G2601650,8096,Democratic,2807,34.67144268774703
MI,WEXFORD,G2601650,8096,Republican,5262,64.99505928853755
MI,WEXFORD,G2601650,8096,Other,27,0.333498023715415
OH,ADAMS,G3900010,9896,Democratic,3899,39.399757477768794
OH,ADAMS,G3900010,9896,Republican,5996,60.590137429264345
OH,ADAMS,G3900010,9896,Other,0,0
OH,ALLEN,G3900030,42732,Democratic,14721,34.449592811008145
OH,ALLEN,G3900030,42732,Republican,28007,65.5410465225124
OH,ALLEN,G3900030,42732,Other,0,0
OH,ASHLAND,G3900050,18812,Democratic,5698,30.289177120986604
OH,ASHLAND,G3900050,18812,Republican,13112,69.70019136721241
OH,ASHLAND,G3900050,18812,Other,0,0
OH,ASHTABULA,G3900070,41561,Democratic,19151,46.079256995741204
OH,ASHTABULA,G3900070,41561,Republican,22406,53.91111859676138
OH,ASHTABULA,G3900070,41561,Other,0,0
OH,ATHENS,G3900090,18289,Democratic,7541,41.23243479687243
OH,ATHENS,G3900090,18289,Republican,10747,58.76209743561704
OH,ATHENS,G3900090,18289,Other,0,0
OH,AUGLAIZE,G3900110,17465,Democratic,6280,35.95762954480389
OH,AUGLAIZE,G3900110,17465,Republican,11183,64.03091898081878
OH,AUGLAIZE,G3900110,17465,Other,0,0
OH,BELMONT,G3900130,41951,Democratic,23803,56.74000619770685
OH,BELMONT,G3900130,41951,Republican,18144,43.25045886868013
OH,BELMONT,G3900130,41951,Other,0,0
OH,BROWN,G3900150,11594,Democratic,5133,44.272899775746076
OH,BROWN,G3900150,11594,Republican,6460,55.718475073313776
OH,BROWN,G3900150,11594,Other,0,0
OH,BUTLER,G3900170,79296,Democratic,32773,41.329953591606134
OH,BUTLER,G3900170,79296,Republican,46515,58.659957627118644
OH,BUTLER,G3900170,79296,Other,0,0
OH,CARROLL,G3900190,9583,Democratic,3487,36.387352603568814
OH,CARROLL,G3900190,9583,Republican,6095,63.6022122508609
OH,CARROLL,G3900190,9583,Other,0,0
OH,CHAMPAIGN,G3900210,13701,Democratic,4560,33.282242172104226
OH,CHAMPAIGN,G3900210,13701,Republican,9140,66.71045909057733
OH,CHAMPAIGN,G3900210,13701,Other,0,0
OH,CLARK,G3900230,53044,Democratic,22454,42.33089510594978
OH,CLARK,G3900230,53044,Republican,30585,57.65967875725813
OH,CLARK,G3900230,53044,Other,0,0
OH,CLERMONT,G3900250,30525,Democratic,11722,38.401310401310404
OH,CLERMONT,G3900250,30525,Republican,18800,61.58886158886159
OH,CLERMONT,G3900250,30525,Other,0,0
OH,CLINTON,G3900270,12962,Democratic,4498,34.70143496374016
OH,CLINTON,G3900270,12962,Republican,8463,65.29085017744175
OH,CLINTON,G3900270,12962,Other,0,0
OH,COLUMBIANA,G3900290,48451,Democratic,20034,41.348991764875855
OH,COLUMBIANA,G3900290,48451,Republican,28412,58.640688530680485
OH,COLUMBIANA,G3900290,48451,Other,0,0
OH,COSHOCTON,G3900310,15309,Democratic,5395,35.240708080214254
OH,COSHOCTON,G3900310,15309,Republican,9913,64.75275981448821
OH,COSHOCTON,G3900310,15309,Other,0,0
OH,CRAWFORD,G3900330,21539,Democratic,6981,32.410975439899715
OH,CRAWFORD,G3900330,21539,Republican,14556,67.57973907795161
OH,CRAWFORD,G3900330,21539,Other,0,0
OH,CUYAHOGA,G3900350,717086,Democratic,428961,59.82002158736888
OH,CUYAHOGA,G3900350,717086,Republican,288053,40.16993777594319
OH,CUYAHOGA,G3900350,717086,Other,0,0
OH,DARKE,G3900370,21763,Democratic,7715,35.450075816753206
OH,DARKE,G3900370,21763,Republican,14046,64.54073427376741
OH,DARKE,G3900370,21763,Other,0,0
OH,DEFIANCE,G3900390,14119,Democratic,5206,36.87229973794178
OH,DEFIANCE,G3900390,14119,Republican,8912,63.12061760747928
OH,DEFIANCE,G3900390,14119,Other,0,0
OH,DELAWARE,G3900410,16725,Democratic,5334,31.892376681614348
OH,DELAWARE,G3900410,16725,Republican,11390,68.101644245142
OH,DELAWARE,G3900410,16725,Other,0,0
OH,ERIE,G3900430,26046,Democratic,10952,42.048683099132305
OH,ERIE,G3900430,26046,Republican,15091,57.93979881747677
OH,ERIE,G3900430,26046,Other,0,0
OH,FAIRFIELD,G3900450,26871,Democratic,9125,33.958542666815525
OH,FAIRFIELD,G3900450,26871,Republican,17743,66.03029288080087
OH,FAIRFIELD,G3900450,26871,Other,0,0
OH,FAYETTE,G3900470,11051,Democratic,3965,35.879105963261246
OH,FAYETTE,G3900470,11051,Republican,7085,64.11184508189304
OH,FAYETTE,G3900470,11051,Other,0,0
OH,FRANKLIN,G3900490,271461,Democratic,110267,40.61983120963969
OH,FRANKLIN,G3900490,271461,Republican,161166,59.36985423320477
OH,FRANKLIN,G3900490,271461,Other,0,0
OH,FULTON,G3900510,12969,Democratic,3273,25.237103863058064
OH,FULTON,G3900510,12969,Republican,9694,74.74747474747475
OH,FULTON,G3900510,12969,Other,0,0
OH,GALLIA,G3900530,11100,Democratic,3498,31.513513513513512
OH,GALLIA,G3900530,11100,Republican,7601,68.47747747747748
OH,GALLIA,G3900530,11100,Other,0,0
OH,GEAUGA,G3900550,21013,Democratic,8521,40.55108742207205
OH,GEAUGA,G3900550,21013,Republican,12490,59.4393946604483
OH,GEAUGA,G3900550,21013,Other,0,0
OH,GREENE,G3900570,33797,Democratic,14154,41.87945675651685
OH,GREENE,G3900570,33797,Republican,19639,58.108707873479894
OH,GREENE,G3900570,33797,Other,0,0
OH,GUERNSEY,G3900590,16928,Democratic,6531,38.58104914933838
OH,GUERNSEY,G3900590,16928,Republican,10395,61.40713610586012
OH,GUERNSEY,G3900590,16928,Other,0,0
OH,HAMILTON,G3900610,387283,Democratic,176214,45.500060679141605
OH,HAMILTON,G3900610,387283,Republican,211031,54.490127374555556
OH,HAMILTON,G3900610,387283,Other,0,0
OH,HANCOCK,G3900630,23771,Democratic,6711,28.231879180514074
OH,HANCOCK,G3900630,23771,Republican,17058,71.75970720625972
OH,HANCOCK,G3900630,23771,Other,0,0
OH,HARDIN,G3900650,14038,Democratic,4995,35.58199173671463
OH,HARDIN,G3900650,14038,Republican,9042,64.41088474141615
OH,HARDIN,G3900650,14038,Other,0,0
OH,HARRISON,G3900670,8832,Democratic,3641,41.22509057971014
OH,HARRISON,G3900670,8832,Republican,5191,58.77490942028986
OH,HARRISON,G3900670,8832,Other,0,0
OH,HENRY,G3900690,11666,Democratic,3415,29.273101320075433
OH,HENRY,G3900690,11666,Republican,8250,70.71832676152923
OH,HENRY,G3900690,11666,Other,0,0
OH,HIGHLAND,G3900710,14371,Democratic,5422,37.72875930693758
OH,HIGHLAND,G3900710,14371,Republican,8947,62.25732377705101
OH,HIGHLAND,G3900710,14371,Other,0,0
OH,HOCKING,G3900730,9319,Democratic,4057,43.53471402510999
OH,HOCKING,G3900730,9319,Republican,5262,56.46528597489001
OH,HOCKING,G3900730,9319,Other,0,0
OH,HOLMES,G3900750,6385,Democratic,1953,30.58731401722788
OH,HOLMES,G3900750,6385,Republican,4432,69.41268598277213
OH,HOLMES,G3900750,6385,Other,0,0
OH,HURON,G3900770,19795,Democratic,7534,38.06011619095731
OH,HURON,G3900770,19795,Republican,12259,61.92978024753726
OH,HURON,G3900770,19795,Other,0,0
OH,JACKSON,G3900790,13522,Democratic,5548,41.0294335157521
OH,JACKSON,G3900790,13522,Republican,7973,58.96317112853128
OH,JACKSON,G3900790,13522,Other,0,0
OH,JEFFERSON,G3900810,48141,Democratic,26954,55.989696931929124
OH,JEFFERSON,G3900810,48141,Republican,21182,43.99991691074136
OH,JEFFERSON,G3900810,48141,Other,0,0
OH,KNOX,G3900830,19276,Democratic,6563,34.04752023241336
OH,KNOX,G3900830,19276,Republican,12711,65.94210417098984
OH,KNOX,G3900830,19276,Other,0,0
OH,LAKE,G3900850,65463,Democratic,33419,51.050211569894444
OH,LAKE,G3900850,65463,Republican,32038,48.94062294731375
OH,LAKE,G3900850,65463,Other,0,0
OH,LAWRENCE,G3900870,21815,Democratic,8654,39.66995186798074
OH,LAWRENCE,G3900870,21815,Republican,13159,60.32088012835205
OH,LAWRENCE,G3900870,21815,Other,0,0
OH,LICKING,G3900890,36988,Democratic,13334,36.04952957716016
OH,LICKING,G3900890,36988,Republican,23650,63.9396561046826
OH,LICKING,G3900890,36988,Other,0,0
OH,LOGAN,G3900910,16590,Democratic,5279,31.8203737191079
OH,LOGAN,G3900910,16590,Republican,11309,68.16757082579868
OH,LOGAN,G3900910,16590,Other,0,0
OH,LORAIN,G3900930,82848,Democratic,43487,52.49010235612206
OH,LORAIN,G3900930,82848,Republican,39353,47.50024140594824
OH,LORAIN,G3900930,82848,Other,0,0
OH,LUCAS,G3900950,197504,Democratic,102821,52.060211438755665
OH,LUCAS,G3900950,197504,Republican,94664,47.930168502916395
OH,LUCAS,G3900950,197504,Other,0,0
OH,MADISON,G3900970,10933,Democratic,3677,33.632122930577154
OH,MADISON,G3900970,10933,Republican,7255,66.35873044909906
OH,MADISON,G3900970,10933,Other,0,0
OH,MAHONING,G3900990,134070,Democratic,82131,61.2597896621168
OH,MAHONING,G3900990,134070,Republican,51925,38.72976803162527
OH,MAHONING,G3900990,134070,Other,0,0
OH,MARION,G3901010,24808,Democratic,9596,38.68107062237988
OH,MARION,G3901010,24808,Republican,15210,61.310867462108995
OH,MARION,G3901010,24808,Other,0,0
OH,MEDINA,G3901030,25919,Democratic,9795,37.79080983062618
OH,MEDINA,G3901030,25919,Republican,16122,62.20147382229253
OH,MEDINA,G3901030,25919,Other,0,0
OH,MEIGS,G3901050,10448,Democratic,3472,33.2312404287902
OH,MEIGS,G3901050,10448,Republican,6975,66.75918836140889
OH,MEIGS,G3901050,10448,Other,0,0
OH,MERCER,G3901070,15465,Democratic,7729,49.97736825088911
OH,MERCER,G3901070,15465,Republican,7734,50.00969932104753
OH,MERCER,G3901070,15465,Other,0,0
OH,MIAMI,G3901090,33921,Democratic,11767,34.68942542967483
OH,MIAMI,G3901090,33921,Republican,22150,65.2987824651396
OH,MIAMI,G3901090,33921,Other,0,0
OH,MONROE,G3901110,7250,Democratic,3144,43.36551724137931
OH,MONROE,G3901110,7250,Republican,4106,56.634482758620685
OH,MONROE,G3901110,7250,Other,0,0
OH,MONTGOMERY,G3901130,207927,Democratic,98308,47.280055019309664
OH,MONTGOMERY,G3901130,207927,Republican,109598,52.709845282238476
OH,MONTGOMERY,G3901130,207927,Other,0,0
OH,MORGAN,G3901150,6247,Democratic,1823,29.182007363534495
OH,MORGAN,G3901150,6247,Republican,4424,70.8179926364655
OH,MORGAN,G3901150,6247,Other,0,0
OH,MORROW,G3901170,9093,Democratic,2735,30.07808204113054
OH,MORROW,G3901170,9093,Republican,6357,69.9109204882877
OH,MORROW,G3901170,9093,Other,0,0
OH,MUSKINGUM,G3901190,34772,Democratic,13252,38.111123892787305
OH,MUSKINGUM,G3901190,34772,Republican,21517,61.880248475785116
OH,MUSKINGUM,G3901190,34772,Other,0,0
OH,NOBLE,G3901210,5987,Democratic,2036,34.00701519959913
OH,NOBLE,G3901210,5987,Republican,3951,65.99298480040086
OH,NOBLE,G3901210,5987,Other,0,0
OH,OTTAWA,G3901230,15872,Democratic,6611,41.65196572580645
OH,OTTAWA,G3901230,15872,Republican,9260,58.34173387096774
OH,OTTAWA,G3901230,15872,Other,0,0
OH,PAULDING,G3901250,7786,Democratic,2825,36.2830721808374
OH,PAULDING,G3901250,7786,Republican,4960,63.70408425378885
OH,PAULDING,G3901250,7786,Other,0,0
OH,PERRY,G3901270,12849,Democratic,5191,40.4000311308273
OH,PERRY,G3901270,12849,Republican,7657,59.59218616234726
OH,PERRY,G3901270,12849,Other,0,0
OH,PICKAWAY,G3901290,12691,Democratic,4870,38.373650618548574
OH,PICKAWAY,G3901290,12691,Republican,7820,61.61846978173509
OH,PICKAWAY,G3901290,12691,Other,0,0
OH,PIKE,G3901310,8023,Democratic,4339,54.082014209148696
OH,PIKE,G3901310,8023,Republican,3683,45.90552162532718
OH,PIKE,G3901310,8023,Other,0,0
OH,PORTAGE,G3901330,38162,Democratic,18528,48.55091452229967
OH,PORTAGE,G3901330,38162,Republican,19631,51.441224254494
OH,PORTAGE,G3901330,38162,Other,0,0
OH,PREBLE,G3901350,14269,Democratic,5466,38.3068189782045
OH,PREBLE,G3901350,14269,Republican,8801,61.679164622608454
OH,PREBLE,G3901350,14269,Other,0,0
OH,PUTNAM,G3901370,12873,Democratic,6039,46.912141691913305
OH,PUTNAM,G3901370,12873,Republican,6833,53.08009011108522
OH,PUTNAM,G3901370,12873,Other,0,0
OH,RICHLAND,G3901390,46962,Democratic,19644,41.829564328606104
OH,RICHLAND,G3901390,46962,Republican,27313,58.15978876538478
OH,RICHLAND,G3901390,46962,Other,0,0
OH,ROSS,G3901410,23111,Democratic,9034,39.089611007745226
OH,ROSS,G3901410,23111,Republican,14075,60.90173510449569
OH,ROSS,G3901410,23111,Other,0,0
OH,SANDUSKY,G3901430,22737,Democratic,8169,35.92822272067555
OH,SANDUSKY,G3901430,22737,Republican,14565,64.05858292650746
OH,SANDUSKY,G3901430,22737,Other,0,0
OH,SCIOTO,G3901450,38418,Democratic,16647,43.331250976104954
OH,SCIOTO,G3901450,38418,Republican,21768,56.66094018428861
OH,SCIOTO,G3901450,38418,Other,0,0
OH,SENECA,G3901470,25773,Democratic,10000,38.800294882241104
OH,SENECA,G3901470,25773,Republican,15770,61.18806502929422
OH,SENECA,G3901470,25773,Other,0,0
OH,SHELBY,G3901490,15632,Democratic,6866,43.92272262026612
OH,SHELBY,G3901490,15632,Republican,8765,56.070880245649946
OH,SHELBY,G3901490,15632,Other,0,0
OH,STARK,G3901510,150086,Democratic,67194,44.77033167650547
OH,STARK,G3901510,150086,Republican,82877,55.21967405354263
OH,STARK,G3901510,150086,Other,0,0
OH,SUMMIT,G3901530,219918,Democratic,110839,50.40014914650006
OH,SUMMIT,G3901530,219918,Republican,109057,49.58984712483744
OH,SUMMIT,G3901530,219918,Other,0,0
OH,TRUMBULL,G3901550,87652,Democratic,46920,53.52986811481769
OH,TRUMBULL,G3901550,87652,Republican,40723,46.45986400766668
OH,TRUMBULL,G3901550,87652,Other,0,0
OH,TUSCARAWAS,G3901570,36720,Democratic,16080,43.790849673202615
OH,TUSCARAWAS,G3901570,36720,Republican,20637,56.200980392156865
OH,TUSCARAWAS,G3901570,36720,Other,0,0
OH,UNION,G3901590,10954,Democratic,3115,28.437100602519628
OH,UNION,G3901590,10954,Republican,7838,71.55377031221471
OH,UNION,G3901590,10954,Other,0,0
OH,VAN WERT,G3901610,14716,Democratic,5049,34.30959499864093
OH,VAN WERT,G3901610,14716,Republican,9665,65.67681435172601
OH,VAN WERT,G3901610,14716,Other,0,0
OH,VINTON,G3901630,5074,Democratic,2031,40.02759164367363
OH,VINTON,G3901630,5074,Republican,3043,59.97240835632637
OH,VINTON,G3901630,5074,Other,0,0
OH,WARREN,G3901650,22450,Democratic,7943,35.380846325167035
OH,WARREN,G3901650,22450,Republican,14505,64.61024498886414
OH,WARREN,G3901650,22450,Other,0,0
OH,WASHINGTON,G3901670,22053,Democratic,7855,35.618736679816806
OH,WASHINGTON,G3901670,22053,Republican,14196,64.37219425928446
OH,WASHINGTON,G3901670,22053,Other,0,0
OH,WAYNE,G3901690,30784,Democratic,9509,30.889423076923077
OH,WAYNE,G3901690,30784,Republican,21272,69.1008316008316
OH,WAYNE,G3901690,30784,Other,0,0
OH,WILLIAMS,G3901710,14363,Democratic,4043,28.148715449418642
OH,WILLIAMS,G3901710,14363,Republican,10318,71.83735988303279
OH,WILLIAMS,G3901710,14363,Other,0,0
OH,WOOD,G3901730,29533,Democratic,10579,35.82094606033928
OH,WOOD,G3901730,29533,Republican,18951,64.16889581146515
OH,WOOD,G3901730,29533,Other,0,0
OH,WYANDOT,G3901750,10312,Democratic,3526,34.193173002327384
OH,WYANDOT,G3901750,10312,Republican,6785,65.79712955779674
OH,WYANDOT,G3901750,10312,Other,0,0
WI,ADAMS,G5500010,3674,Democratic,1551,42.21556886227545
WI,ADAMS,G5500010,3674,Republican,2109,57.403375068045726
WI,ADAMS,G5500010,3674,Other,14,0.38105606967882416
WI,ASHLAND,G5500030,8127,Democratic,4644,57.14285714285714
WI,ASHLAND,G5500030,8127,Republican,3469,42.6848775685985
WI,ASHLAND,G5500030,8127,Other,12,0.14765596160944996
WI,BARRON/DALLAS,G5500050,15145,Democratic,6464,42.680752723671176
WI,BARRON/DALLAS,G5500050,15145,Republican,8639,57.04192802905249
WI,BARRON/DALLAS,G5500050,15145,Other,41,0.2707164080554639
WI,BAYFIELD/LA POINT,G5500070,6060,Democratic,3195,52.722772277227726
WI,BAYFIELD/LA POINT,G5500070,6060,Republican,2841,46.88118811881188
WI,BAYFIELD/LA POINT,G5500070,6060,Other,22,0.36303630363036304
WI,BROWN,G5500090,52952,Democratic,26577,50.1907387822934
WI,BROWN,G5500090,52952,Republican,26328,49.720501586342344
WI,BROWN,G5500090,52952,Other,42,0.07931711738933374
WI,BUFFALO,G5500110,6256,Democratic,2790,44.59718670076726
WI,BUFFALO,G5500110,6256,Republican,3464,55.370843989769824
WI,BUFFALO,G5500110,6256,Other,2,0.0319693094629156
WI,BURNETT,G5500130,4596,Democratic,2095,45.58311575282855
WI,BURNETT,G5500130,4596,Republican,2483,54.02523933855527
WI,BURNETT,G5500130,4596,Other,18,0.39164490861618795
WI,CALUMET,G5500150,9486,Democratic,4311,45.44592030360531
WI,CALUMET,G5500150,9486,Republican,5165,54.44866118490407
WI,CALUMET,G5500150,9486,Other,8,0.0843348091924942
WI,CHIPPEWA,G5500170,18511,Democratic,9792,52.89827670034034
WI,CHIPPEWA,G5500170,18511,Republican,8689,46.93965750094539
WI,CHIPPEWA,G5500170,18511,Other,28,0.15126141213332614
WI,CLARK,G5500190,13343,Democratic,5934,44.47275725099303
WI,CLARK,G5500190,13343,Republican,7367,55.21247095855505
WI,CLARK,G5500190,13343,Other,40,0.2997826575732594
WI,COLUMBIA,G5500210,16873,Democratic,6575,38.967581342973986
WI,COLUMBIA,G5500210,16873,Republican,10281,60.93166597522669
WI,COLUMBIA,G5500210,16873,Other,13,0.07704616843477746
WI,CRAWFORD,G5500230,7071,Democratic,3342,47.263470513364446
WI,CRAWFORD,G5500230,7071,Republican,3719,52.59510677414793
WI,CRAWFORD,G5500230,7071,Other,10,0.1414227124876255
WI,DANE,G5500250,90502,Democratic,47043,51.9800667388566
WI,DANE,G5500250,90502,Republican,43242,47.78015955448499
WI,DANE,G5500250,90502,Other,208,0.22982917504585534
WI,DODGE,G5500270,27295,Democratic,10113,37.0507418941198
WI,DODGE,G5500270,27295,Republican,17149,62.82835684191244
WI,DODGE,G5500270,27295,Other,27,0.09891921597362155
WI,DOOR,G5500290,9414,Democratic,3609,38.33652007648183
WI,DOOR,G5500290,9414,Republican,5790,61.504142766093054
WI,DOOR,G5500290,9414,Other,13,0.13809220310176332
WI,DOUGLAS,G5500310,21270,Democratic,12909,60.69111424541608
WI,DOUGLAS,G5500310,21270,Republican,8306,39.05030559473437
WI,DOUGLAS,G5500310,21270,Other,51,0.2397743300423131
WI,DUNN,G5500330,11239,Democratic,4487,39.92348073672035
WI,DUNN,G5500330,11239,Republican,6722,59.809591600676214
WI,DUNN,G5500330,11239,Other,28,0.24913248509653885
WI,EAU CLAIRE,G5500350,25704,Democratic,11238,43.72082166199813
WI,EAU CLAIRE,G5500350,25704,Republican,14425,56.119670090258325
WI,EAU CLAIRE,G5500350,25704,Other,36,0.1400560224089636
WI,FLORENCE,G5500370,1791,Democratic,858,47.90619765494137
WI,FLORENCE,G5500370,1791,Republican,928,51.814628699050814
WI,FLORENCE,G5500370,1791,Other,5,0.27917364600781686
WI,FOND DU LAC,G5500390,32688,Democratic,13131,40.17070484581498
WI,FOND DU LAC,G5500390,32688,Republican,19495,59.63962310327949
WI,FOND DU LAC,G5500390,32688,Other,56,0.17131669114047968
WI,FOREST,G5500410,3514,Democratic,1851,52.675014228799085
WI,FOREST,G5500410,3514,Republican,1653,47.04040978941377
WI,FOREST,G5500410,3514,Other,10,0.28457598178713717
WI,GRANT,G5500430,19258,Democratic,7676,39.85875999584588
WI,GRANT,G5500430,19258,Republican,11563,60.0425797071347
WI,GRANT,G5500430,19258,Other,15,0.07788970817322671
WI,GREEN,G5500450,11711,Democratic,3765,32.14926137819145
WI,GREEN,G5500450,11711,Republican,7939,67.79096575868842
WI,GREEN,G5500450,11711,Other,6,0.05123388267440868
WI,GREEN LAKE,G5500470,7893,Democratic,2776,35.17040415558089
WI,GREEN LAKE,G5500470,7893,Republican,5110,64.74090966679336
WI,GREEN LAKE,G5500470,7893,Other,6,0.07601672367920942
WI,IOWA,G5500490,8694,Democratic,3546,40.78674948240166
WI,IOWA,G5500490,8694,Republican,5143,59.155739590522195
WI,IOWA,G5500490,8694,Other,3,0.03450655624568668
WI,IRON,G5500510,4170,Democratic,2873,68.8968824940048
WI,IRON,G5500510,4170,Republican,1290,30.935251798561154
WI,IRON,G5500510,4170,Other,7,0.16786570743405274
WI,JACKSON,G5500530,6813,Democratic,2849,41.81711434023191
WI,JACKSON,G5500530,6813,Republican,3949,57.96271833259944
WI,JACKSON,G5500530,6813,Other,14,0.20548950535740496
WI,JEFFERSON,G5500550,22929,Democratic,8757,38.19180949888787
WI,JEFFERSON,G5500550,22929,Republican,14131,61.62937764403158
WI,JEFFERSON,G5500550,22929,Other,39,0.17009027868637971
WI,JUNEAU,G5500570,8246,Democratic,3237,39.25539655590589
WI,JUNEAU,G5500570,8246,Republican,4996,60.58695124909047
WI,JUNEAU,G5500570,8246,Other,11,0.13339801115692457
WI,KENOSHA,G5500590,43011,Democratic,22955,53.37006812210829
WI,KENOSHA,G5500590,43011,Republican,19966,46.42068308107228
WI,KENOSHA,G5500590,43011,Other,82,0.19064890376880334
WI,KEWAUNEE,G5500610,8213,Democratic,4256,51.820284914160474
WI,KEWAUNEE,G5500610,8213,Republican,3950,48.09448435407281
WI,KEWAUNEE,G5500610,8213,Other,7,0.08523073176671131
WI,LA CROSSE,G5500630,32665,Democratic,14307,43.79917342721568
WI,LA CROSSE,G5500630,32665,Republican,18319,56.0814327261595
WI,LA CROSSE,G5500630,32665,Other,36,0.11020970457676413
WI,LAFAYETTE,G5500650,8330,Democratic,3607,43.301320528211285
WI,LAFAYETTE,G5500650,8330,Republican,4715,56.60264105642256
WI,LAFAYETTE,G5500650,8330,Other,7,0.08403361344537816
WI,LANGLADE,G5500670,8655,Democratic,4025,46.50491045638359
WI,LANGLADE,G5500670,8655,Republican,4614,53.31022530329289
WI,LANGLADE,G5500670,8655,Other,16,0.18486424032351242
WI,LINCOLN,G5500690,10089,Democratic,3908,38.73525621964516
WI,LINCOLN,G5500690,10089,Republican,6146,60.91783130141738
WI,LINCOLN,G5500690,10089,Other,32,0.31717712359996036
WI,MANITOWOC,G5500710,32080,Democratic,17423,54.311097256857856
WI,MANITOWOC,G5500710,32080,Republican,14619,45.57044887780549
WI,MANITOWOC,G5500710,32080,Other,32,0.0997506234413965
WI,MARATHON,G5500730,40025,Democratic,18143,45.32916926920675
WI,MARATHON,G5500730,40025,Republican,21878,54.66083697688945
WI,MARATHON,G5500730,40025,Other,0,0
WI,MARINETTE,G5500750,15630,Democratic,7407,47.38963531669866
WI,MARINETTE,G5500750,15630,Republican,8204,52.488803582853485
WI,MARINETTE,G5500750,15630,Other,16,0.10236724248240564
WI,MARQUETTE,G5500770,4203,Democratic,1249,29.716868903164407
WI,MARQUETTE,G5500770,4203,Republican,2947,70.11658339281466
WI,MARQUETTE,G5500770,4203,Other,7,0.16654770402093744
WI,MILWAUKEE,G5500790,445807,Democratic,257676,57.799899956707726
WI,MILWAUKEE,G5500790,445807,Republican,187061,41.960085866754
WI,MILWAUKEE,G5500790,445807,Other,1025,0.2299201223847988
WI,MONROE,G5500810,12587,Democratic,5161,41.00262175260189
WI,MONROE,G5500810,12587,Republican,7410,58.87026296973067
WI,MONROE,G5500810,12587,Other,15,0.11917057281322
WI,OCONTO,G5500830,11283,Democratic,5045,44.71328547372153
WI,OCONTO,G5500830,11283,Republican,6223,55.153771160152445
WI,OCONTO,G5500830,11283,Other,15,0.1329433661260303
WI,ONEIDA,G5500850,10666,Democratic,4974,46.63416463528971
WI,ONEIDA,G5500850,10666,Republican,5675,53.2064504031502
WI,ONEIDA,G5500850,10666,Other,16,0.15000937558597413
WI,OUTAGAMIE,G5500870,41522,Democratic,17286,41.63094263282115
WI,OUTAGAMIE,G5500870,41522,Republican,24145,58.1498964404412
WI,OUTAGAMIE,G5500870,41522,Other,87,0.20952747940850633
WI,OZAUKEE,G5500890,17657,Democratic,7227,40.929942798889954
WI,OZAUKEE,G5500890,17657,Republican,10400,58.90015291385853
WI,OZAUKEE,G5500890,17657,Other,26,0.14725038228464632
WI,PEPIN,G5500910,3380,Democratic,1763,52.15976331360947
WI,PEPIN,G5500910,3380,Republican,1612,47.69230769230769
WI,PEPIN,G5500910,3380,Other,5,0.14792899408284024
WI,PIERCE,G5500930,9958,Democratic,4317,43.35207873066881
WI,PIERCE,G5500930,9958,Republican,5631,56.54749949789114
WI,PIERCE,G5500930,9958,Other,9,0.09037959429604338
WI,POLK,G5500950,11565,Democratic,5148,44.5136186770428
WI,POLK,G5500950,11565,Republican,6386,55.21833117163857
WI,POLK,G5500950,11565,Other,29,0.25075659316904453
WI,PORTAGE,G5500970,16972,Democratic,10516,61.96087673815697
WI,PORTAGE,G5500970,16972,Republican,6436,37.92128211171341
WI,PORTAGE,G5500970,16972,Other,19,0.111949092623144
WI,PRICE,G5500990,6957,Democratic,3382,48.61290786258445
WI,PRICE,G5500990,6957,Republican,3554,51.085237889895076
WI,PRICE,G5500990,6957,Other,19,0.27310622394710365
WI,RACINE,G5501010,60294,Democratic,30593,50.73970876040734
WI,RACINE,G5501010,60294,Republican,29556,49.019802965469204
WI,RACINE,G5501010,60294,Other,133,0.22058579626496833
WI,RICHLAND,G5501030,8229,Democratic,2965,36.03110949082513
WI,RICHLAND,G5501030,8229,Republican,5253,63.83521691578563
WI,RICHLAND,G5501030,8229,Other,11,0.1336735933892332
WI,ROCK,G5501050,48945,Democratic,19191,39.20931657983451
WI,ROCK,G5501050,48945,Republican,29670,60.619062212687716
WI,ROCK,G5501050,48945,Other,73,0.1491470017366432
WI,RUSK,G5501070,6803,Democratic,3692,54.27017492282816
WI,RUSK,G5501070,6803,Republican,3093,45.465235925327065
WI,RUSK,G5501070,6803,Other,16,0.235190357195355
WI,ST CROIX,G5501090,13478,Democratic,6340,47.039620121679775
WI,ST CROIX,G5501090,13478,Republican,7112,52.767472918830684
WI,ST CROIX,G5501090,13478,Other,23,0.17064846416382254
WI,SAUK,G5501110,16867,Democratic,6440,38.18106361534357
WI,SAUK,G5501110,16867,Republican,10402,61.67071797000059
WI,SAUK,G5501110,16867,Other,22,0.13043220489713642
WI,SAWYER,G5501130,5036,Democratic,2325,46.16759332803812
WI,SAWYER,G5501130,5036,Republican,2699,53.59412231930103
WI,SAWYER,G5501130,5036,Other,12,0.23828435266084197
WI,SHAWANO,G5501150,14489,Democratic,4734,32.67306232314169
WI,SHAWANO,G5501150,14489,Republican,9734,67.18200013803575
WI,SHAWANO,G5501150,14489,Other,20,0.13803575125957623
WI,SHEBOYGAN,G5501170,40221,Democratic,18421,45.799457994579946
WI,SHEBOYGAN,G5501170,40221,Republican,21675,53.889759081077045
WI,SHEBOYGAN,G5501170,40221,Other,117,0.2908928171850526
WI,TAYLOR,G5501190,7237,Democratic,3768,52.06577311040487
WI,TAYLOR,G5501190,7237,Republican,3447,47.630233522177704
WI,TAYLOR,G5501190,7237,Other,22,0.30399336741743815
WI,TREMPEALEAU,G5501210,10781,Democratic,5222,48.43706520730915
WI,TREMPEALEAU,G5501210,10781,Republican,5538,51.36814766719229
WI,TREMPEALEAU,G5501210,10781,Other,18,0.16696039328448195
WI,VERNON/BAD AX,G5501230,11760,Democratic,4836,41.12244897959184
WI,VERNON/BAD AX,G5501230,11760,Republican,6908,58.74149659863945
WI,VERNON/BAD AX,G5501230,11760,Other,14,0.11904761904761905
WI,VILAS,G5501250,5460,Democratic,1942,35.56776556776557
WI,VILAS,G5501250,5460,Republican,3508,64.24908424908425
WI,VILAS,G5501250,5460,Other,10,0.18315018315018314
WI,WALWORTH,G5501270,24401,Democratic,7984,32.71997049301258
WI,WALWORTH,G5501270,24401,Republican,16393,67.18167288225892
WI,WALWORTH,G5501270,24401,Other,20,0.08196385394041228
WI,WASHBURN,G5501290,5261,Democratic,2398,45.58068808211367
WI,WASHBURN,G5501290,5261,Republican,2848,54.134195019958185
WI,WASHBURN,G5501290,5261,Other,15,0.28511689792815054
WI,WASHINGTON,G5501310,19991,Democratic,8522,42.62918313240958
WI,WASHINGTON,G5501310,19991,Republican,11451,57.28077634935721
WI,WASHINGTON,G5501310,19991,Other,16,0.08003601620729328
WI,WAUKESHA,G5501330,68419,Democratic,28962,42.33034683348193
WI,WAUKESHA,G5501330,68419,Republican,39375,57.54980341717943
WI,WAUKESHA,G5501330,68419,Other,75,0.10961867317557988
WI,WAUPACA,G5501350,16867,Democratic,4605,27.301831979605147
WI,WAUPACA,G5501350,16867,Republican,12245,72.59737949842888
WI,WAUPACA,G5501350,16867,Other,13,0.07707357562103516
WI,WAUSHARA,G5501370,6799,Democratic,1887,27.754081482570964
WI,WAUSHARA,G5501370,6799,Republican,4905,72.14296220032358
WI,WAUSHARA,G5501370,6799,Other,5,0.07354022650389763
WI,WINNEBAGO,G5501390,46334,Democratic,17653,38.09945180644883
WI,WINNEBAGO,G5501390,46334,Republican,28597,61.7192558380455
WI,WINNEBAGO,G5501390,46334,Other,79,0.17050114386843357
WI,WOOD,G5501410,24930,Democratic,10481,42.041716807059764
WI,WOOD,G5501410,24930,Republican,14412,57.80986762936221
WI,WOOD,G5501410,24930,Other,32,0.12835940633774567
IA,ADAIR,G1900010,5630,Democratic,2245,39.87566607460036
IA,ADAIR,G1900010,5630,Republican,3383,60.08880994671403
IA,ADAIR,G1900010,5630,Other,2,0.035523978685612786
IA,ADAMS,G1900030,3828,Democratic,1643,42.92058516196447
IA,ADAMS,G1900030,3828,Republican,2185,57.079414838035525
IA,ADAMS,G1900030,3828,Other,0,0
IA,ALLAMAKEE,G1900050,7916,Democratic,2933,37.05154118241536
IA,ALLAMAKEE,G1900050,7916,Republican,4970,62.78423446184942
IA,ALLAMAKEE,G1900050,7916,Other,13,0.16422435573521982
IA,APPANOOSE,G1900070,8480,Democratic,3422,40.35377358490566
IA,APPANOOSE,G1900070,8480,Republican,5040,59.43396226415094
IA,APPANOOSE,G1900070,8480,Other,18,0.21226415094339623
IA,AUDUBON,G1900090,5532,Democratic,2595,46.90889370932755
IA,AUDUBON,G1900090,5532,Republican,2935,53.054953000723074
IA,AUDUBON,G1900090,5532,Other,2,0.036153289949385395
IA,BENTON,G1900110,10601,Democratic,4620,43.58079426469201
IA,BENTON,G1900110,10601,Republican,5972,56.334308084143004
IA,BENTON,G1900110,10601,Other,8,0.0754645788133195
IA,BLACK HAWK,G1900130,52551,Democratic,24074,45.81073623717912
IA,BLACK HAWK,G1900130,52551,Republican,28430,54.09982683488421
IA,BLACK HAWK,G1900130,52551,Other,37,0.07040779433312401
IA,BOONE,G1900150,12527,Democratic,5759,45.972698970224315
IA,BOONE,G1900150,12527,Republican,6761,53.97142172906521
IA,BOONE,G1900150,12527,Other,6,0.047896543466113196
IA,BREMER,G1900170,9742,Democratic,3233,33.18620406487374
IA,BREMER,G1900170,9742,Republican,6504,66.76247177171012
IA,BREMER,G1900170,9742,Other,4,0.04105933073290905
IA,BUCHANAN,G1900190,9433,Democratic,4251,45.065196650058304
IA,BUCHANAN,G1900190,9433,Republican,5179,54.903000106010815
IA,BUCHANAN,G1900190,9433,Other,3,0.03180324393088095
IA,BUENA VISTA,G1900210,9996,Democratic,3637,36.38455382152861
IA,BUENA VISTA,G1900210,9996,Republican,6350,63.52541016406562
IA,BUENA VISTA,G1900210,9996,Other,8,0.08003201280512205
IA,BUTLER,G1900230,7616,Democratic,2267,29.76628151260504
IA,BUTLER,G1900230,7616,Republican,5345,70.18119747899159
IA,BUTLER,G1900230,7616,Other,2,0.026260504201680673
IA,CALHOUN,G1900250,7615,Democratic,3123,41.01116217990808
IA,CALHOUN,G1900250,7615,Republican,4484,58.88378200919239
IA,CALHOUN,G1900250,7615,Other,7,0.09192383453709783
IA,CARROLL,G1900270,11721,Democratic,7063,60.25936353553452
IA,CARROLL,G1900270,11721,Republican,4647,39.646787816739185
IA,CARROLL,G1900270,11721,Other,8,0.06825356198276597
IA,CASS,G1900290,9354,Democratic,3059,32.70258712850118
IA,CASS,G1900290,9354,Republican,6290,67.24395980329271
IA,CASS,G1900290,9354,Other,5,0.053453068206115034
IA,CEDAR,G1900310,8425,Democratic,3202,38.00593471810089
IA,CEDAR,G1900310,8425,Republican,5217,61.92284866468842
IA,CEDAR,G1900310,8425,Other,4,0.04747774480712166
IA,CERRO GORDO,G1900330,22889,Democratic,10044,43.881340381842804
IA,CERRO GORDO,G1900330,22889,Republican,12829,56.048757044868715
IA,CERRO GORDO,G1900330,22889,Other,14,0.061164751627419287
IA,CHEROKEE,G1900350,8106,Democratic,3309,40.82161361954108
IA,CHEROKEE,G1900350,8106,Republican,4791,59.10436713545521
IA,CHEROKEE,G1900350,8106,Other,6,0.07401924500370095
IA,CHICKASAW,G1900370,7889,Democratic,4063,51.50209151983775
IA,CHICKASAW,G1900370,7889,Republican,3821,48.43452909113956
IA,CHICKASAW,G1900370,7889,Other,4,0.05070351121815186
IA,CLARKE,G1900390,4550,Democratic,1906,41.89010989010989
IA,CLARKE,G1900390,4550,Republican,2631,57.824175824175825
IA,CLARKE,G1900390,4550,Other,13,0.2857142857142857
IA,CLAY,G1900410,8604,Democratic,3436,39.9349139934914
IA,CLAY,G1900410,8604,Republican,5165,60.03021850302185
IA,CLAY,G1900410,8604,Other,2,0.023245002324500233
IA,CLAYTON,G1900430,11057,Democratic,4612,41.71113321877544
IA,CLAYTON,G1900430,11057,Republican,6441,58.25269060323777
IA,CLAYTON,G1900430,11057,Other,3,0.02713213349009677
IA,CLINTON,G1900450,24330,Democratic,10506,43.18125770653514
IA,CLINTON,G1900450,24330,Republican,13795,56.699547883271684
IA,CLINTON,G1900450,24330,Other,24,0.09864364981504316
IA,CRAWFORD,G1900470,8518,Democratic,3720,43.672223526649454
IA,CRAWFORD,G1900470,8518,Republican,4791,56.24559755811224
IA,CRAWFORD,G1900470,8518,Other,7,0.08217891523831886
IA,DALLAS,G1900490,12176,Democratic,5596,45.959264126149804
IA,DALLAS,G1900490,12176,Republican,6565,53.91754270696452
IA,DALLAS,G1900490,12176,Other,12,0.09855453350854139
IA,DAVIS,G1900510,4949,Democratic,2303,46.53465346534654
IA,DAVIS,G1900510,4949,Republican,2641,53.36431602343907
IA,DAVIS,G1900510,4949,Other,5,0.10103051121438675
IA,DECATUR,G1900530,5457,Democratic,2411,44.1817848634781
IA,DECATUR,G1900530,5457,Republican,3038,55.6716144401686
IA,DECATUR,G1900530,5457,Other,7,0.12827560930914422
IA,DELAWARE,G1900550,8703,Democratic,3687,42.36470182695622
IA,DELAWARE,G1900550,8703,Republican,5015,57.62380788233943
IA,DELAWARE,G1900550,8703,Other,0,0
IA,DES MOINES,G1900570,20591,Democratic,9871,47.93841969792628
IA,DES MOINES,G1900570,20591,Republican,10676,51.847894711281626
IA,DES MOINES,G1900570,20591,Other,39,0.1894031372929921
IA,DICKINSON,G1900590,6273,Democratic,2696,42.977841543121315
IA,DICKINSON,G1900590,6273,Republican,3575,56.99027578511079
IA,DICKINSON,G1900590,6273,Other,2,0.031882671767894145
IA,DUBUQUE,G1900610,34766,Democratic,22007,63.300350917563144
IA,DUBUQUE,G1900610,34766,Republican,12738,36.639245239601905
IA,DUBUQUE,G1900610,34766,Other,17,0.04889834896162917
IA,EMMET,G1900630,6853,Democratic,2562,37.38508682328907
IA,EMMET,G1900630,6853,Republican,4284,62.512768130745656
IA,EMMET,G1900630,6853,Other,5,0.07296074711805049
IA,FAYETTE,G1900650,13611,Democratic,5255,38.60847843655866
IA,FAYETTE,G1900650,13611,Republican,8330,61.20049959591507
IA,FAYETTE,G1900650,13611,Other,24,0.1763279700242451
IA,FLOYD,G1900670,9746,Democratic,3970,40.734660373486555
IA,FLOYD,G1900670,9746,Republican,5774,59.24481838703058
IA,FLOYD,G1900670,9746,Other,2,0.020521239482864766
IA,FRANKLIN,G1900690,6996,Democratic,2476,35.39165237278445
IA,FRANKLIN,G1900690,6996,Republican,4514,64.52258433390509
IA,FRANKLIN,G1900690,6996,Other,6,0.08576329331046312
IA,FREMONT,G1900710,5336,Democratic,2307,43.23463268365817
IA,FREMONT,G1900710,5336,Republican,3027,56.72788605697151
IA,FREMONT,G1900710,5336,Other,2,0.037481259370314844
IA,GREENE,G1900730,6954,Democratic,2879,41.400632729364396
IA,GREENE,G1900730,6954,Republican,4063,58.42680471670981
IA,GREENE,G1900730,6954,Other,12,0.1725625539257981
IA,GRUNDY,G1900750,7166,Democratic,2173,30.323751046608987
IA,GRUNDY,G1900750,7166,Republican,4989,69.62042980742395
IA,GRUNDY,G1900750,7166,Other,3,0.041864359475300025
IA,GUTHRIE,G1900770,6949,Democratic,2896,41.67506115987912
IA,GUTHRIE,G1900770,6949,Republican,4046,58.224204921571456
IA,GUTHRIE,G1900770,6949,Other,7,0.10073391854943158
IA,HAMILTON,G1900790,9174,Democratic,3904,42.55504687159363
IA,HAMILTON,G1900790,9174,Republican,5265,57.39045127534336
IA,HAMILTON,G1900790,9174,Other,4,0.04360148245040331
IA,HANCOCK,G1900810,6937,Democratic,2757,39.74340493008505
IA,HANCOCK,G1900810,6937,Republican,4179,60.24217961654894
IA,HANCOCK,G1900810,6937,Other,1,0.01441545336600836
IA,HARDIN,G1900830,10330,Democratic,3887,37.62826718296225
IA,HARDIN,G1900830,10330,Republican,6438,62.32333010648596
IA,HARDIN,G1900830,10330,Other,3,0.029041626331074537
IA,HARRISON,G1900850,8562,Democratic,3612,42.18640504555011
IA,HARRISON,G1900850,8562,Republican,4939,57.685120298995564
IA,HARRISON,G1900850,8562,Other,9,0.10511562718990891
IA,HENRY,G1900870,8377,Democratic,2839,33.89041422943775
IA,HENRY,G1900870,8377,Republican,5530,66.01408618837293
IA,HENRY,G1900870,8377,Other,7,0.08356213441566193
IA,HOWARD,G1900890,6784,Democratic,3406,50.20636792452831
IA,HOWARD,G1900890,6784,Republican,3378,49.7936320754717
IA,HOWARD,G1900890,6784,Other,0,0
IA,HUMBOLDT,G1900910,6243,Democratic,2706,43.34454589139837
IA,HUMBOLDT,G1900910,6243,Republican,3537,56.65545410860163
IA,HUMBOLDT,G1900910,6243,Other,0,0
IA,IDA,G1900930,5241,Democratic,1949,37.18755962602557
IA,IDA,G1900930,5241,Republican,3290,62.77427971761115
IA,IDA,G1900930,5241,Other,2,0.03816065636328945
IA,IOWA,G1900950,7790,Democratic,2828,36.30295250320924
IA,IOWA,G1900950,7790,Republican,4944,63.46598202824133
IA,IOWA,G1900950,7790,Other,18,0.23106546854942236
IA,JACKSON,G1900970,9434,Democratic,4344,46.04621581513674
IA,JACKSON,G1900970,9434,Republican,5084,53.89018443926224
IA,JACKSON,G1900970,9434,Other,5,0.052999788000847994
IA,JASPER,G1900990,16585,Democratic,7241,43.65993367500754
IA,JASPER,G1900990,16585,Republican,9331,56.26168224299065
IA,JASPER,G1900990,16585,Other,10,0.06029544769369913
IA,JEFFERSON,G1901010,7722,Democratic,2780,36.001036001036
IA,JEFFERSON,G1901010,7722,Republican,4941,63.98601398601399
IA,JEFFERSON,G1901010,7722,Other,0,0
IA,JOHNSON,G1901030,21508,Democratic,10563,49.11195834108239
IA,JOHNSON,G1901030,21508,Republican,10926,50.79970243630277
IA,JOHNSON,G1901030,21508,Other,17,0.07904035707643667
IA,JONES,G1901050,9469,Democratic,3924,41.44049002006548
IA,JONES,G1901050,9469,Republican,5540,58.50670609356848
IA,JONES,G1901050,9469,Other,4,0.04224310909282923
IA,KEOKUK,G1901070,8115,Democratic,3407,41.98398028342575
IA,KEOKUK,G1901070,8115,Republican,4697,57.88046826863832
IA,KEOKUK,G1901070,8115,Other,10,0.12322858903265559
IA,KOSSUTH,G1901090,12084,Democratic,5805,48.038728897715984
IA,KOSSUTH,G1901090,12084,Republican,6278,51.95299569678914
IA,KOSSUTH,G1901090,12084,Other,0,0
IA,LEE,G1901110,20701,Democratic,9934,47.98801990242017
IA,LEE,G1901110,20701,Republican,10765,52.002318728563836
IA,LEE,G1901110,20701,Other,0,0
IA,LINN,G1901130,61839,Democratic,27611,44.649816458869
IA,LINN,G1901130,61839,Republican,34197,55.3000533643817
IA,LINN,G1901130,61839,Other,25,0.04042756189459726
IA,LOUISA,G1901150,5004,Democratic,1966,39.28856914468425
IA,LOUISA,G1901150,5004,Republican,3036,60.671462829736214
IA,LOUISA,G1901150,5004,Other,2,0.03996802557953637
IA,LUCAS,G1901170,5865,Democratic,2344,39.96589940323956
IA,LUCAS,G1901170,5865,Republican,3512,59.88064791133845
IA,LUCAS,G1901170,5865,Other,9,0.1534526854219949
IA,LYON/BUNCOMBE,G1901190,6676,Democratic,1752,26.243259436788495
IA,LYON/BUNCOMBE,G1901190,6676,Republican,4917,73.65188735769922
IA,LYON/BUNCOMBE,G1901190,6676,Other,7,0.1048532055122828
IA,MADISON,G1901210,6529,Democratic,2722,41.690917445244295
IA,MADISON,G1901210,6529,Republican,3804,58.26313371113494
IA,MADISON,G1901210,6529,Other,3,0.04594884362076888
IA,MAHASKA,G1901230,10901,Democratic,3746,34.36381983304284
IA,MAHASKA,G1901230,10901,Republican,7128,65.38849646821393
IA,MAHASKA,G1901230,10901,Other,25,0.22933675809558757
IA,MARION,G1901250,12008,Democratic,4546,37.8580946035976
IA,MARION,G1901250,12008,Republican,7444,61.99200532978014
IA,MARION,G1901250,12008,Other,17,0.14157228514323786
IA,MARSHALL,G1901270,17042,Democratic,6761,39.67257364159136
IA,MARSHALL,G1901270,17042,Republican,10264,60.22767280835583
IA,MARSHALL,G1901270,17042,Other,15,0.0880178382818918
IA,MILLS,G1901290,5256,Democratic,1820,34.627092846270926
IA,MILLS,G1901290,5256,Republican,3436,65.37290715372907
IA,MILLS,G1901290,5256,Other,0,0
IA,MITCHELL,G1901310,6798,Democratic,2873,42.262430126507795
IA,MITCHELL,G1901310,6798,Republican,3915,57.59046778464254
IA,MITCHELL,G1901310,6798,Other,10,0.14710208884966167
IA,MONONA,G1901330,7070,Democratic,3207,45.36067892503536
IA,MONONA,G1901330,7070,Republican,3862,54.62517680339462
IA,MONONA,G1901330,7070,Other,0,0
IA,MONROE,G1901350,5391,Democratic,2459,45.61305880170654
IA,MONROE,G1901350,5391,Republican,2922,54.20144685587089
IA,MONROE,G1901350,5391,Other,10,0.1854943424225561
IA,MONTGOMERY,G1901370,7630,Democratic,2654,34.78374836173002
IA,MONTGOMERY,G1901370,7630,Republican,4974,65.19003931847969
IA,MONTGOMERY,G1901370,7630,Other,1,0.01310615989515072
IA,MUSCATINE,G1901390,14698,Democratic,6135,41.74037283984215
IA,MUSCATINE,G1901390,14698,Republican,8554,58.1983943393659
IA,MUSCATINE,G1901390,14698,Other,7,0.04762552728262349
IA,O BRIEN,G1901410,9480,Democratic,2966,31.28691983122363
IA,O BRIEN,G1901410,9480,Republican,6509,68.66033755274262
IA,O BRIEN,G1901410,9480,Other,4,0.04219409282700422
IA,OSCEOLA,G1901430,4782,Democratic,1814,37.93391886240067
IA,OSCEOLA,G1901430,4782,Republican,2965,62.00334588038478
IA,OSCEOLA,G1901430,4782,Other,3,0.06273525721455457
IA,PAGE,G1901450,10172,Democratic,3075,30.230043255996854
IA,PAGE,G1901450,10172,Republican,7089,69.69130947699568
IA,PAGE,G1901450,10172,Other,7,0.06881635863153755
IA,PALO ALTO,G1901470,7249,Democratic,3695,50.972547937646574
IA,PALO ALTO,G1901470,7249,Republican,3551,48.986067043730166
IA,PALO ALTO,G1901470,7249,Other,3,0.041385018623258385
IA,PLYMOUTH,G1901490,11103,Democratic,4670,42.060704314149326
IA,PLYMOUTH,G1901490,11103,Republican,6432,57.93028911105107
IA,PLYMOUTH,G1901490,11103,Other,0,0
IA,POCAHONTAS,G1901510,6859,Democratic,3408,49.68654322787579
IA,POCAHONTAS,G1901510,6859,Republican,3445,50.22598046362443
IA,POCAHONTAS,G1901510,6859,Other,5,0.07289692374981775
IA,POLK,G1901530,119234,Democratic,55086,46.19990942180922
IA,POLK,G1901530,119234,Republican,64076,53.73970511766778
IA,POLK,G1901530,119234,Other,60,0.05032121710250431
IA,POTTAWATTAMIE,G1901550,33261,Democratic,14023,42.16048825952316
IA,POTTAWATTAMIE,G1901550,33261,Republican,19222,57.79140735395809
IA,POTTAWATTAMIE,G1901550,33261,Other,10,0.030065241574216046
IA,POWESHIEK,G1901570,8904,Democratic,3670,41.21743036837376
IA,POWESHIEK,G1901570,8904,Republican,5232,58.760107816711596
IA,POWESHIEK,G1901570,8904,Other,1,0.011230907457322553
IA,RINGGOLD,G1901590,4321,Democratic,1781,41.217310807683404
IA,RINGGOLD,G1901590,4321,Republican,2538,58.7364036102754
IA,RINGGOLD,G1901590,4321,Other,2,0.04628558204119417
IA,SAC,G1901610,7904,Democratic,3053,38.62601214574899
IA,SAC,G1901610,7904,Republican,4850,61.36133603238867
IA,SAC,G1901610,7904,Other,0,0
IA,SCOTT,G1901630,50671,Democratic,23000,45.390854729529714
IA,SCOTT,G1901630,50671,Republican,27616,54.50060192220402
IA,SCOTT,G1901630,50671,Other,46,0.09078170945905943
IA,SHELBY,G1901650,7644,Democratic,3427,44.83254840397697
IA,SHELBY,G1901650,7644,Republican,4210,55.075876504447926
IA,SHELBY,G1901650,7644,Other,7,0.09157509157509157
IA,SIOUX,G1901670,12934,Democratic,2642,20.42678212463275
IA,SIOUX,G1901670,12934,Republican,10284,79.51136539353641
IA,SIOUX,G1901670,12934,Other,6,0.0463893613731251
IA,STORY,G1901690,21004,Democratic,7280,34.66006474957151
IA,STORY,G1901690,21004,Republican,13707,65.25899828604076
IA,STORY,G1901690,21004,Other,15,0.07141496857741383
IA,TAMA,G1901710,10486,Democratic,4949,47.19626168224299
IA,TAMA,G1901710,10486,Republican,5535,52.78466526797635
IA,TAMA,G1901710,10486,Other,0,0
IA,TAYLOR,G1901730,5581,Democratic,2126,38.093531625156785
IA,TAYLOR,G1901730,5581,Republican,3452,61.85271456728185
IA,TAYLOR,G1901730,5581,Other,3,0.05375380756136893
IA,UNION,G1901750,7142,Democratic,2720,38.08457014841781
IA,UNION,G1901750,7142,Republican,4417,61.845421450574065
IA,UNION,G1901750,7142,Other,5,0.07000840100812097
IA,VAN BUREN,G1901770,4894,Democratic,1760,35.962402942378425
IA,VAN BUREN,G1901770,4894,Republican,3129,63.93543114017164
IA,VAN BUREN,G1901770,4894,Other,5,0.1021659174499387
IA,WAPELLO,G1901790,22167,Democratic,11115,50.14210312626878
IA,WAPELLO,G1901790,22167,Republican,11035,49.78120629764966
IA,WAPELLO,G1901790,22167,Other,13,0.05864573465060676
IA,WARREN,G1901810,10149,Democratic,4136,40.752783525470484
IA,WARREN,G1901810,10149,Republican,6012,59.23736328702335
IA,WARREN,G1901810,10149,Other,0,0
IA,WASHINGTON,G1901830,9089,Democratic,3221,35.438442072835294
IA,WASHINGTON,G1901830,9089,Republican,5861,64.48454175376828
IA,WASHINGTON,G1901830,9089,Other,5,0.05501155242600946
IA,WAYNE,G1901850,5715,Democratic,2307,40.36745406824147
IA,WAYNE,G1901850,5715,Republican,3401,59.510061242344705
IA,WAYNE,G1901850,5715,Other,7,0.12248468941382328
IA,WEBSTER,G1901870,21435,Democratic,10679,49.82038721716818
IA,WEBSTER,G1901870,21435,Republican,10739,50.100303242360624
IA,WEBSTER,G1901870,21435,Other,13,0.06064847212502916
IA,WINNEBAGO,G1901890,6549,Democratic,2462,37.59352572911895
IA,WINNEBAGO,G1901890,6549,Republican,4082,62.3301267369064
IA,WINNEBAGO,G1901890,6549,Other,4,0.06107802717972209
IA,WINNESHIEK,G1901910,10530,Democratic,4786,45.45109211775878
IA,WINNESHIEK,G1901910,10530,Republican,5737,54.48243114909782
IA,WINNESHIEK,G1901910,10530,Other,6,0.056980056980056974
IA,WOODBURY,G1901930,48744,Democratic,21906,44.94091580502216
IA,WOODBURY,G1901930,48744,Republican,26829,55.040620384047266
IA,WOODBURY,G1901930,48744,Other,5,0.010257672739208929
IA,WORTH,G1901950,5048,Democratic,2303,45.62202852614897
IA,WORTH,G1901950,5048,Republican,2740,54.27892234548336
IA,WORTH,G1901950,5048,Other,5,0.09904912836767037
IA,WRIGHT,G1901970,9560,Democratic,4159,43.504184100418406
IA,WRIGHT,G1901970,9560,Republican,5385,56.32845188284519
IA,WRIGHT,G1901970,9560,Other,14,0.14644351464435146
KS,ALLEN,G2000010,7508,Democratic,2540,33.830580713905164
KS,ALLEN,G2000010,7508,Republican,4946,65.87639850825786
KS,ALLEN,G2000010,7508,Other,20,0.26638252530633993
KS,ANDERSON,G2000030,4274,Democratic,1589,37.17828731867103
KS,ANDERSON,G2000030,4274,Republican,2665,62.353766963032285
KS,ANDERSON,G2000030,4274,Other,20,0.4679457182966776
KS,ATCHISON,G2000050,9160,Democratic,4335,47.325327510917035
KS,ATCHISON,G2000050,9160,Republican,4793,52.32532751091703
KS,ATCHISON,G2000050,9160,Other,30,0.32751091703056767
KS,BARBER,G2000070,4066,Democratic,1347,33.12838170191835
KS,BARBER,G2000070,4066,Republican,2703,66.47811116576487
KS,BARBER,G2000070,4066,Other,16,0.3935071323167732
KS,BARTON,G2000090,13665,Democratic,6036,44.171240395170145
KS,BARTON,G2000090,13665,Republican,7598,55.601902671057445
KS,BARTON,G2000090,13665,Other,29,0.21222100256128798
KS,BOURBON,G2000110,8031,Democratic,2927,36.4462707010335
KS,BOURBON,G2000110,8031,Republican,5062,63.03075582119288
KS,BOURBON,G2000110,8031,Other,41,0.5105217283028265
KS,BROWN,G2000130,6515,Democratic,1773,27.214121258633924
KS,BROWN,G2000130,6515,Republican,4706,72.23330775134306
KS,BROWN,G2000130,6515,Other,35,0.5372217958557176
KS,BUTLER,G2000150,17232,Democratic,7112,41.27205199628598
KS,BUTLER,G2000150,17232,Republican,10058,58.36815227483751
KS,BUTLER,G2000150,17232,Other,60,0.34818941504178275
KS,CHASE,G2000170,1992,Democratic,708,35.54216867469879
KS,CHASE,G2000170,1992,Republican,1276,64.05622489959839
KS,CHASE,G2000170,1992,Other,8,0.4016064257028112
KS,CHAUTAUQUA,G2000190,3062,Democratic,885,28.90267798824298
KS,CHAUTAUQUA,G2000190,3062,Republican,2160,70.5421293272371
KS,CHAUTAUQUA,G2000190,3062,Other,17,0.5551926845199217
KS,CHEROKEE/MCGHEE,G2000210,10192,Democratic,4365,42.82770800627944
KS,CHEROKEE/MCGHEE,G2000210,10192,Republican,5752,56.436420722135004
KS,CHEROKEE/MCGHEE,G2000210,10192,Other,72,0.7064364207221351
KS,CHEYENNE,G2000230,2271,Democratic,636,28.005284015852048
KS,CHEYENNE,G2000230,2271,Republican,1622,71.42228093350947
KS,CHEYENNE,G2000230,2271,Other,13,0.5724350506384853
KS,CLARK,G2000250,1830,Democratic,538,29.398907103825138
KS,CLARK,G2000250,1830,Republican,1286,70.27322404371584
KS,CLARK,G2000250,1830,Other,6,0.32786885245901637
KS,CLAY,G2000270,5226,Democratic,1246,23.842326827401454
KS,CLAY,G2000270,5226,Republican,3937,75.33486414083428
KS,CLAY,G2000270,5226,Other,43,0.8228090317642557
KS,CLOUD,G2000290,6677,Democratic,2607,39.04448105436573
KS,CLOUD,G2000290,6677,Republican,4045,60.581099296091054
KS,CLOUD,G2000290,6677,Other,25,0.37441964954320806
KS,COFFEY,G2000310,4197,Democratic,1263,30.092923516797715
KS,COFFEY,G2000310,4197,Republican,2925,69.69263759828449
KS,COFFEY,G2000310,4197,Other,9,0.21443888491779842
KS,COMANCHE,G2000330,1652,Democratic,460,27.845036319612593
KS,COMANCHE,G2000330,1652,Republican,1187,71.85230024213075
KS,COMANCHE,G2000330,1652,Other,5,0.3026634382566586
KS,COWLEY,G2000350,16580,Democratic,6204,37.41857659831122
KS,COWLEY,G2000350,16580,Republican,10275,61.97225572979493
KS,COWLEY,G2000350,16580,Other,98,0.5910735826296744
KS,CRAWFORD,G2000370,17777,Democratic,8325,46.83017382010463
KS,CRAWFORD,G2000370,17777,Republican,9383,52.781684198683685
KS,CRAWFORD,G2000370,17777,Other,68,0.38251673510716094
KS,DECATUR,G2000390,2892,Democratic,1038,35.892116182572614
KS,DECATUR,G2000390,2892,Republican,1846,63.831258644536646
KS,DECATUR,G2000390,2892,Other,8,0.2766251728907331
KS,DICKINSON,G2000410,10055,Democratic,3054,30.37294878170065
KS,DICKINSON,G2000410,10055,Republican,6955,69.16956737941324
KS,DICKINSON,G2000410,10055,Other,44,0.4375932371954252
KS,DONIPHAN,G2000430,4277,Democratic,1383,32.33574935702595
KS,DONIPHAN,G2000430,4277,Republican,2882,67.3836801496376
KS,DONIPHAN,G2000430,4277,Other,12,0.2805704933364508
KS,DOUGLAS,G2000450,17065,Democratic,5689,33.337239964840315
KS,DOUGLAS,G2000450,17065,Republican,11336,66.42836214474069
KS,DOUGLAS,G2000450,17065,Other,38,0.22267799589803688
KS,EDWARDS,G2000470,2584,Democratic,986,38.15789473684211
KS,EDWARDS,G2000470,2584,Republican,1588,61.45510835913313
KS,EDWARDS,G2000470,2584,Other,10,0.38699690402476783
KS,ELK,G2000490,2673,Democratic,823,30.789375233819676
KS,ELK,G2000490,2673,Republican,1830,68.46240179573513
KS,ELK,G2000490,2673,Other,20,0.7482229704451926
KS,ELLIS,G2000510,8977,Democratic,5814,64.76551186365155
KS,ELLIS,G2000510,8977,Republican,3155,35.14537150495711
KS,ELLIS,G2000510,8977,Other,5,0.055697894619583375
KS,ELLSWORTH,G2000530,3687,Democratic,1488,40.358014646053704
KS,ELLSWORTH,G2000530,3687,Republican,2189,59.370762137238955
KS,ELLSWORTH,G2000530,3687,Other,10,0.27122321670735017
KS,FINNEY,G2000550,6240,Democratic,2490,39.90384615384615
KS,FINNEY,G2000550,6240,Republican,3720,59.61538461538461
KS,FINNEY,G2000550,6240,Other,30,0.4807692307692308
KS,FORD,G2000570,9017,Democratic,3792,42.05389819230343
KS,FORD,G2000570,9017,Republican,5199,57.657757569036264
KS,FORD,G2000570,9017,Other,24,0.2661639126095154
KS,FRANKLIN,G2000590,9029,Democratic,2823,31.26592092147525
KS,FRANKLIN,G2000590,9029,Republican,6158,68.20245874404695
KS,FRANKLIN,G2000590,9029,Other,47,0.5205449108428397
KS,GEARY,G2000610,6183,Democratic,2365,38.25004043344655
KS,GEARY,G2000610,6183,Republican,3789,61.280931586608446
KS,GEARY,G2000610,6183,Other,28,0.452854601326217
KS,GOVE,G2000630,1907,Democratic,828,43.418982695332986
KS,GOVE,G2000630,1907,Republican,1065,55.84687991609858
KS,GOVE,G2000630,1907,Other,14,0.7341373885684321
KS,GRAHAM,G2000650,2497,Democratic,918,36.76411694032839
KS,GRAHAM,G2000650,2497,Republican,1572,62.955546655987185
KS,GRAHAM,G2000650,2497,Other,7,0.2803364036844213
KS,GRANT,G2000670,1942,Democratic,702,36.148300720906285
KS,GRANT,G2000670,1942,Republican,1235,63.59423274974253
KS,GRANT,G2000670,1942,Other,5,0.25746652935118436
KS,GRAY,G2000690,1899,Democratic,744,39.178515007898895
KS,GRAY,G2000690,1899,Republican,1150,60.55818852027382
KS,GRAY,G2000690,1899,Other,5,0.2632964718272775
KS,GREELEY,G2000710,914,Democratic,262,28.665207877461707
KS,GREELEY,G2000710,914,Republican,645,70.56892778993435
KS,GREELEY,G2000710,914,Other,7,0.7658643326039387
KS,GREENWOOD,G2000730,5571,Democratic,1804,32.38197810087956
KS,GREENWOOD,G2000730,5571,Republican,3758,67.45647101059056
KS,GREENWOOD,G2000730,5571,Other,9,0.16155088852988692
KS,HAMILTON,G2000750,1481,Democratic,591,39.905469277515195
KS,HAMILTON,G2000750,1481,Republican,885,59.756920999324784
KS,HAMILTON,G2000750,1481,Other,5,0.337609723160027
KS,HARPER,G2000770,4622,Democratic,1439,31.133708351363047
KS,HARPER,G2000770,4622,Republican,3158,68.32540025962787
KS,HARPER,G2000770,4622,Other,25,0.540891389009087
KS,HARVEY,G2000790,11404,Democratic,3536,31.006664328305856
KS,HARVEY,G2000790,11404,Republican,7797,68.3707471062785
KS,HARVEY,G2000790,11404,Other,68,0.5962820063135742
KS,HASKELL,G2000810,1328,Democratic,471,35.46686746987952
KS,HASKELL,G2000810,1328,Republican,853,64.23192771084338
KS,HASKELL,G2000810,1328,Other,4,0.30120481927710846
KS,HODGEMAN,G2000830,1507,Democratic,570,37.8234903782349
KS,HODGEMAN,G2000830,1507,Republican,926,61.446582614465825
KS,HODGEMAN,G2000830,1507,Other,11,0.7299270072992701
KS,JACKSON,G2000850,4861,Democratic,1567,32.23616539806624
KS,JACKSON,G2000850,4861,Republican,3279,67.45525612013988
KS,JACKSON,G2000850,4861,Other,15,0.3085784817938696
KS,JEFFERSON,G2000870,5101,Democratic,1739,34.09135463634582
KS,JEFFERSON,G2000870,5101,Republican,3353,65.73220937071163
KS,JEFFERSON,G2000870,5101,Other,9,0.17643599294256027
KS,JEWELL,G2000890,4033,Democratic,1095,27.1510042152244
KS,JEWELL,G2000890,4033,Republican,2914,72.25390528142822
KS,JEWELL,G2000890,4033,Other,24,0.5950905033473841
KS,JOHNSON,G2000910,65033,Democratic,21910,33.690587855396494
KS,JOHNSON,G2000910,65033,Republican,43026,66.16025710024141
KS,JOHNSON,G2000910,65033,Other,91,0.13992895914381928
KS,KEARNY,G2000930,1362,Democratic,513,37.66519823788546
KS,KEARNY,G2000930,1362,Republican,846,62.11453744493392
KS,KEARNY,G2000930,1362,Other,3,0.22026431718061676
KS,KINGMAN,G2000950,4662,Democratic,1735,37.215787215787216
KS,KINGMAN,G2000950,4662,Republican,2904,62.29086229086229
KS,KINGMAN,G2000950,4662,Other,23,0.4933504933504933
KS,KIOWA,G2000970,2229,Democratic,555,24.89905787348587
KS,KIOWA,G2000970,2229,Republican,1662,74.56258411843876
KS,KIOWA,G2000970,2229,Other,12,0.5383580080753702
KS,LABETTE,G2000990,12807,Democratic,5247,40.96978215038651
KS,LABETTE,G2000990,12807,Republican,7491,58.491449988287656
KS,LABETTE,G2000990,12807,Other,68,0.5309596314515499
KS,LANE,G2001010,1379,Democratic,462,33.50253807106599
KS,LANE,G2001010,1379,Republican,902,65.40971718636693
KS,LANE,G2001010,1379,Other,15,1.0877447425670776
KS,LEAVENWORTH,G2001030,14832,Democratic,6925,46.689590075512406
KS,LEAVENWORTH,G2001030,14832,Republican,7870,53.06094929881338
KS,LEAVENWORTH,G2001030,14832,Other,36,0.24271844660194172
KS,LINCOLN,G2001050,2884,Democratic,822,28.502080443828014
KS,LINCOLN,G2001050,2884,Republican,2052,71.15117891816921
KS,LINCOLN,G2001050,2884,Other,10,0.34674063800277394
KS,LINN,G2001070,4024,Democratic,1176,29.22465208747515
KS,LINN,G2001070,4024,Republican,2824,70.17892644135189
KS,LINN,G2001070,4024,Other,24,0.5964214711729622
KS,LOGAN,G2001090,1906,Democratic,651,34.15529905561385
KS,LOGAN,G2001090,1906,Republican,1243,65.21511017838405
KS,LOGAN,G2001090,1906,Other,12,0.6295907660020986
KS,LYON,G2001110,12266,Democratic,4754,38.7575411707158
KS,LYON,G2001110,12266,Republican,7470,60.900048915701944
KS,LYON,G2001110,12266,Other,40,0.3261046796021523
KS,MCPHERSON,G2001130,10759,Democratic,2774,25.783065340645038
KS,MCPHERSON,G2001130,10759,Republican,7920,73.61278929268519
KS,MCPHERSON,G2001130,10759,Other,65,0.6041453666697648
KS,MARION,G2001150,7172,Democratic,1903,26.533742331288344
KS,MARION,G2001150,7172,Republican,5250,73.20133853876185
KS,MARION,G2001150,7172,Other,18,0.2509760178471835
KS,MARSHALL,G2001170,7891,Democratic,2931,37.14358129514637
KS,MARSHALL,G2001170,7891,Republican,4932,62.50158408313268
KS,MARSHALL,G2001170,7891,Other,28,0.35483462172094793
KS,MEADE,G2001190,2591,Democratic,754,29.100733307603242
KS,MEADE,G2001190,2591,Republican,1826,70.47472018525666
KS,MEADE,G2001190,2591,Other,11,0.42454650714010034
KS,MIAMI/LYKINS,G2001210,8396,Democratic,3504,41.73415912339209
KS,MIAMI/LYKINS,G2001210,8396,Republican,4856,57.8370652691758
KS,MIAMI/LYKINS,G2001210,8396,Other,34,0.40495474035254886
KS,MITCHELL,G2001230,4497,Democratic,1692,37.62508338892595
KS,MITCHELL,G2001230,4497,Republican,2779,61.79675339114965
KS,MITCHELL,G2001230,4497,Other,26,0.578163219924394
KS,MONTGOMERY,G2001250,20638,Democratic,7937,38.458183932551606
KS,MONTGOMERY,G2001250,20638,Republican,12536,60.7423199922473
KS,MONTGOMERY,G2001250,20638,Other,163,0.7898052136834964
KS,MORRIS,G2001270,3580,Democratic,1148,32.06703910614525
KS,MORRIS,G2001270,3580,Republican,2413,67.40223463687151
KS,MORRIS,G2001270,3580,Other,19,0.5307262569832402
KS,MORTON,G2001290,1513,Democratic,586,38.730998017184405
KS,MORTON,G2001290,1513,Republican,918,60.67415730337079
KS,MORTON,G2001290,1513,Other,9,0.5948446794448117
KS,NEMAHA,G2001310,6267,Democratic,2883,46.002872187649594
KS,NEMAHA,G2001310,6267,Republican,3360,53.61416945907133
KS,NEMAHA,G2001310,6267,Other,23,0.3670017552257859
KS,NEOSHO/DORN,G2001330,9371,Democratic,3450,36.81570803542845
KS,NEOSHO/DORN,G2001330,9371,Republican,5877,62.71475829687333
KS,NEOSHO/DORN,G2001330,9371,Other,42,0.44819122825738983
KS,NESS,G2001350,2655,Democratic,960,36.15819209039548
KS,NESS,G2001350,2655,Republican,1683,63.389830508474574
KS,NESS,G2001350,2655,Other,12,0.4519774011299435
KS,NORTON,G2001370,4089,Democratic,1300,31.792614331132306
KS,NORTON,G2001370,4089,Republican,2781,68.01173881144534
KS,NORTON,G2001370,4089,Other,8,0.19564685742235266
KS,OSAGE,G2001390,6061,Democratic,2150,35.47269427487213
KS,OSAGE,G2001390,6061,Republican,3880,64.01583897046692
KS,OSAGE,G2001390,6061,Other,31,0.511466754660947
KS,OSBORNE,G2001410,3903,Democratic,1152,29.515757109915448
KS,OSBORNE,G2001410,3903,Republican,2731,69.97181655137074
KS,OSBORNE,G2001410,3903,Other,20,0.5124263387138099
KS,OTTAWA,G2001430,3278,Democratic,1072,32.70286760219646
KS,OTTAWA,G2001430,3278,Republican,2190,66.80902989627822
KS,OTTAWA,G2001430,3278,Other,16,0.4881025015253203
KS,PAWNEE,G2001450,4489,Democratic,1853,41.27868122076187
KS,PAWNEE,G2001450,4489,Republican,2618,58.32033860548006
KS,PAWNEE,G2001450,4489,Other,18,0.40098017375807526
KS,PHILLIPS,G2001470,4145,Democratic,1004,24.22195416164053
KS,PHILLIPS,G2001470,4145,Republican,3123,75.3437876960193
KS,PHILLIPS,G2001470,4145,Other,18,0.43425814234016885
KS,POTTAWATOMIE,G2001490,5804,Democratic,2125,36.61268090971744
KS,POTTAWATOMIE,G2001490,5804,Republican,3666,63.16333563059958
KS,POTTAWATOMIE,G2001490,5804,Other,13,0.22398345968297728
KS,PRATT,G2001510,5506,Democratic,1968,35.74282600799128
KS,PRATT,G2001510,5506,Republican,3501,63.585179803850345
KS,PRATT,G2001510,5506,Other,37,0.6719941881583728
KS,RAWLINS,G2001530,2527,Democratic,951,37.633557578155916
KS,RAWLINS,G2001530,2527,Republican,1560,61.733280569845675
KS,RAWLINS,G2001530,2527,Other,16,0.6331618519984171
KS,RENO,G2001550,24339,Democratic,9555,39.25798101811907
KS,RENO,G2001550,24339,Republican,14655,60.21200542339456
KS,RENO,G2001550,24339,Other,127,0.5217962940137229
KS,REPUBLIC,G2001570,5117,Democratic,1724,33.69161618135627
KS,REPUBLIC,G2001570,5117,Republican,3358,65.62438929059996
KS,REPUBLIC,G2001570,5117,Other,35,0.6839945280437756
KS,RICE,G2001590,6680,Democratic,2328,34.8502994011976
KS,RICE,G2001590,6680,Republican,4329,64.80538922155688
KS,RICE,G2001590,6680,Other,23,0.344311377245509
KS,RILEY,G2001610,12600,Democratic,3481,27.626984126984127
KS,RILEY,G2001610,12600,Republican,9067,71.96031746031746
KS,RILEY,G2001610,12600,Other,49,0.3888888888888889
KS,ROOKS,G2001630,4490,Democratic,1639,36.503340757238306
KS,ROOKS,G2001630,4490,Republican,2840,63.25167037861915
KS,ROOKS,G2001630,4490,Other,11,0.24498886414253898
KS,RUSH,G2001650,3097,Democratic,1418,45.78624475298676
KS,RUSH,G2001650,3097,Republican,1668,53.858572812399096
KS,RUSH,G2001650,3097,Other,11,0.35518243461414273
KS,RUSSELL,G2001670,5501,Democratic,1870,33.9938193055808
KS,RUSSELL,G2001670,5501,Republican,3606,65.55171786947828
KS,RUSSELL,G2001670,5501,Other,24,0.4362843119432831
KS,SALINE,G2001690,17568,Democratic,6495,36.970628415300546
KS,SALINE,G2001690,17568,Republican,11022,62.73907103825137
KS,SALINE,G2001690,17568,Other,49,0.27891621129326044
KS,SCOTT,G2001710,2124,Democratic,598,28.15442561205273
KS,SCOTT,G2001710,2124,Republican,1514,71.28060263653484
KS,SCOTT,G2001710,2124,Other,12,0.5649717514124294
KS,SEDGWICK,G2001730,133084,Democratic,58876,44.23972829190587
KS,SEDGWICK,G2001730,133084,Republican,73489,55.22001142135794
KS,SEDGWICK,G2001730,133084,Other,692,0.5199723482913047
KS,SEWARD,G2001750,5642,Democratic,1654,29.315845444877702
KS,SEWARD,G2001750,5642,Republican,3974,70.43601559730592
KS,SEWARD,G2001750,5642,Other,14,0.24813895781637718
KS,SHAWNEE,G2001770,55749,Democratic,21798,39.10025291933488
KS,SHAWNEE,G2001770,55749,Republican,33801,60.63068395845666
KS,SHAWNEE,G2001770,55749,Other,145,0.26009435146818777
KS,SHERIDAN,G2001790,2016,Democratic,954,47.32142857142857
KS,SHERIDAN,G2001790,2016,Republican,1047,51.93452380952381
KS,SHERIDAN,G2001790,2016,Other,15,0.744047619047619
KS,SHERMAN,G2001810,3119,Democratic,1074,34.434113497915995
KS,SHERMAN,G2001810,3119,Republican,2030,65.08496312920809
KS,SHERMAN,G2001810,3119,Other,15,0.48092337287592174
KS,SMITH,G2001830,4192,Democratic,1157,27.600190839694655
KS,SMITH,G2001830,4192,Republican,3013,71.875
KS,SMITH,G2001830,4192,Other,22,0.5248091603053435
KS,STAFFORD,G2001850,3862,Democratic,1305,33.79078197824961
KS,STAFFORD,G2001850,3862,Republican,2531,65.53599171413775
KS,STAFFORD,G2001850,3862,Other,26,0.6732263076126359
KS,STANTON,G2001870,954,Democratic,323,33.85744234800839
KS,STANTON,G2001870,954,Republican,627,65.72327044025157
KS,STANTON,G2001870,954,Other,4,0.41928721174004197
KS,STEVENS,G2001890,2044,Democratic,630,30.82191780821918
KS,STEVENS,G2001890,2044,Republican,1405,68.73776908023484
KS,STEVENS,G2001890,2044,Other,9,0.44031311154598823
KS,SUMNER,G2001910,11736,Democratic,4461,38.01124744376278
KS,SUMNER,G2001910,11736,Republican,7219,61.51158827539196
KS,SUMNER,G2001910,11736,Other,54,0.4601226993865031
KS,THOMAS,G2001930,3384,Democratic,1285,37.972813238770684
KS,THOMAS,G2001930,3384,Republican,2081,61.49527186761229
KS,THOMAS,G2001930,3384,Other,18,0.5319148936170213
KS,TREGO,G2001950,2309,Democratic,875,37.89519272412299
KS,TREGO,G2001950,2309,Republican,1426,61.7583369423993
KS,TREGO,G2001950,2309,Other,8,0.34647033347769596
KS,WABAUNSEE,G2001970,3331,Democratic,969,29.090363254277996
KS,WABAUNSEE,G2001970,3331,Republican,2351,70.57940558390874
KS,WABAUNSEE,G2001970,3331,Other,11,0.3302311618132693
KS,WALLACE,G2001990,1066,Democratic,339,31.801125703564725
KS,WALLACE,G2001990,1066,Republican,727,68.19887429643528
KS,WALLACE,G2001990,1066,Other,0,0
KS,WASHINGTON,G2002010,5444,Democratic,1706,31.337252020573107
KS,WASHINGTON,G2002010,5444,Republican,3707,68.09331373989713
KS,WASHINGTON,G2002010,5444,Other,30,0.5510653930933138
KS,WICHITA,G2002030,1262,Democratic,554,43.89857369255151
KS,WICHITA,G2002030,1262,Republican,702,55.62599049128367
KS,WICHITA,G2002030,1262,Other,6,0.4754358161648178
KS,WILSON,G2002050,6394,Democratic,2034,31.811072880825776
KS,WILSON,G2002050,6394,Republican,4333,67.7666562402252
KS,WILSON,G2002050,6394,Other,27,0.4222708789490147
KS,WOODSON,G2002070,2751,Democratic,888,32.279171210468924
KS,WOODSON,G2002070,2751,Republican,1853,67.357324609233
KS,WOODSON,G2002070,2751,Other,10,0.3635041802980734
KS,WYANDOTTE,G2002090,76801,Democratic,41426,53.93940183070532
KS,WYANDOTTE,G2002090,76801,Republican,34760,45.2598273459981
KS,WYANDOTTE,G2002090,76801,Other,599,0.7799377612270674
MN,AITKIN,G2700010,6113,Democratic,2977,48.69949288401767
MN,AITKIN,G2700010,6113,Republican,3097,50.662522493047604
MN,AITKIN,G2700010,6113,Other,37,0.6052674627842304
MN,ANOKA,G2700030,34511,Democratic,20327,58.90006085016372
MN,ANOKA,G2700030,34511,Republican,14112,40.891310017095996
MN,ANOKA,G2700030,34511,Other,69,0.19993625220944047
MN,BECKER,G2700050,10389,Democratic,5257,50.60159784387332
MN,BECKER,G2700050,10389,Republican,5090,48.994128405043796
MN,BECKER,G2700050,10389,Other,42,0.40427375108287616
MN,BELTRAMI,G2700070,9157,Democratic,4652,50.80266462815332
MN,BELTRAMI,G2700070,9157,Republican,4481,48.935240799388446
MN,BELTRAMI,G2700070,9157,Other,18,0.19657092934367149
MN,BENTON,G2700090,7515,Democratic,4178,55.5954757152362
MN,BENTON,G2700090,7515,Republican,3324,44.231536926147704
MN,BENTON,G2700090,7515,Other,15,0.19960079840319359
MN,BIG STONE,G2700110,4282,Democratic,2436,56.88930406352172
MN,BIG STONE,G2700110,4282,Republican,1834,42.830453059318074
MN,BIG STONE,G2700110,4282,Other,13,0.3035964502568893
MN,BLUE EARTH,G2700130,19413,Democratic,8056,41.49796528099727
MN,BLUE EARTH,G2700130,19413,Republican,11327,58.34749909854221
MN,BLUE EARTH,G2700130,19413,Other,39,0.200896306598671
MN,BROWN,G2700150,12453,Democratic,5355,43.00168634064081
MN,BROWN,G2700150,12453,Republican,7083,56.877860756444235
MN,BROWN,G2700150,12453,Other,12,0.0963623223319682
MN,CARLTON,G2700170,12224,Democratic,7575,61.96825916230366
MN,CARLTON,G2700170,12224,Republican,4612,37.72905759162304
MN,CARLTON,G2700170,12224,Other,34,0.2781413612565445
MN,CARVER,G2700190,10227,Democratic,4582,44.802972523711745
MN,CARVER,G2700190,10227,Republican,6230,60.917180013689254
MN,CARVER,G2700190,10227,Other,20,0.19556077050943582
MN,CASS,G2700210,7991,Democratic,3844,48.10411713177324
MN,CASS,G2700210,7991,Republican,4398,55.03691653109748
MN,CASS,G2700210,7991,Other,16,0.20022525341008632
MN,CHIPPEWA,G2700230,7574,Democratic,3257,43.002376551359916
MN,CHIPPEWA,G2700230,7574,Republican,3914,51.6767890150515
MN,CHIPPEWA,G2700230,7574,Other,30,0.39609189331925004
MN,CHISAGO,G2700250,6754,Democratic,3147,46.59461060112526
MN,CHISAGO,G2700250,6754,Republican,3821,56.57388214391472
MN,CHISAGO,G2700250,6754,Other,14,0.207284572105419
MN,CLAY,G2700270,15544,Democratic,9264,59.59855892949047
MN,CLAY,G2700270,15544,Republican,8277,53.24884199691199
MN,CLAY,G2700270,15544,Other,62,0.3988677303139475
MN,CLEARWATER,G2700290,4135,Democratic,1637,39.58887545344619
MN,CLEARWATER,G2700290,4135,Republican,1651,39.92744860943168
MN,CLEARWATER,G2700290,4135,Other,8,0.19347037484885127
MN,COOK,G2700310,1641,Democratic,578,35.2224253503961
MN,COOK,G2700310,1641,Republican,987,60.146252285191956
MN,COOK,G2700310,1641,Other,3,0.18281535648994515
MN,COTTONWOOD,G2700330,7872,Democratic,3684,46.79878048780488
MN,COTTONWOOD,G2700330,7872,Republican,5087,64.6214430894309
MN,COTTONWOOD,G2700330,7872,Other,31,0.3938008130081301
MN,CROW WING,G2700350,14614,Democratic,8345,57.10277815793076
MN,CROW WING,G2700350,14614,Republican,7726,52.867113726563566
MN,CROW WING,G2700350,14614,Other,44,0.30108115505679484
MN,DAKOTA,G2700370,35273,Democratic,12875,36.501006435517255
MN,DAKOTA,G2700370,35273,Republican,15030,42.610495279675675
MN,DAKOTA,G2700370,35273,Other,35,0.09922603691208574
MN,DODGE,G2700390,5943,Democratic,2758,46.4075382803298
MN,DODGE,G2700390,5943,Republican,3768,63.402322059565876
MN,DODGE,G2700390,5943,Other,24,0.40383644623927306
MN,DOUGLAS,G2700410,10506,Democratic,4003,38.10203693127737
MN,DOUGLAS,G2700410,10506,Republican,5593,53.23624595469255
MN,DOUGLAS,G2700410,10506,Other,11,0.10470207500475918
MN,FARIBAULT,G2700430,11287,Democratic,3871,34.29609285018162
MN,FARIBAULT,G2700430,11287,Republican,6974,61.787897581288206
MN,FARIBAULT,G2700430,11287,Other,11,0.0974572517055019
MN,FILLMORE,G2700450,11444,Democratic,5390,47.09891646277525
MN,FILLMORE,G2700450,11444,Republican,7506,65.58895491087033
MN,FILLMORE,G2700450,11444,Other,11,0.09612023767913318
MN,FREEBORN,G2700470,17010,Democratic,5885,34.597295708406826
MN,FREEBORN,G2700470,17010,Republican,8969,52.727807172251616
MN,FREEBORN,G2700470,17010,Other,34,0.19988242210464435
MN,GOODHUE,G2700490,16073,Democratic,8197,50.998569028806074
MN,GOODHUE,G2700490,16073,Republican,10472,65.15274062091707
MN,GOODHUE,G2700490,16073,Other,16,0.09954582218627511
MN,GRANT,G2700510,4576,Democratic,2219,48.49213286713287
MN,GRANT,G2700510,4576,Republican,2239,48.9291958041958
MN,GRANT,G2700510,4576,Other,9,0.1966783216783217
MN,HENNEPIN,G2700530,388181,Democratic,151391,39.00010562083152
MN,HENNEPIN,G2700530,388181,Republican,198982,51.26010804238229
MN,HENNEPIN,G2700530,388181,Other,0,0
MN,HOUSTON,G2700550,7890,Democratic,3345,42.39543726235742
MN,HOUSTON,G2700550,7890,Republican,4807,60.92522179974651
MN,HOUSTON,G2700550,7890,Other,16,0.20278833967046894
MN,HUBBARD,G2700570,4787,Democratic,2183,45.6026739085022
MN,HUBBARD,G2700570,4787,Republican,2749,57.42636306663881
MN,HUBBARD,G2700570,4787,Other,24,0.50135784416127
MN,ISANTI,G2700590,5694,Democratic,3519,61.80189673340358
MN,ISANTI,G2700590,5694,Republican,3067,53.86371619248331
MN,ISANTI,G2700590,5694,Other,11,0.1931858096241658
MN,ITASCA,G2700610,17408,Democratic,9052,51.99908088235294
MN,ITASCA,G2700610,17408,Republican,6613,37.98828125
MN,ITASCA,G2700610,17408,Other,35,0.20105698529411764
MN,JACKSON,G2700630,7502,Democratic,3383,45.09464142895228
MN,JACKSON,G2700630,7502,Republican,3590,47.85390562516662
MN,JACKSON,G2700630,7502,Other,45,0.5998400426552919
MN,KANABEC,G2700650,4193,Democratic,2084,49.701884092535174
MN,KANABEC,G2700650,4193,Republican,2278,54.32864297638922
MN,KANABEC,G2700650,4193,Other,13,0.3100405437634152
MN,KANDIYOHI,G2700670,13567,Democratic,7231,53.2984447556571
MN,KANDIYOHI,G2700670,13567,Republican,6785,50.01105623940444
MN,KANDIYOHI,G2700670,13567,Other,27,0.19901230927987026
MN,KITTSON/PEMBINA,G2700690,4165,Democratic,2491,59.80792316926771
MN,KITTSON/PEMBINA,G2700690,4165,Republican,1937,46.506602641056425
MN,KITTSON/PEMBINA,G2700690,4165,Other,12,0.28811524609843936
MN,KOOCHICHING,G2700710,7656,Democratic,3859,50.40491118077325
MN,KOOCHICHING,G2700710,7656,Republican,3055,39.903343782654126
MN,KOOCHICHING,G2700710,7656,Other,15,0.1959247648902821
MN,LAC QUI PARLE,G2700730,6449,Democratic,4056,62.893471856101726
MN,LAC QUI PARLE,G2700730,6449,Republican,3185,49.387501938285006
MN,LAC QUI PARLE,G2700730,6449,Other,19,0.29461932082493414
MN,LAKE,G2700750,6180,Democratic,3888,62.912621359223294
MN,LAKE,G2700750,6180,Republican,2275,36.81229773462783
MN,LAKE,G2700750,6180,Other,15,0.24271844660194172
MN,LAKE OF THE WOODS,G2700770,1904,Democratic,1030,54.09663865546218
MN,LAKE OF THE WOODS,G2700770,1904,Republican,835,43.85504201680672
MN,LAKE OF THE WOODS,G2700770,1904,Other,2,0.10504201680672269
MN,LE SUEUR,G2700790,9670,Democratic,5193,53.70217166494312
MN,LE SUEUR,G2700790,9670,Republican,4426,45.770423991726986
MN,LE SUEUR,G2700790,9670,Other,19,0.19648397104446744
MN,LINCOLN,G2700810,4657,Democratic,2510,53.89735881468757
MN,LINCOLN,G2700810,4657,Republican,2147,46.10264118531243
MN,LINCOLN,G2700810,4657,Other,5,0.1073652566029633
MN,LYON,G2700830,10305,Democratic,6987,67.80203784570597
MN,LYON,G2700830,10305,Republican,4739,45.987384764677344
MN,LYON,G2700830,10305,Other,21,0.20378457059679767
MN,MCLEOD,G2700850,11511,Republican,7214,62.67048909738511
MN,MCLEOD,G2700850,11511,Democratic,4276,37.147076709234646
MN,MCLEOD,G2700850,11511,Other,21,0.18243419338024497
MN,MAHNOMEN,G2700870,2749,Republican,880,32.01164059658058
MN,MAHNOMEN,G2700870,2749,Democratic,1864,67.80647508184795
MN,MAHNOMEN,G2700870,2749,Other,5,0.18188432157148052
MN,MARSHALL,G2700890,6777,Democratic,2236,32.993950125424234
MN,MARSHALL,G2700890,6777,Republican,3006,44.35590969455511
MN,MARSHALL,G2700890,6777,Other,7,0.10329054153755349
MN,MARTIN,G2700910,12692,Democratic,4709,37.102111566341
MN,MARTIN,G2700910,12692,Republican,8478,66.79798298140561
MN,MARTIN,G2700910,12692,Other,25,0.19697447210841476
MN,MEEKER,G2700930,8560,Democratic,3681,43.002336448598136
MN,MEEKER,G2700930,8560,Republican,4857,56.74065420560748
MN,MEEKER,G2700930,8560,Other,26,0.3037383177570093
MN,MILLE LACS,G2700950,6830,Democratic,2889,42.29868228404099
MN,MILLE LACS,G2700950,6830,Republican,3913,57.2913616398243
MN,MILLE LACS,G2700950,6830,Other,34,0.49780380673499264
MN,MORRISON,G2700970,11764,Democratic,7341,62.40224413464808
MN,MORRISON,G2700970,11764,Republican,4402,37.41924515470929
MN,MORRISON,G2700970,11764,Other,24,0.20401224073444407
MN,MOWER,G2700990,21068,Democratic,9965,47.29922156825517
MN,MOWER,G2700990,21068,Republican,11040,52.40174672489083
MN,MOWER,G2700990,21068,Other,63,0.2990317068539966
MN,MURRAY,G2701010,6377,Democratic,3010,47.200878155872665
MN,MURRAY,G2701010,6377,Republican,3357,52.64230829543672
MN,MURRAY,G2701010,6377,Other,13,0.20385761329778895
MN,NICOLLET,G2701030,9255,Democratic,3961,42.79848730415991
MN,NICOLLET,G2701030,9255,Republican,5283,57.08265802269044
MN,NICOLLET,G2701030,9255,Other,9,0.0972447325769854
MN,NOBLES,G2701050,10594,Democratic,4947,46.696243156503684
MN,NOBLES,G2701050,10594,Republican,5635,53.19048518029072
MN,NOBLES,G2701050,10594,Other,11,0.10383235793845573
MN,NORMAN,G2701070,5586,Democratic,2933,52.5062656641604
MN,NORMAN,G2701070,5586,Republican,2642,47.29681346222699
MN,NORMAN,G2701070,5586,Other,11,0.19692087361260296
MN,OLMSTED,G2701090,27065,Democratic,10907,40.29927951228524
MN,OLMSTED,G2701090,27065,Republican,16079,59.408830593016816
MN,OLMSTED,G2701090,27065,Other,54,0.19951967485682615
MN,OTTER TAIL,G2701110,21843,Democratic,8060,36.89969326557707
MN,OTTER TAIL,G2701110,21843,Republican,13746,62.93091608295563
MN,OTTER TAIL,G2701110,21843,Other,44,0.2014375314746143
MN,PENNINGTON,G2701130,5759,Democratic,3202,55.59993054349713
MN,PENNINGTON,G2701130,5759,Republican,2537,44.05278694217746
MN,PENNINGTON,G2701130,5759,Other,17,0.29519013717659315
MN,PINE,G2701150,7687,Democratic,4212,54.79380772733185
MN,PINE,G2701150,7687,Republican,3450,44.8809678678288
MN,PINE,G2701150,7687,Other,23,0.299206452452192
MN,PIPESTONE,G2701170,6131,Democratic,2440,39.797749143695974
MN,PIPESTONE,G2701170,6131,Republican,3677,59.97390311531561
MN,PIPESTONE,G2701170,6131,Other,12,0.19572663513293098
MN,POLK,G2701190,16909,Democratic,9351,55.301910225323795
MN,POLK,G2701190,16909,Republican,7528,44.52066946596487
MN,POLK,G2701190,16909,Other,34,0.20107634987284878
MN,POPE,G2701210,5958,Democratic,2884,48.40550520308828
MN,POPE,G2701210,5958,Republican,3062,51.39308492782813
MN,POPE,G2701210,5958,Other,12,0.2014098690835851
MN,RAMSEY,G2701230,186527,Democratic,108372,58.09989974641741
MN,RAMSEY,G2701230,186527,Republican,77390,41.4899719611638
MN,RAMSEY,G2701230,186527,Other,746,0.3999420995351879
MN,RED LAKE,G2701250,2549,Democratic,1866,73.2051785013731
MN,RED LAKE,G2701250,2549,Republican,679,26.63789721459396
MN,RED LAKE,G2701250,2549,Other,5,0.1961553550411926
MN,REDWOOD,G2701270,9746,Democratic,3840,39.40077980710035
MN,REDWOOD,G2701270,9746,Republican,5892,60.455571516519605
MN,REDWOOD,G2701270,9746,Other,10,0.10260619741432384
MN,RENVILLE,G2701290,10857,Democratic,4962,45.70323293727549
MN,RENVILLE,G2701290,10857,Republican,5884,54.19544994013079
MN,RENVILLE,G2701290,10857,Other,11,0.10131712259371835
MN,RICE,G2701310,15031,Democratic,6749,44.900538886301646
MN,RICE,G2701310,15031,Republican,8248,54.873261925354264
MN,RICE,G2701310,15031,Other,30,0.19958751912713726
MN,ROCK,G2701330,5297,Democratic,1822,34.39682839343025
MN,ROCK,G2701330,5297,Republican,3468,65.4710213328299
MN,ROCK,G2701330,5297,Other,5,0.09439305267132339
MN,ROSEAU,G2701350,5482,Democratic,3196,58.29989055089383
MN,ROSEAU,G2701350,5482,Republican,2274,41.481211236774904
MN,ROSEAU,G2701350,5482,Other,11,0.20065669463699382
MN,ST LOUIS,G2701370,109522,Democratic,69262,63.24026223041946
MN,ST LOUIS,G2701370,109522,Republican,39614,36.169901937510275
MN,ST LOUIS,G2701370,109522,Other,635,0.5797921878709301
MN,SCOTT,G2701390,9743,Democratic,6060,62.19850148824797
MN,SCOTT,G2701390,9743,Republican,3670,37.66806938314687
MN,SCOTT,G2701390,9743,Other,10,0.10263779123473263
MN,SHERBURNE,G2701410,5417,Democratic,2568,47.406313457633374
MN,SHERBURNE,G2701410,5417,Republican,2837,52.372161713125344
MN,SHERBURNE,G2701410,5417,Other,11,0.20306442680450434
MN,SIBLEY,G2701430,7542,Democratic,2542,33.70458764253514
MN,SIBLEY,G2701430,7542,Republican,4987,66.12304428533545
MN,SIBLEY,G2701430,7542,Other,15,0.1988862370723946
MN,STEARNS,G2701450,32581,Democratic,19027,58.39906694085511
MN,STEARNS,G2701450,32581,Republican,13521,41.49964703354716
MN,STEARNS,G2701450,32581,Other,33,0.10128602559774103
MN,STEELE,G2701470,11301,Democratic,4486,39.695602159100964
MN,STEELE,G2701470,11301,Republican,6794,60.11857357755951
MN,STEELE,G2701470,11301,Other,11,0.09733651889213345
MN,STEVENS,G2701490,5126,Democratic,2404,46.89816621147093
MN,STEVENS,G2701490,5126,Republican,2710,52.86773312524385
MN,STEVENS,G2701490,5126,Other,10,0.19508388607101051
MN,SWIFT,G2701510,6928,Democratic,4060,58.6027713625866
MN,SWIFT,G2701510,6928,Republican,2847,41.09411085450346
MN,SWIFT,G2701510,6928,Other,21,0.30311778290993074
MN,TODD,G2701530,10334,Democratic,5053,48.89684536481517
MN,TODD,G2701530,10334,Republican,5255,50.851557964002325
MN,TODD,G2701530,10334,Other,31,0.29998064640990907
MN,TRAVERSE,G2701550,3590,Democratic,2122,59.108635097493035
MN,TRAVERSE,G2701550,3590,Republican,1463,40.75208913649025
MN,TRAVERSE,G2701550,3590,Other,4,0.11142061281337048
MN,WABASHA,G2701570,8197,Democratic,3631,44.29669391240697
MN,WABASHA,G2701570,8197,Republican,4566,55.70330608759302
MN,WABASHA,G2701570,8197,Other,0,0
MN,WADENA,G2701590,5329,Democratic,2238,41.99662225558266
MN,WADENA,G2701590,5329,Republican,3082,57.834490523550386
MN,WADENA,G2701590,5329,Other,5,0.09382623381497467
MN,WASECA,G2701610,7636,Democratic,2795,36.602933473022524
MN,WASECA,G2701610,7636,Republican,4837,63.344683080146666
MN,WASECA,G2701610,7636,Other,8,0.10476689366160294
MN,WASHINGTON,G2701630,23133,Democratic,11867,51.299010072191244
MN,WASHINGTON,G2701630,23133,Republican,11201,48.4200060519604
MN,WASHINGTON,G2701630,23133,Other,69,0.29827519128517704
MN,WATONWAN,G2701650,6595,Democratic,2414,36.60348749052312
MN,WATONWAN,G2701650,6595,Republican,4173,63.275208491281276
MN,WATONWAN,G2701650,6595,Other,13,0.19711902956785443
MN,WILKIN/TOOMBS,G2701670,4667,Democratic,2319,49.6893079065781
MN,WILKIN/TOOMBS,G2701670,4667,Republican,2340,50.13927576601671
MN,WILKIN/TOOMBS,G2701670,4667,Other,9,0.19284336833083351
MN,WINONA,G2701690,17780,Democratic,8481,47.699662542182224
MN,WINONA,G2701690,17780,Republican,9270,52.13723284589427
MN,WINONA,G2701690,17780,Other,18,0.10123734533183351
MN,WRIGHT,G2701710,13658,Democratic,6447,47.20310440767316
MN,WRIGHT,G2701710,13658,Republican,7179,52.56260067359789
MN,WRIGHT,G2701710,13658,Other,27,0.19768633767755164
MN,YELLOW MEDICINE,G2701730,7475,Democratic,3648,48.802675585284284
MN,YELLOW MEDICINE,G2701730,7475,Republican,3800,50.836120401337794
MN,YELLOW MEDICINE,G2701730,7475,Other,22,0.294314381270903
MO,ADAIR,G2900010,8629,Democratic,3160,36.62069764746784
MO,ADAIR,G2900010,8629,Republican,5468,63.3677135241627
MO,ADAIR,G2900010,8629,Other,0,0
MO,ANDREW,G2900030,5886,Democratic,2170,36.86714237172953
MO,ANDREW,G2900030,5886,Republican,3716,63.132857628270465
MO,ANDREW,G2900030,5886,Other,0,0
MO,ATCHISON,G2900050,4826,Democratic,2167,44.90261085785329
MO,ATCHISON,G2900050,4826,Republican,2659,55.0973891421467
MO,ATCHISON,G2900050,4826,Other,0,0
MO,AUDRAIN,G2900070,11365,Democratic,6410,56.40123185217774
MO,AUDRAIN,G2900070,11365,Republican,4954,43.58996920369555
MO,AUDRAIN,G2900070,11365,Other,0,0
MO,BARRY,G2900090,10625,Democratic,3919,36.88470588235294
MO,BARRY,G2900090,10625,Republican,6705,63.10588235294118
MO,BARRY,G2900090,10625,Other,0,0
MO,BARTON,G2900110,6120,Democratic,2417,39.49346405228758
MO,BARTON,G2900110,6120,Republican,3703,60.506535947712415
MO,BARTON,G2900110,6120,Other,0,0
MO,BATES,G2900130,9335,Democratic,3906,41.842528119978574
MO,BATES,G2900130,9335,Republican,5428,58.14675950723085
MO,BATES,G2900130,9335,Other,0,0
MO,BENTON,G2900150,4980,Democratic,1496,30.040160642570278
MO,BENTON,G2900150,4980,Republican,3484,69.95983935742971
MO,BENTON,G2900150,4980,Other,0,0
MO,BOLLINGER,G2900170,4821,Democratic,1935,40.13690105787181
MO,BOLLINGER,G2900170,4821,Republican,2886,59.86309894212819
MO,BOLLINGER,G2900170,4821,Other,0,0
MO,BOONE,G2900190,21967,Democratic,11513,52.41043383256703
MO,BOONE,G2900190,21967,Republican,10452,47.58046160149315
MO,BOONE,G2900190,21967,Other,0,0
MO,BUCHANAN,G2900210,40796,Democratic,19345,47.41886459456809
MO,BUCHANAN,G2900210,40796,Republican,21446,52.568879301892345
MO,BUCHANAN,G2900210,40796,Other,0,0
MO,BUTLER,G2900230,14157,Democratic,5405,38.17899272444727
MO,BUTLER,G2900230,14157,Republican,8750,61.80687998869817
MO,BUTLER,G2900230,14157,Other,0,0
MO,CALDWELL,G2900250,4851,Democratic,1736,35.78643578643579
MO,CALDWELL,G2900250,4851,Republican,3115,64.21356421356421
MO,CALDWELL,G2900250,4851,Other,0,0
MO,CALLAWAY,G2900270,9398,Democratic,5344,56.8631623749734
MO,CALLAWAY,G2900270,9398,Republican,4053,43.126197063204934
MO,CALLAWAY,G2900270,9398,Other,0,0
MO,CAMDEN,G2900290,5268,Democratic,1759,33.39028094153379
MO,CAMDEN,G2900290,5268,Republican,3508,66.5907365223994
MO,CAMDEN,G2900290,5268,Other,0,0
MO,CAPE GIRARDEAU,G2900310,19503,Democratic,8172,41.90124596215966
MO,CAPE GIRARDEAU,G2900310,19503,Republican,11329,58.08849920525048
MO,CAPE GIRARDEAU,G2900310,19503,Other,0,0
MO,CARROLL,G2900330,7851,Democratic,3296,41.98191313208508
MO,CARROLL,G2900330,7851,Republican,4554,58.005349636988925
MO,CARROLL,G2900330,7851,Other,0,0
MO,CARTER,G2900350,1732,Democratic,683,39.43418013856813
MO,CARTER,G2900350,1732,Republican,1049,60.56581986143187
MO,CARTER,G2900350,1732,Other,0,0
MO,CASS/VAN BUREN,G2900370,12241,Democratic,5718,46.71186994526591
MO,CASS/VAN BUREN,G2900370,12241,Republican,6522,53.27996078751735
MO,CASS/VAN BUREN,G2900370,12241,Other,0,0
MO,CEDAR,G2900390,5277,Democratic,1547,29.315899185143074
MO,CEDAR,G2900390,5277,Republican,3730,70.68410081485693
MO,CEDAR,G2900390,5277,Other,0,0
MO,CHARITON,G2900410,6652,Democratic,3550,53.36740829825616
MO,CHARITON,G2900410,6652,Republican,3102,46.632591701743834
MO,CHARITON,G2900410,6652,Other,0,0
MO,CHRISTIAN,G2900430,6249,Democratic,1622,25.956152984477516
MO,CHRISTIAN,G2900430,6249,Republican,4627,74.04384701552247
MO,CHRISTIAN,G2900430,6249,Other,0,0
MO,CLARK,G2900450,4681,Democratic,2039,43.55906857509079
MO,CLARK,G2900450,4681,Republican,2642,56.4409314249092
MO,CLARK,G2900450,4681,Other,0,0
MO,CLAY,G2900470,36273,Democratic,17317,47.7407438039313
MO,CLAY,G2900470,36273,Republican,18953,52.25098558156205
MO,CLAY,G2900470,36273,Other,0,0
MO,CLINTON,G2900490,6558,Democratic,3167,48.29216224458676
MO,CLINTON,G2900490,6558,Republican,3390,51.692589204025616
MO,CLINTON,G2900490,6558,Other,0,0
MO,COLE,G2900510,18295,Democratic,8531,46.63022683793386
MO,COLE,G2900510,18295,Republican,9762,53.3588412134463
MO,COLE,G2900510,18295,Other,0,0
MO,COOPER,G2900530,8530,Democratic,3857,45.21688159437281
MO,COOPER,G2900530,8530,Republican,4672,54.77139507620164
MO,COOPER,G2900530,8530,Other,0,0
MO,CRAWFORD,G2900550,6452,Democratic,2387,36.99628022318661
MO,CRAWFORD,G2900550,6452,Republican,4065,63.00371977681339
MO,CRAWFORD,G2900550,6452,Other,0,0
MO,DADE,G2900570,4204,Democratic,1217,28.94862036156042
MO,DADE,G2900570,4204,Republican,2987,71.05137963843958
MO,DADE,G2900570,4204,Other,0,0
MO,DALLAS,G2900590,5004,Democratic,1482,29.61630695443645
MO,DALLAS,G2900590,5004,Republican,3522,70.38369304556355
MO,DALLAS,G2900590,5004,Other,0,0
MO,DAVIESS,G2900610,5411,Democratic,2220,41.027536499722785
MO,DAVIESS,G2900610,5411,Republican,3191,58.972463500277215
MO,DAVIESS,G2900610,5411,Other,0,0
MO,DE KALB,G2900630,4181,Democratic,1697,40.588375986606074
MO,DE KALB,G2900630,4181,Republican,2484,59.411624013393926
MO,DE KALB,G2900630,4181,Other,0,0
MO,DENT,G2900650,5805,Democratic,2593,44.66838931955211
MO,DENT,G2900650,5805,Republican,3212,55.33161068044789
MO,DENT,G2900650,5805,Other,0,0
MO,DOUGLAS,G2900670,4625,Democratic,1014,21.924324324324324
MO,DOUGLAS,G2900670,4625,Republican,3611,78.07567567567567
MO,DOUGLAS,G2900670,4625,Other,0,0
MO,DUNKLIN,G2900690,13276,Democratic,6568,49.47273275082856
MO,DUNKLIN,G2900690,13276,Republican,6707,50.51973485989756
MO,DUNKLIN,G2900690,13276,Other,0,0
MO,FRANKLIN,G2900710,21934,Democratic,10322,47.059359897875446
MO,FRANKLIN,G2900710,21934,Republican,11610,52.931521838242
MO,FRANKLIN,G2900710,21934,Other,0,0
MO,GASCONADE,G2900730,6505,Democratic,1651,25.380476556495
MO,GASCONADE,G2900730,6505,Republican,4853,74.60415065334358
MO,GASCONADE,G2900730,6505,Other,0,0
MO,GENTRY,G2900750,5327,Democratic,2439,45.78562042425381
MO,GENTRY,G2900750,5327,Republican,2888,54.21437957574619
MO,GENTRY,G2900750,5327,Other,0,0
MO,GREENE,G2900770,57400,Democratic,20452,35.63066202090592
MO,GREENE,G2900770,57400,Republican,36943,64.36062717770035
MO,GREENE,G2900770,57400,Other,0,0
MO,GRUNDY,G2900790,6837,Democratic,2415,35.322509872751205
MO,GRUNDY,G2900790,6837,Republican,4421,64.66286382916483
MO,GRUNDY,G2900790,6837,Other,0,0
MO,HARRISON,G2900810,6366,Democratic,2199,34.54288407163054
MO,HARRISON,G2900810,6366,Republican,4166,65.44140747722274
MO,HARRISON,G2900810,6366,Other,0,0
MO,HENRY/RIVES,G2900830,10613,Democratic,4601,43.35249222651465
MO,HENRY/RIVES,G2900830,10613,Republican,6011,56.63808536700273
MO,HENRY/RIVES,G2900830,10613,Other,0,0
MO,HICKORY,G2900850,2500,Democratic,615,24.6
MO,HICKORY,G2900850,2500,Republican,1885,75.4
MO,HICKORY,G2900850,2500,Other,0,0
MO,HOLT,G2900870,4271,Democratic,1551,36.31468040271599
MO,HOLT,G2900870,4271,Republican,2720,63.68531959728401
MO,HOLT,G2900870,4271,Other,0,0
MO,HOWARD,G2900890,5377,Democratic,3301,61.39111028454528
MO,HOWARD,G2900890,5377,Republican,2075,38.590291984377906
MO,HOWARD,G2900890,5377,Other,0,0
MO,HOWELL,G2900910,9829,Democratic,2733,27.805473598534945
MO,HOWELL,G2900910,9829,Republican,7095,72.18435242649302
MO,HOWELL,G2900910,9829,Other,0,0
MO,IRON,G2900930,3973,Democratic,1851,46.58947898313617
MO,IRON,G2900930,3973,Republican,2122,53.41052101686383
MO,IRON,G2900930,3973,Other,0,0
MO,JACKSON,G2900950,266458,Democratic,142848,53.609949785707315
MO,JACKSON,G2900950,266458,Republican,123583,46.37991728527573
MO,JACKSON,G2900950,266458,Other,0,0
MO,JASPER,G2900970,36766,Democratic,14960,40.68976772017625
MO,JASPER,G2900970,36766,Republican,21802,59.29935266278626
MO,JASPER,G2900970,36766,Other,0,0
MO,JEFFERSON,G2900990,29964,Democratic,17053,56.91162728607663
MO,JEFFERSON,G2900990,29964,Republican,12908,43.07836069950607
MO,JEFFERSON,G2900990,29964,Other,0,0
MO,JOHNSON,G2901010,11682,Democratic,4711,40.32699880157507
MO,JOHNSON,G2901010,11682,Republican,6969,59.655880842321515
MO,JOHNSON,G2901010,11682,Other,0,0
MO,KNOX,G2901030,3667,Democratic,1796,48.97736569402781
MO,KNOX,G2901030,3667,Republican,1871,51.02263430597218
MO,KNOX,G2901030,3667,Other,0,0
MO,LACLEDE,G2901050,8961,Democratic,3155,35.20812409329316
MO,LACLEDE,G2901050,8961,Republican,5805,64.78071643789755
MO,LACLEDE,G2901050,8961,Other,0,0
MO,LAFAYETTE,G2901070,13566,Democratic,5554,40.9405867610202
MO,LAFAYETTE,G2901070,13566,Republican,8011,59.05204186937934
MO,LAFAYETTE,G2901070,13566,Other,0,0
MO,LAWRENCE,G2901090,12889,Democratic,4483,34.78159671037319
MO,LAWRENCE,G2901090,12889,Republican,8405,65.21064473582125
MO,LAWRENCE,G2901090,12889,Other,0,0
MO,LEWIS,G2901110,5286,Democratic,2726,51.57018539538404
MO,LEWIS,G2901110,5286,Republican,2559,48.41089670828604
MO,LEWIS,G2901110,5286,Other,0,0
MO,LINCOLN,G2901130,7264,Democratic,3793,52.21640969162996
MO,LINCOLN,G2901130,7264,Republican,3471,47.783590308370044
MO,LINCOLN,G2901130,7264,Other,0,0
MO,LINN,G2901150,9620,Democratic,4534,47.13097713097713
MO,LINN,G2901150,9620,Republican,5085,52.85862785862786
MO,LINN,G2901150,9620,Other,0,0
MO,LIVINGSTON,G2901170,8840,Democratic,3794,42.918552036199095
MO,LIVINGSTON,G2901170,8840,Republican,5045,57.07013574660633
MO,LIVINGSTON,G2901170,8840,Other,0,0
MO,MCDONALD,G2901190,6451,Democratic,2496,38.691675709192374
MO,MCDONALD,G2901190,6451,Republican,3954,61.29282281816772
MO,MCDONALD,G2901190,6451,Other,0,0
MO,MACON,G2901210,9133,Democratic,4208,46.07467425818461
MO,MACON,G2901210,9133,Republican,4925,53.9253257418154
MO,MACON,G2901210,9133,Other,0,0
MO,MADISON,G2901230,4834,Democratic,1874,38.76706661150186
MO,MADISON,G2901230,4834,Republican,2960,61.23293338849813
MO,MADISON,G2901230,4834,Other,0,0
MO,MARIES,G2901250,3400,Democratic,1716,50.47058823529412
MO,MARIES,G2901250,3400,Republican,1684,49.529411764705884
MO,MARIES,G2901250,3400,Other,0,0
MO,MARION,G2901270,13189,Democratic,6757,51.2320873455152
MO,MARION,G2901270,13189,Republican,6431,48.760330578512395
MO,MARION,G2901270,13189,Other,0,0
MO,MERCER,G2901290,3500,Democratic,1146,32.74285714285714
MO,MERCER,G2901290,3500,Republican,2354,67.25714285714287
MO,MERCER,G2901290,3500,Other,0,0
MO,MILLER,G2901310,7066,Democratic,2583,36.55533540900085
MO,MILLER,G2901310,7066,Republican,4482,63.430512312482314
MO,MILLER,G2901310,7066,Other,0,0
MO,MISSISSIPPI,G2901330,6484,Democratic,3855,59.45404071560765
MO,MISSISSIPPI,G2901330,6484,Republican,2629,40.54595928439235
MO,MISSISSIPPI,G2901330,6484,Other,0,0
MO,MONITEAU,G2901350,5724,Democratic,2271,39.675052410901465
MO,MONITEAU,G2901350,5724,Republican,3453,60.324947589098535
MO,MONITEAU,G2901350,5724,Other,0,0
MO,MONROE,G2901370,5530,Democratic,4011,72.53164556962025
MO,MONROE,G2901370,5530,Republican,1519,27.468354430379748
MO,MONROE,G2901370,5530,Other,0,0
MO,MONTGOMERY,G2901390,6258,Democratic,2804,44.80664749121125
MO,MONTGOMERY,G2901390,6258,Republican,3454,55.19335250878875
MO,MONTGOMERY,G2901390,6258,Other,0,0
MO,MORGAN,G2901410,5218,Democratic,1979,37.92640858566501
MO,MORGAN,G2901410,5218,Republican,3239,62.07359141433499
MO,MORGAN,G2901410,5218,Other,0,0
MO,NEW MADRID,G2901430,11578,Democratic,7373,63.68111936431162
MO,NEW MADRID,G2901430,11578,Republican,4204,36.31024356538262
MO,NEW MADRID,G2901430,11578,Other,0,0
MO,NEWTON,G2901450,14688,Democratic,5677,38.6505991285403
MO,NEWTON,G2901450,14688,Republican,9010,61.342592592592595
MO,NEWTON,G2901450,14688,Other,0,0
MO,NODAWAY,G2901470,11311,Democratic,5317,47.007337989567674
MO,NODAWAY,G2901470,11311,Republican,5993,52.98382105914597
MO,NODAWAY,G2901470,11311,Other,0,0
MO,OREGON,G2901490,3908,Democratic,1934,49.48822927328557
MO,OREGON,G2901490,3908,Republican,1974,50.51177072671443
MO,OREGON,G2901490,3908,Other,0,0
MO,OSAGE,G2901510,5578,Democratic,2899,51.972032986733595
MO,OSAGE,G2901510,5578,Republican,2678,48.01003944065974
MO,OSAGE,G2901510,5578,Other,0,0
MO,OZARK,G2901530,3316,Democratic,721,21.743063932448734
MO,OZARK,G2901530,3316,Republican,2595,78.25693606755127
MO,OZARK,G2901530,3316,Other,0,0
MO,PEMISCOT,G2901550,11776,Democratic,7312,62.09239130434783
MO,PEMISCOT,G2901550,11776,Republican,4463,37.899116847826086
MO,PEMISCOT,G2901550,11776,Other,0,0
MO,PERRY,G2901570,6877,Democratic,2991,43.49280209393631
MO,PERRY,G2901570,6877,Republican,3886,56.50719790606369
MO,PERRY,G2901570,6877,Other,0,0
MO,PETTIS,G2901590,16063,Democratic,6995,43.547282574861484
MO,PETTIS,G2901590,16063,Republican,9066,56.440266450849776
MO,PETTIS,G2901590,16063,Other,0,0
MO,PHELPS,G2901610,10239,Democratic,4576,44.69186443988671
MO,PHELPS,G2901610,10239,Republican,5662,55.29836898134584
MO,PHELPS,G2901610,10239,Other,0,0
MO,PIKE,G2901630,7996,Democratic,4096,51.2256128064032
MO,PIKE,G2901630,7996,Republican,3900,48.774387193596795
MO,PIKE,G2901630,7996,Other,0,0
MO,PLATTE,G2901650,10631,Democratic,5860,55.12181356410497
MO,PLATTE,G2901650,10631,Republican,4770,44.868779983068386
MO,PLATTE,G2901650,10631,Other,0,0
MO,POLK,G2901670,7289,Democratic,2440,33.475099464947185
MO,POLK,G2901670,7289,Republican,4849,66.52490053505282
MO,POLK,G2901670,7289,Other,0,0
MO,PULASKI,G2901690,6381,Democratic,3095,48.503369377840464
MO,PULASKI,G2901690,6381,Republican,3285,51.48095909732017
MO,PULASKI,G2901690,6381,Other,0,0
MO,PUTNAM,G2901710,3771,Democratic,1060,28.1092548395651
MO,PUTNAM,G2901710,3771,Republican,2711,71.8907451604349
MO,PUTNAM,G2901710,3771,Other,0,0
MO,RALLS,G2901730,3980,Democratic,2495,62.688442211055275
MO,RALLS,G2901730,3980,Republican,1485,37.31155778894472
MO,RALLS,G2901730,3980,Other,0,0
MO,RANDOLPH,G2901750,10614,Democratic,6433,60.60863011117392
MO,RANDOLPH,G2901750,10614,Republican,4180,39.38194837007726
MO,RANDOLPH,G2901750,10614,Other,0,0
MO,RAY,G2901770,8107,Democratic,4564,56.297027260392255
MO,RAY,G2901770,8107,Republican,3542,43.69063772048847
MO,RAY,G2901770,8107,Other,0,0
MO,REYNOLDS,G2901790,2183,Democratic,1044,47.8240952817224
MO,REYNOLDS,G2901790,2183,Republican,1139,52.1759047182776
MO,REYNOLDS,G2901790,2183,Other,0,0
MO,RIPLEY,G2901810,4528,Democratic,1717,37.91961130742049
MO,RIPLEY,G2901810,4528,Republican,2811,62.080388692579504
MO,RIPLEY,G2901810,4528,Other,0,0
MO,ST CHARLES,G2901830,22778,Democratic,11888,52.19071033453332
MO,ST CHARLES,G2901830,22778,Republican,10888,47.80050926332426
MO,ST CHARLES,G2901830,22778,Other,0,0
MO,ST CLAIR,G2901850,5061,Democratic,1865,36.8504248172298
MO,ST CLAIR,G2901850,5061,Republican,3196,63.1495751827702
MO,ST CLAIR,G2901850,5061,Other,0,0
MO,ST FRANCOIS,G2901870,17336,Democratic,7205,41.56091370558376
MO,ST FRANCOIS,G2901870,17336,Republican,10129,58.42754960775265
MO,ST FRANCOIS,G2901870,17336,Other,0,0
MO,ST LOUIS,G2901890,324500,Democratic,166501,51.310015408320496
MO,ST LOUIS,G2901890,324500,Republican,157967,48.680123266563946
MO,ST LOUIS,G2901890,324500,Other,0,0
MO,STE GENEVIEVE,G2901860,5167,Democratic,3211,62.14437778207858
MO,STE GENEVIEVE,G2901860,5167,Republican,1956,37.85562221792142
MO,STE GENEVIEVE,G2901860,5167,Other,0,0
MO,SALINE,G2901950,12054,Democratic,5968,49.51053592168575
MO,SALINE,G2901950,12054,Republican,6085,50.48116807698689
MO,SALINE,G2901950,12054,Other,0,0
MO,SCHUYLER,G2901970,3027,Democratic,1361,44.962008589362405
MO,SCHUYLER,G2901970,3027,Republican,1666,55.0379914106376
MO,SCHUYLER,G2901970,3027,Other,0,0
MO,SCOTLAND,G2901990,3783,Democratic,1884,49.80174464710547
MO,SCOTLAND,G2901990,3783,Republican,1899,50.19825535289453
MO,SCOTLAND,G2901990,3783,Other,0,0
MO,SCOTT,G2902010,12156,Democratic,6348,52.22112537018756
MO,SCOTT,G2902010,12156,Republican,5807,47.770648239552486
MO,SCOTT,G2902010,12156,Other,0,0
MO,SHANNON,G2902030,2815,Democratic,1386,49.236234458259325
MO,SHANNON,G2902030,2815,Republican,1429,50.76376554174068
MO,SHANNON,G2902030,2815,Other,0,0
MO,SHELBY,G2902050,4932,Democratic,2870,58.191403081914025
MO,SHELBY,G2902050,4932,Republican,2062,41.808596918085975
MO,SHELBY,G2902050,4932,Other,0,0
MO,STODDARD,G2902070,11683,Democratic,5317,45.510570915004706
MO,STODDARD,G2902070,11683,Republican,6365,54.48086963964735
MO,STODDARD,G2902070,11683,Other,0,0
MO,STONE,G2902090,4091,Democratic,890,21.755072109508678
MO,STONE,G2902090,4091,Republican,3201,78.24492789049133
MO,STONE,G2902090,4091,Other,0,0
MO,SULLIVAN,G2902110,5706,Democratic,2504,43.883631265334735
MO,SULLIVAN,G2902110,5706,Republican,3202,56.116368734665265
MO,SULLIVAN,G2902110,5706,Other,0,0
MO,TANEY,G2902130,5131,Democratic,1439,28.04521535763009
MO,TANEY,G2902130,5131,Republican,3692,71.9547846423699
MO,TANEY,G2902130,5131,Other,0,0
MO,TEXAS,G2902150,8864,Democratic,3606,40.681407942238266
MO,TEXAS,G2902150,8864,Republican,5257,59.307310469314075
MO,TEXAS,G2902150,8864,Other,0,0
MO,VERNON,G2902170,9573,Democratic,4185,43.71670322782827
MO,VERNON,G2902170,9573,Republican,5387,56.272850726000215
MO,VERNON,G2902170,9573,Other,0,0
MO,WARREN,G2902190,4353,Democratic,1407,32.32253618194349
MO,WARREN,G2902190,4353,Republican,2946,67.67746381805651
MO,WARREN,G2902190,4353,Other,0,0
MO,WASHINGTON,G2902210,6086,Democratic,2649,43.526125534012486
MO,WASHINGTON,G2902210,6086,Republican,3437,56.473874465987514
MO,WASHINGTON,G2902210,6086,Other,0,0
MO,WAYNE,G2902230,5221,Democratic,2152,41.21815744110324
MO,WAYNE,G2902230,5221,Republican,3069,58.78184255889677
MO,WAYNE,G2902230,5221,Other,0,0
MO,WEBSTER,G2902250,7310,Democratic,2707,37.03146374829001
MO,WEBSTER,G2902250,7310,Republican,4602,62.95485636114911
MO,WEBSTER,G2902250,7310,Other,0,0
MO,WORTH,G2902270,2678,Democratic,1323,49.40253920836445
MO,WORTH,G2902270,2678,Republican,1355,50.59746079163555
MO,WORTH,G2902270,2678,Other,0,0
MO,WRIGHT,G2902290,7144,Democratic,1952,27.32362821948488
MO,WRIGHT,G2902290,7144,Republican,5191,72.66237402015678
MO,WRIGHT,G2902290,7144,Other,0,0
MO,ST LOUIS CITY,G2905100,303650,Democratic,202292,66.62012185081508
MO,ST LOUIS CITY,G2905100,303650,Republican,101328,33.369998353367365
MO,ST LOUIS CITY,G2905100,303650,Other,0,0
NE,ADAMS,G3100010,12296,Democratic,4364,35.49121665582303
NE,ADAMS,G3100010,12296,Republican,7931,64.50065061808718
NE,ADAMS,G3100010,12296,Other,0,0
NE,ANTELOPE,G3100030,5087,Democratic,1470,28.897188912915272
NE,ANTELOPE,G3100030,5087,Republican,3617,71.10281108708473
NE,ANTELOPE,G3100030,5087,Other,0,0
NE,ARTHUR,G3100050,351,Democratic,68,19.37321937321937
NE,ARTHUR,G3100050,351,Republican,283,80.62678062678063
NE,ARTHUR,G3100050,351,Other,0,0
NE,BANNER,G3100070,635,Democratic,211,33.22834645669291
NE,BANNER,G3100070,635,Republican,424,66.77165354330708
NE,BANNER,G3100070,635,Other,0,0
NE,BLAINE,G3100090,533,Democratic,113,21.200750469043154
NE,BLAINE,G3100090,533,Republican,420,78.79924953095684
NE,BLAINE,G3100090,533,Other,0,0
NE,BOONE,G3100110,4356,Democratic,1547,35.51423324150597
NE,BOONE,G3100110,4356,Republican,2809,64.48576675849404
NE,BOONE,G3100110,4356,Other,0,0
NE,BOX BUTTE,G3100130,5043,Democratic,1886,37.39837398373984
NE,BOX BUTTE,G3100130,5043,Republican,3157,62.601626016260155
NE,BOX BUTTE,G3100130,5043,Other,0,0
NE,BOYD,G3100150,2161,Democratic,768,35.53910226746876
NE,BOYD,G3100150,2161,Republican,1393,64.46089773253124
NE,BOYD,G3100150,2161,Other,0,0
NE,BROWN,G3100170,2249,Democratic,514,22.854602045353488
NE,BROWN,G3100170,2249,Republican,1735,77.14539795464651
NE,BROWN,G3100170,2249,Other,0,0
NE,BUFFALO,G3100190,11486,Democratic,3890,33.86731673341459
NE,BUFFALO,G3100190,11486,Republican,7595,66.12397701549713
NE,BUFFALO,G3100190,11486,Other,0,0
NE,BURT,G3100210,4979,Democratic,1366,27.43522795742117
NE,BURT,G3100210,4979,Republican,3613,72.56477204257882
NE,BURT,G3100210,4979,Other,0,0
NE,BUTLER,G3100230,4995,Democratic,2742,54.8948948948949
NE,BUTLER,G3100230,4995,Republican,2253,45.1051051051051
NE,BUTLER,G3100230,4995,Other,0,0
NE,CASS,G3100250,7305,Democratic,2799,38.31622176591375
NE,CASS,G3100250,7305,Republican,4506,61.68377823408624
NE,CASS,G3100250,7305,Other,0,0
NE,CEDAR,G3100270,5999,Democratic,2939,48.99149858309718
NE,CEDAR,G3100270,5999,Republican,3059,50.991831971995325
NE,CEDAR,G3100270,5999,Other,0,0
NE,CHASE,G3100290,2139,Democratic,657,30.715287517531557
NE,CHASE,G3100290,2139,Republican,1482,69.28471248246845
NE,CHASE,G3100290,2139,Other,0,0
NE,CHERRY,G3100310,3739,Democratic,1044,27.921904252473922
NE,CHERRY,G3100310,3739,Republican,2695,72.07809574752608
NE,CHERRY,G3100310,3739,Other,0,0
NE,CHEYENNE,G3100330,6394,Democratic,2580,40.35032843290585
NE,CHEYENNE,G3100330,6394,Republican,3813,59.634031904910856
NE,CHEYENNE,G3100330,6394,Other,0,0
NE,CLAY,G3100350,4336,Democratic,1331,30.696494464944653
NE,CLAY,G3100350,4336,Republican,3005,69.30350553505535
NE,CLAY,G3100350,4336,Other,0,0
NE,COLFAX,G3100370,4479,Democratic,1975,44.094663987497206
NE,COLFAX,G3100370,4479,Republican,2504,55.905336012502794
NE,COLFAX,G3100370,4479,Other,0,0
NE,CUMING,G3100390,5773,Democratic,1879,32.54806859518448
NE,CUMING,G3100390,5773,Republican,3894,67.45193140481553
NE,CUMING,G3100390,5773,Other,0,0
NE,CUSTER,G3100410,8066,Democratic,2350,29.134639226382347
NE,CUSTER,G3100410,8066,Republican,5716,70.86536077361765
NE,CUSTER,G3100410,8066,Other,0,0
NE,DAKOTA,G3100430,5304,Democratic,2327,43.872549019607845
NE,DAKOTA,G3100430,5304,Republican,2977,56.127450980392155
NE,DAKOTA,G3100430,5304,Other,0,0
NE,DAWES,G3100450,4385,Democratic,1279,29.167616875712653
NE,DAWES,G3100450,4385,Republican,3106,70.83238312428735
NE,DAWES,G3100450,4385,Other,0,0
NE,DAWSON,G3100470,8868,Democratic,2387,26.917004961659902
NE,DAWSON,G3100470,8868,Republican,6480,73.07171853856563
NE,DAWSON,G3100470,8868,Other,0,0
NE,DEUEL,G3100490,1674,Democratic,398,23.775388291517324
NE,DEUEL,G3100490,1674,Republican,1276,76.22461170848268
NE,DEUEL,G3100490,1674,Other,0,0
NE,DIXON,G3100510,4097,Democratic,1384,33.78081523065658
NE,DIXON,G3100510,4097,Republican,2713,66.21918476934341
NE,DIXON,G3100510,4097,Other,0,0
NE,DODGE,G3100530,14340,Democratic,4701,32.78242677824268
NE,DODGE,G3100530,14340,Republican,9638,67.21059972105998
NE,DODGE,G3100530,14340,Other,0,0
NE,DOUGLAS,G3100550,136065,Democratic,64059,47.07970455297101
NE,DOUGLAS,G3100550,136065,Republican,71992,52.910006247014294
NE,DOUGLAS,G3100550,136065,Other,0,0
NE,DUNDY,G3100570,1731,Democratic,486,28.07625649913345
NE,DUNDY,G3100570,1731,Republican,1245,71.92374350086655
NE,DUNDY,G3100570,1731,Other,0,0
NE,FILLMORE,G3100590,4652,Democratic,1810,38.90799656061909
NE,FILLMORE,G3100590,4652,Republican,2842,61.09200343938092
NE,FILLMORE,G3100590,4652,Other,0,0
NE,FRANKLIN,G3100610,2801,Democratic,1003,35.80863977151017
NE,FRANKLIN,G3100610,2801,Republican,1798,64.19136022848983
NE,FRANKLIN,G3100610,2801,Other,0,0
NE,FRONTIER,G3100630,2197,Democratic,582,26.49066909421939
NE,FRONTIER,G3100630,2197,Republican,1615,73.50933090578062
NE,FRONTIER,G3100630,2197,Other,0,0
NE,FURNAS,G3100650,3945,Democratic,1091,27.6552598225602
NE,FURNAS,G3100650,3945,Republican,2854,72.34474017743979
NE,FURNAS,G3100650,3945,Other,0,0
NE,GAGE,G3100670,11615,Democratic,3861,33.241498062849764
NE,GAGE,G3100670,11615,Republican,7753,66.74989238054239
NE,GAGE,G3100670,11615,Other,0,0
NE,GARDEN,G3100690,1802,Democratic,426,23.640399556048834
NE,GARDEN,G3100690,1802,Republican,1376,76.35960044395117
NE,GARDEN,G3100690,1802,Other,0,0
NE,GARFIELD,G3100710,1352,Democratic,305,22.559171597633135
NE,GARFIELD,G3100710,1352,Republican,1047,77.44082840236686
NE,GARFIELD,G3100710,1352,Other,0,0
NE,GOSPER,G3100730,1193,Democratic,339,28.415758591785416
NE,GOSPER,G3100730,1193,Republican,854,71.5842414082146
NE,GOSPER,G3100730,1193,Other,0,0
NE,GRANT,G3100750,537,Democratic,127,23.649906890130353
NE,GRANT,G3100750,537,Republican,410,76.35009310986965
NE,GRANT,G3100750,537,Other,0,0
NE,GREELEY,G3100770,2223,Democratic,1263,56.81511470985156
NE,GREELEY,G3100770,2223,Republican,960,43.18488529014845
NE,GREELEY,G3100770,2223,Other,0,0
NE,HALL,G3100790,15259,Democratic,5495,36.01153417655154
NE,HALL,G3100790,15259,Republican,9763,63.98191231404417
NE,HALL,G3100790,15259,Other,0,0
NE,HAMILTON,G3100810,4472,Democratic,1223,27.347942754919497
NE,HAMILTON,G3100810,4472,Republican,3249,72.6520572450805
NE,HAMILTON,G3100810,4472,Other,0,0
NE,HARLAN,G3100830,2659,Democratic,893,33.58405415569763
NE,HARLAN,G3100830,2659,Republican,1766,66.41594584430237
NE,HARLAN,G3100830,2659,Other,0,0
NE,HAYES,G3100850,980,Democratic,281,28.6734693877551
NE,HAYES,G3100850,980,Republican,699,71.3265306122449
NE,HAYES,G3100850,980,Other,0,0
NE,HITCHCOCK,G3100870,2312,Democratic,678,29.325259515570934
NE,HITCHCOCK,G3100870,2312,Republican,1634,70.67474048442907
NE,HITCHCOCK,G3100870,2312,Other,0,0
NE,HOLT,G3100890,6588,Democratic,2438,37.0066788099575
NE,HOLT,G3100890,6588,Republican,4150,62.99332119004251
NE,HOLT,G3100890,6588,Other,0,0
NE,HOOKER,G3100910,514,Democratic,71,13.813229571984436
NE,HOOKER,G3100910,514,Republican,443,86.18677042801556
NE,HOOKER,G3100910,514,Other,0,0
NE,HOWARD,G3100930,3194,Democratic,1518,47.52661239824671
NE,HOWARD,G3100930,3194,Republican,1676,52.47338760175329
NE,HOWARD,G3100930,3194,Other,0,0
NE,JEFFERSON,G3100950,5942,Democratic,1895,31.891618983507236
NE,JEFFERSON,G3100950,5942,Republican,4047,68.10838101649276
NE,JEFFERSON,G3100950,5942,Other,0,0
NE,JOHNSON/JOHNSTON,G3100970,3249,Democratic,1151,35.426285010772546
NE,JOHNSON/JOHNSTON,G3100970,3249,Republican,2098,64.57371498922745
NE,JOHNSON/JOHNSTON,G3100970,3249,Other,0,0
NE,KEARNEY,G3100990,3328,Democratic,1263,37.95072115384615
NE,KEARNEY,G3100990,3328,Republican,2065,62.04927884615385
NE,KEARNEY,G3100990,3328,Other,0,0
NE,KEITH,G3101010,3891,Democratic,1211,31.123104600359802
NE,KEITH,G3101010,3891,Republican,2680,68.87689539964019
NE,KEITH,G3101010,3891,Other,0,0
NE,KEYA PAHA,G3101030,887,Democratic,241,27.17023675310034
NE,KEYA PAHA,G3101030,887,Republican,646,72.82976324689966
NE,KEYA PAHA,G3101030,887,Other,0,0
NE,KIMBALL,G3101050,3168,Democratic,1016,32.07070707070707
NE,KIMBALL,G3101050,3168,Republican,2152,67.92929292929293
NE,KIMBALL,G3101050,3168,Other,0,0
NE,KNOX/L'EAU QUI CO,G3101070,5969,Democratic,2122,35.55034344111242
NE,KNOX/L'EAU QUI CO,G3101070,5969,Republican,3846,64.43290333389177
NE,KNOX/L'EAU QUI CO,G3101070,5969,Other,0,0
NE,LANCASTER,G3101090,60289,Democratic,22560,37.4197614821941
NE,LANCASTER,G3101090,60289,Republican,37723,62.570286453581915
NE,LANCASTER,G3101090,60289,Other,0,0
NE,LINCOLN,G3101110,12497,Democratic,4811,38.49723933744099
NE,LINCOLN,G3101110,12497,Republican,7684,61.48675682163719
NE,LINCOLN,G3101110,12497,Other,0,0
NE,LOGAN,G3101130,554,Democratic,163,29.422382671480147
NE,LOGAN,G3101130,554,Republican,391,70.57761732851986
NE,LOGAN,G3101130,554,Other,0,0
NE,LOUP,G3101150,574,Democratic,129,22.473867595818817
NE,LOUP,G3101150,574,Republican,445,77.52613240418118
NE,LOUP,G3101150,574,Other,0,0
NE,MCPHERSON,G3101170,370,Democratic,67,18.10810810810811
NE,MCPHERSON,G3101170,370,Republican,303,81.89189189189189
NE,MCPHERSON,G3101170,370,Other,0,0
NE,MADISON,G3101190,11400,Democratic,3050,26.75438596491228
NE,MADISON,G3101190,11400,Republican,8349,73.23684210526315
NE,MADISON,G3101190,11400,Other,0,0
NE,MERRICK,G3101210,3978,Democratic,1234,31.02061337355455
NE,MERRICK,G3101210,3978,Republican,2744,68.97938662644545
NE,MERRICK,G3101210,3978,Other,0,0
NE,MORRILL,G3101230,3219,Democratic,1199,37.247592420006214
NE,MORRILL,G3101230,3219,Republican,2020,62.752407579993786
NE,MORRILL,G3101230,3219,Other,0,0
NE,NANCE,G3101250,2711,Democratic,1012,37.32939874585024
NE,NANCE,G3101250,2711,Republican,1699,62.67060125414976
NE,NANCE,G3101250,2711,Other,0,0
NE,NEMAHA,G3101270,4408,Democratic,1377,31.238656987295826
NE,NEMAHA,G3101270,4408,Republican,3031,68.76134301270417
NE,NEMAHA,G3101270,4408,Other,0,0
NE,NUCKOLLS,G3101290,4011,Democratic,1570,39.14235851408626
NE,NUCKOLLS,G3101290,4011,Republican,2441,60.85764148591374
NE,NUCKOLLS,G3101290,4011,Other,0,0
NE,OTOE,G3101310,7600,Democratic,2543,33.46052631578947
NE,OTOE,G3101310,7600,Republican,5056,66.52631578947368
NE,OTOE,G3101310,7600,Other,0,0
NE,PAWNEE,G3101330,2737,Democratic,1009,36.86518085495067
NE,PAWNEE,G3101330,2737,Republican,1728,63.13481914504933
NE,PAWNEE,G3101330,2737,Other,0,0
NE,PERKINS,G3101350,1998,Democratic,697,34.88488488488489
NE,PERKINS,G3101350,1998,Republican,1301,65.11511511511512
NE,PERKINS,G3101350,1998,Other,0,0
NE,PHELPS,G3101370,5047,Democratic,1252,24.806815930255596
NE,PHELPS,G3101370,5047,Republican,3795,75.1931840697444
NE,PHELPS,G3101370,5047,Other,0,0
NE,PIERCE,G3101390,4070,Democratic,1107,27.1990171990172
NE,PIERCE,G3101390,4070,Republican,2963,72.80098280098281
NE,PIERCE,G3101390,4070,Other,0,0
NE,PLATTE,G3101410,10516,Democratic,4386,41.70787371624192
NE,PLATTE,G3101410,10516,Republican,6129,58.28261696462533
NE,PLATTE,G3101410,10516,Other,0,0
NE,POLK,G3101430,3581,Democratic,1184,33.06339011449316
NE,POLK,G3101430,3581,Republican,2397,66.93660988550684
NE,POLK,G3101430,3581,Other,0,0
NE,RED WILLOW,G3101450,5812,Democratic,1921,33.05230557467309
NE,RED WILLOW,G3101450,5812,Republican,3890,66.93048864418445
NE,RED WILLOW,G3101450,5812,Other,0,0
NE,RICHARDSON,G3101470,7151,Democratic,2669,37.32345126555727
NE,RICHARDSON,G3101470,7151,Republican,4481,62.66256467626905
NE,RICHARDSON,G3101470,7151,Other,0,0
NE,ROCK,G3101490,1337,Democratic,253,18.92296185489903
NE,ROCK,G3101490,1337,Republican,1084,81.07703814510097
NE,ROCK,G3101490,1337,Other,0,0
NE,SALINE,G3101510,6404,Democratic,3523,55.01249219237976
NE,SALINE,G3101510,6404,Republican,2881,44.98750780762023
NE,SALINE,G3101510,6404,Other,0,0
NE,SARPY,G3101530,8449,Democratic,3777,44.70351520890046
NE,SARPY,G3101530,8449,Republican,4671,55.284649070895966
NE,SARPY,G3101530,8449,Other,0,0
NE,SAUNDERS,G3101550,8258,Democratic,3556,43.06127391620247
NE,SAUNDERS,G3101550,8258,Republican,4701,56.92661661419229
NE,SAUNDERS,G3101550,8258,Other,0,0
NE,SCOTTS BLUFF,G3101570,14374,Democratic,5645,39.272297203283706
NE,SCOTTS BLUFF,G3101570,14374,Republican,8728,60.720745791011545
NE,SCOTTS BLUFF,G3101570,14374,Other,0,0
NE,SEWARD,G3101590,5683,Democratic,2095,36.86433221889847
NE,SEWARD,G3101590,5683,Republican,3588,63.13566778110153
NE,SEWARD,G3101590,5683,Other,0,0
NE,SHERIDAN,G3101610,4014,Democratic,1144,28.50024912805182
NE,SHERIDAN,G3101610,4014,Republican,2870,71.49975087194818
NE,SHERIDAN,G3101610,4014,Other,0,0
NE,SHERMAN,G3101630,2558,Democratic,1427,55.78577013291635
NE,SHERMAN,G3101630,2558,Republican,1131,44.21422986708366
NE,SHERMAN,G3101630,2558,Other,0,0
NE,SIOUX,G3101650,1160,Democratic,415,35.775862068965516
NE,SIOUX,G3101650,1160,Republican,745,64.22413793103449
NE,SIOUX,G3101650,1160,Other,0,0
NE,STANTON,G3101670,2537,Democratic,857,33.78005518328735
NE,STANTON,G3101670,2537,Republican,1680,66.21994481671265
NE,STANTON,G3101670,2537,Other,0,0
NE,THAYER,G3101690,4752,Democratic,1550,32.61784511784512
NE,THAYER,G3101690,4752,Republican,3202,67.3821548821549
NE,THAYER,G3101690,4752,Other,0,0
NE,THOMAS,G3101710,561,Democratic,141,25.13368983957219
NE,THOMAS,G3101710,561,Republican,420,74.8663101604278
NE,THOMAS,G3101710,561,Other,0,0
NE,THURSTON,G3101730,3072,Democratic,1315,42.80598958333333
NE,THURSTON,G3101730,3072,Republican,1757,57.194010416666664
NE,THURSTON,G3101730,3072,Other,0,0
NE,VALLEY,G3101750,3293,Democratic,1248,37.8985727300334
NE,VALLEY,G3101750,3293,Republican,2045,62.10142726996659
NE,VALLEY,G3101750,3293,Other,0,0
NE,WASHINGTON,G3101770,5466,Democratic,1694,30.9915843395536
NE,WASHINGTON,G3101770,5466,Republican,3772,69.0084156604464
NE,WASHINGTON,G3101770,5466,Other,0,0
NE,WAYNE,G3101790,4299,Democratic,1025,23.842754128867178
NE,WAYNE,G3101790,4299,Republican,3274,76.15724587113282
NE,WAYNE,G3101790,4299,Other,0,0
NE,WEBSTER,G3101810,3129,Democratic,1103,35.250878875039945
NE,WEBSTER,G3101810,3129,Republican,2026,64.74912112496006
NE,WEBSTER,G3101810,3129,Other,0,0
NE,WHEELER,G3101830,663,Democratic,239,36.048265460030166
NE,WHEELER,G3101830,663,Republican,424,63.95173453996983
NE,WHEELER,G3101830,663,Other,0,0
NE,YORK,G3101850,6969,Democratic,1764,25.31209642703401
NE,YORK,G3101850,6969,Republican,5204,74.67355431195294
NE,YORK,G3101850,6969,Other,0,0
ND,ADAMS,G3800010,2064,Democratic,832,40.310077519379846
ND,ADAMS,G3800010,2064,Republican,1232,59.68992248062015
ND,ADAMS,G3800010,2064,Other,0,0
ND,BARNES,G3800030,7629,Democratic,3222,42.23358238301219
ND,BARNES,G3800030,7629,Republican,4403,57.7139861056495
ND,BARNES,G3800030,7629,Other,2,0.026215755669157164
ND,BENSON,G3800050,4443,Democratic,2181,49.08845374746792
ND,BENSON,G3800050,4443,Republican,2259,50.84402430790007
ND,BENSON,G3800050,4443,Other,3,0.0675219446320054
ND,BILLINGS,G3800070,768,Democratic,400,52.083333333333336
ND,BILLINGS,G3800070,768,Republican,368,47.91666666666667
ND,BILLINGS,G3800070,768,Other,0,0
ND,BOTTINEAU,G3800090,5069,Democratic,1974,38.94259222726376
ND,BOTTINEAU,G3800090,5069,Republican,3092,60.998224501874134
ND,BOTTINEAU,G3800090,5069,Other,3,0.05918327086210298
ND,BOWMAN,G3800110,1888,Democratic,847,44.86228813559322
ND,BOWMAN,G3800110,1888,Republican,1038,54.978813559322035
ND,BOWMAN,G3800110,1888,Other,3,0.15889830508474578
ND,BURKE,G3800130,2687,Democratic,1076,40.044659471529584
ND,BURKE,G3800130,2687,Republican,1609,59.8809080759211
ND,BURKE,G3800130,2687,Other,2,0.07443245254931151
ND,BURLEIGH,G3800150,15278,Democratic,5760,37.70126979971201
ND,BURLEIGH,G3800150,15278,Republican,9491,62.12200549810185
ND,BURLEIGH,G3800150,15278,Other,24,0.15708862416546668
ND,CASS,G3800170,29711,Democratic,12211,41.09925616774932
ND,CASS,G3800170,29711,Republican,17497,58.890646561879436
ND,CASS,G3800170,29711,Other,0,0
ND,CAVALIER,G3800190,4743,Democratic,2312,48.74551971326165
ND,CAVALIER,G3800190,4743,Republican,2430,51.23339658444023
ND,CAVALIER,G3800190,4743,Other,1,0.02108370229812355
ND,DICKEY,G3800210,3856,Democratic,1433,37.16286307053942
ND,DICKEY,G3800210,3856,Republican,2420,62.75933609958506
ND,DICKEY,G3800210,3856,Other,3,0.07780082987551867
ND,DIVIDE,G3800230,2595,Democratic,1243,47.89980732177264
ND,DIVIDE,G3800230,2595,Republican,1348,51.946050096339114
ND,DIVIDE,G3800230,2595,Other,4,0.15414258188824664
ND,DUNN,G3800250,2783,Democratic,1321,47.46676248652533
ND,DUNN,G3800250,2783,Republican,1462,52.53323751347466
ND,DUNN,G3800250,2783,Other,0,0
ND,EDDY,G3800270,2342,Democratic,1152,49.18872758326217
ND,EDDY,G3800270,2342,Republican,1188,50.72587532023911
ND,EDDY,G3800270,2342,Other,2,0.08539709649871904
ND,EMMONS,G3800290,3845,Democratic,2058,53.524057217165144
ND,EMMONS,G3800290,3845,Republican,1785,46.42392717815345
ND,EMMONS,G3800290,3845,Other,2,0.05201560468140442
ND,FOSTER,G3800310,2533,Democratic,1182,46.664034741413346
ND,FOSTER,G3800310,2533,Republican,1351,53.33596525858666
ND,FOSTER,G3800310,2533,Other,0,0
ND,GOLDEN VALLEY,G3800330,1499,Democratic,672,44.829886591060706
ND,GOLDEN VALLEY,G3800330,1499,Republican,825,55.03669112741828
ND,GOLDEN VALLEY,G3800330,1499,Other,2,0.13342228152101399
ND,GRAND FORKS,G3800350,19343,Democratic,8341,43.12154267693739
ND,GRAND FORKS,G3800350,19343,Republican,10996,56.84743834979062
ND,GRAND FORKS,G3800350,19343,Other,4,0.020679315514656467
ND,GRANT,G3800370,2751,Democratic,955,34.714649218466015
ND,GRANT,G3800370,2751,Republican,1794,65.21264994547438
ND,GRANT,G3800370,2751,Other,2,0.07270083605961468
ND,GRIGGS,G3800390,2561,Democratic,1279,49.94142912924639
ND,GRIGGS,G3800390,2561,Republican,1278,49.902381882077314
ND,GRIGGS,G3800390,2561,Other,4,0.15618898867629832
ND,HETTINGER,G3800410,2762,Democratic,1219,44.134685010861695
ND,HETTINGER,G3800410,2762,Republican,1541,55.792903692976104
ND,HETTINGER,G3800410,2762,Other,2,0.0724112961622013
ND,KIDDER,G3800430,2443,Democratic,868,35.53008595988539
ND,KIDDER,G3800430,2443,Republican,1574,64.42898076135899
ND,KIDDER,G3800430,2443,Other,1,0.04093327875562833
ND,LA MOURE,G3800450,4090,Democratic,1575,38.50855745721272
ND,LA MOURE,G3800450,4090,Republican,2511,61.39364303178484
ND,LA MOURE,G3800450,4090,Other,4,0.09779951100244498
ND,LOGAN,G3800470,2499,Democratic,898,35.9343737494998
ND,LOGAN,G3800470,2499,Republican,1601,64.0656262505002
ND,LOGAN,G3800470,2499,Other,0,0
ND,MCHENRY,G3800490,4948,Democratic,2231,45.088924818108325
ND,MCHENRY,G3800490,4948,Republican,2715,54.870654810024256
ND,MCHENRY,G3800490,4948,Other,2,0.04042037186742118
ND,MCINTOSH,G3800510,3322,Democratic,628,18.904274533413606
ND,MCINTOSH,G3800510,3322,Republican,2694,81.0957254665864
ND,MCINTOSH,G3800510,3322,Other,0,0
ND,MCKENZIE,G3800530,3231,Democratic,1514,46.858557722067474
ND,MCKENZIE,G3800530,3231,Republican,1715,53.079541937480656
ND,MCKENZIE,G3800530,3231,Other,2,0.06190034045187248
ND,MCLEAN,G3800550,6173,Democratic,2770,44.87283330633404
ND,MCLEAN,G3800550,6173,Republican,3398,55.04616879961121
ND,MCLEAN,G3800550,6173,Other,4,0.06479831524380365
ND,MERCER,G3800570,3239,Democratic,844,26.057425131213336
ND,MERCER,G3800570,3239,Republican,2395,73.94257486878666
ND,MERCER,G3800570,3239,Other,0,0
ND,MORTON,G3800590,8895,Democratic,4866,54.70489038785835
ND,MORTON,G3800590,8895,Republican,4028,45.28386734120292
ND,MORTON,G3800590,8895,Other,1,0.011242270938729624
ND,MOUNTRAIL,G3800610,4163,Democratic,2264,54.38385779485948
ND,MOUNTRAIL,G3800610,4163,Republican,1894,45.49603651213068
ND,MOUNTRAIL,G3800610,4163,Other,5,0.12010569300984868
ND,NELSON,G3800630,3719,Democratic,1783,47.94299542887873
ND,NELSON,G3800630,3719,Republican,1934,52.003226673837055
ND,NELSON,G3800630,3719,Other,2,0.05377789728421619
ND,OLIVER,G3800650,1198,Democratic,494,41.235392320534224
ND,OLIVER,G3800650,1198,Republican,703,58.68113522537563
ND,OLIVER,G3800650,1198,Other,1,0.08347245409015025
ND,PEMBINA,G3800670,5810,Democratic,2460,42.3407917383821
ND,PEMBINA,G3800670,5810,Republican,3348,57.62478485370052
ND,PEMBINA,G3800670,5810,Other,2,0.034423407917383825
ND,PIERCE,G3800690,3313,Democratic,1848,55.7802595834591
ND,PIERCE,G3800690,3313,Republican,1464,44.18955629338968
ND,PIERCE,G3800690,3313,Other,1,0.030184123151222455
ND,RAMSEY,G3800710,6413,Democratic,2813,43.864026196787776
ND,RAMSEY,G3800710,6413,Republican,3599,56.12038047715578
ND,RAMSEY,G3800710,6413,Other,1,0.01559332605644784
ND,RANSOM,G3800730,4131,Democratic,1806,43.71822803195352
ND,RANSOM,G3800730,4131,Republican,2324,56.25756475429679
ND,RANSOM,G3800730,4131,Other,1,0.02420721374969741
ND,RENVILLE,G3800750,2230,Democratic,1217,54.573991031390136
ND,RENVILLE,G3800750,2230,Republican,1012,45.38116591928251
ND,RENVILLE,G3800750,2230,Other,1,0.04484304932735426
ND,RICHLAND,G3800770,8718,Democratic,4002,45.9050240880936
ND,RICHLAND,G3800770,8718,Republican,4710,54.02615278733654
ND,RICHLAND,G3800770,8718,Other,3,0.034411562284927734
ND,ROLETTE,G3800790,3615,Democratic,2335,64.59197786998617
ND,ROLETTE,G3800790,3615,Republican,1277,35.325034578146614
ND,ROLETTE,G3800790,3615,Other,3,0.08298755186721991
ND,SARGENT,G3800810,3248,Democratic,1655,50.95443349753695
ND,SARGENT,G3800810,3248,Republican,1591,48.98399014778325
ND,SARGENT,G3800810,3248,Other,2,0.06157635467980296
ND,SHERIDAN,G3800830,2098,Democratic,539,25.691134413727358
ND,SHERIDAN,G3800830,2098,Republican,1552,73.97521448999046
ND,SHERIDAN,G3800830,2098,Other,7,0.3336510962821735
ND,SIOUX,G3800850,1259,Democratic,688,54.646544876886416
ND,SIOUX,G3800850,1259,Republican,571,45.353455123113584
ND,SIOUX,G3800850,1259,Other,0,0
ND,SLOPE,G3800870,906,Democratic,431,47.57174392935982
ND,SLOPE,G3800870,906,Republican,475,52.42825607064018
ND,SLOPE,G3800870,906,Other,0,0
ND,STARK,G3800890,7421,Democratic,4197,56.55572025333513
ND,STARK,G3800890,7421,Republican,3223,43.430804473790594
ND,STARK,G3800890,7421,Other,1,0.013475272874275704
ND,STEELE,G3800910,2382,Democratic,1173,49.24433249370277
ND,STEELE,G3800910,2382,Republican,1209,50.75566750629723
ND,STEELE,G3800910,2382,Other,0,0
ND,STUTSMAN,G3800930,10399,Democratic,4481,43.09068179632657
ND,STUTSMAN,G3800930,10399,Republican,5905,56.78430618328686
ND,STUTSMAN,G3800930,10399,Other,12,0.1153957111260698
ND,TOWNER,G3800950,2703,Democratic,1292,47.79874213836478
ND,TOWNER,G3800950,2703,Republican,1410,52.164261931187575
ND,TOWNER,G3800950,2703,Other,1,0.03699593044765076
ND,TRAILL,G3800970,5303,Democratic,2084,39.29851027720158
ND,TRAILL,G3800970,5303,Republican,3218,60.68263247218556
ND,TRAILL,G3800970,5303,Other,1,0.018857250612860643
ND,WALSH,G3800990,8047,Democratic,4008,49.80738163290667
ND,WALSH,G3800990,8047,Republican,4036,50.1553373928172
ND,WALSH,G3800990,8047,Other,2,0.024853982850751834
ND,WARD,G3801010,17653,Democratic,7953,45.051832549708266
ND,WARD,G3801010,17653,Republican,9679,54.82920750014162
ND,WARD,G3801010,17653,Other,18,0.10196567155724238
ND,WELLS,G3801030,4535,Democratic,1885,41.56560088202866
ND,WELLS,G3801030,4535,Republican,2641,58.23594266813672
ND,WELLS,G3801030,4535,Other,9,0.19845644983461963
ND,WILLIAMS,G3801050,9177,Democratic,4682,51.018851476517376
ND,WILLIAMS,G3801050,9177,Republican,4491,48.9375612945407
ND,WILLIAMS,G3801050,9177,Other,2,0.021793614470960006
SD,AURORA,G4600030,2537,Democratic,1270,50.059124950729206
SD,AURORA,G4600030,2537,Republican,1267,49.940875049270794
SD,AURORA,G4600030,2537,Other,0,0
SD,BEADLE,G4600050,9990,Democratic,4079,40.830830830830834
SD,BEADLE,G4600050,9990,Republican,5910,59.15915915915916
SD,BEADLE,G4600050,9990,Other,0,0
SD,BENNETT,G4600070,1386,Democratic,607,43.79509379509379
SD,BENNETT,G4600070,1386,Republican,779,56.2049062049062
SD,BENNETT,G4600070,1386,Other,0,0
SD,BON HOMME,G4600090,4782,Democratic,2052,42.91091593475534
SD,BON HOMME,G4600090,4782,Republican,2730,57.08908406524466
SD,BON HOMME,G4600090,4782,Other,0,0
SD,BROOKINGS,G4600110,8684,Democratic,2973,34.235375403040074
SD,BROOKINGS,G4600110,8684,Republican,5710,65.75310916628283
SD,BROOKINGS,G4600110,8684,Other,0,0
SD,BROWN,G4600130,15930,Democratic,7892,49.541745134965474
SD,BROWN,G4600130,15930,Republican,8037,50.451977401129945
SD,BROWN,G4600130,15930,Other,0,0
SD,BRULE,G4600150,3003,Democratic,1600,53.28005328005329
SD,BRULE,G4600150,3003,Republican,1403,46.71994671994672
SD,BRULE,G4600150,3003,Other,0,0
SD,BUFFALO,G4600170,628,Democratic,334,53.18471337579618
SD,BUFFALO,G4600170,628,Republican,294,46.81528662420382
SD,BUFFALO,G4600170,628,Other,0,0
SD,BUTTE,G4600190,3814,Democratic,1318,34.556895647614056
SD,BUTTE,G4600190,3814,Republican,2496,65.44310435238594
SD,BUTTE,G4600190,3814,Other,0,0
SD,CAMPBELL,G4600210,1692,Democratic,362,21.39479905437352
SD,CAMPBELL,G4600210,1692,Republican,1330,78.60520094562648
SD,CAMPBELL,G4600210,1692,Other,0,0
SD,CHARLES MIX,G4600230,5200,Democratic,2754,52.96153846153846
SD,CHARLES MIX,G4600230,5200,Republican,2446,47.03846153846154
SD,CHARLES MIX,G4600230,5200,Other,0,0
SD,CLARK,G4600250,3610,Democratic,1406,38.94736842105263
SD,CLARK,G4600250,3610,Republican,2204,61.05263157894737
SD,CLARK,G4600250,3610,Other,0,0
SD,CLAY,G4600270,4650,Democratic,1878,40.38709677419355
SD,CLAY,G4600270,4650,Republican,2772,59.61290322580645
SD,CLAY,G4600270,4650,Other,0,0
SD,CODINGTON,G4600290,9613,Democratic,4304,44.77270363050037
SD,CODINGTON,G4600290,9613,Republican,5308,55.216893789659835
SD,CODINGTON,G4600290,9613,Other,0,0
SD,CORSON,G4600310,2383,Democratic,1093,45.8665547629039
SD,CORSON,G4600310,2383,Republican,1290,54.1334452370961
SD,CORSON,G4600310,2383,Other,0,0
SD,CUSTER,G4600330,2411,Democratic,878,36.41642472003318
SD,CUSTER,G4600330,2411,Republican,1533,63.58357527996682
SD,CUSTER,G4600330,2411,Other,0,0
SD,DAVISON,G4600350,8213,Democratic,4107,50.00608790941191
SD,DAVISON,G4600350,8213,Republican,4105,49.98173627176428
SD,DAVISON,G4600350,8213,Other,0,0
SD,DAY,G4600370,5461,Democratic,2835,51.913568943416955
SD,DAY,G4600370,5461,Republican,2626,48.086431056583045
SD,DAY,G4600370,5461,Other,0,0
SD,DEUEL,G4600390,3080,Democratic,1173,38.08441558441558
SD,DEUEL,G4600390,3080,Republican,1907,61.91558441558441
SD,DEUEL,G4600390,3080,Other,0,0
SD,DEWEY,G4600410,2212,Democratic,1044,47.19710669077758
SD,DEWEY,G4600410,2212,Republican,1168,52.80289330922242
SD,DEWEY,G4600410,2212,Other,0,0
SD,DOUGLAS,G4600430,2543,Democratic,541,21.27408572552104
SD,DOUGLAS,G4600430,2543,Republican,2002,78.72591427447895
SD,DOUGLAS,G4600430,2543,Other,0,0
SD,EDMUNDS,G4600450,3337,Democratic,1609,48.21696134252322
SD,EDMUNDS,G4600450,3337,Republican,1728,51.78303865747678
SD,EDMUNDS,G4600450,3337,Other,0,0
SD,FALL RIVER,G4600470,3918,Democratic,1426,36.39612046962736
SD,FALL RIVER,G4600470,3918,Republican,2492,63.603879530372645
SD,FALL RIVER,G4600470,3918,Other,0,0
SD,FAULK,G4600490,2283,Democratic,1043,45.68550153307052
SD,FAULK,G4600490,2283,Republican,1240,54.314498466929486
SD,FAULK,G4600490,2283,Other,0,0
SD,GRANT,G4600510,4725,Democratic,2114,44.74074074074074
SD,GRANT,G4600510,4725,Republican,2611,55.25925925925927
SD,GRANT,G4600510,4725,Other,0,0
SD,GREGORY,G4600530,3841,Democratic,1778,46.290028638375425
SD,GREGORY,G4600530,3841,Republican,2063,53.709971361624575
SD,GREGORY,G4600530,3841,Other,0,0
SD,HAAKON,G4600550,1575,Democratic,595,37.77777777777778
SD,HAAKON,G4600550,1575,Republican,980,62.22222222222222
SD,HAAKON,G4600550,1575,Other,0,0
SD,HAMLIN,G4600570,3369,Democratic,1230,36.5093499554764
SD,HAMLIN,G4600570,3369,Republican,2139,63.4906500445236
SD,HAMLIN,G4600570,3369,Other,0,0
SD,HAND,G4600590,3269,Democratic,1397,42.7347812786785
SD,HAND,G4600590,3269,Republican,1872,57.26521872132151
SD,HAND,G4600590,3269,Other,0,0
SD,HANSON,G4600610,2240,Democratic,1153,51.473214285714285
SD,HANSON,G4600610,2240,Republican,1087,48.526785714285715
SD,HANSON,G4600610,2240,Other,0,0
SD,HARDING,G4600630,1058,Democratic,382,36.10586011342155
SD,HARDING,G4600630,1058,Republican,676,63.89413988657845
SD,HARDING,G4600630,1058,Other,0,0
SD,HUGHES,G4600650,5356,Democratic,2036,38.0134428678118
SD,HUGHES,G4600650,5356,Republican,3320,61.9865571321882
SD,HUGHES,G4600650,5356,Other,0,0
SD,HUTCHINSON,G4600670,5505,Democratic,1557,28.283378746594007
SD,HUTCHINSON,G4600670,5505,Republican,3948,71.716621253406
SD,HUTCHINSON,G4600670,5505,Other,0,0
SD,HYDE,G4600690,1433,Democratic,660,46.05722260990928
SD,HYDE,G4600690,1433,Republican,773,53.942777390090725
SD,HYDE,G4600690,1433,Other,0,0
SD,JACKSON,G4600710,947,Democratic,366,38.64836325237592
SD,JACKSON,G4600710,947,Republican,581,61.35163674762407
SD,JACKSON,G4600710,947,Other,0,0
SD,JERAULD,G4600730,2028,Democratic,863,42.55424063116371
SD,JERAULD,G4600730,2028,Republican,1165,57.44575936883629
SD,JERAULD,G4600730,2028,Other,0,0
SD,JONES,G4600750,1067,Democratic,423,39.64386129334583
SD,JONES,G4600750,1067,Republican,644,60.35613870665417
SD,JONES,G4600750,1067,Other,0,0
SD,KINGSBURY,G4600770,4564,Democratic,1677,36.74408413672217
SD,KINGSBURY,G4600770,4564,Republican,2887,63.25591586327782
SD,KINGSBURY,G4600770,4564,Other,0,0
SD,LAKE,G4600790,5744,Democratic,2224,38.71866295264624
SD,LAKE,G4600790,5744,Republican,3520,61.28133704735376
SD,LAKE,G4600790,5744,Other,0,0
SD,LAWRENCE,G4600810,7695,Democratic,2612,33.94411955815465
SD,LAWRENCE,G4600810,7695,Republican,5083,66.05588044184535
SD,LAWRENCE,G4600810,7695,Other,0,0
SD,LINCOLN,G4600830,5538,Democratic,1985,35.84326471650415
SD,LINCOLN,G4600830,5538,Republican,3553,64.15673528349585
SD,LINCOLN,G4600830,5538,Other,0,0
SD,LYMAN,G4600850,2018,Democratic,852,42.22001982160555
SD,LYMAN,G4600850,2018,Republican,1166,57.77998017839445
SD,LYMAN,G4600850,2018,Other,0,0
SD,MCCOOK,G4600870,4172,Democratic,1797,43.07286673058485
SD,MCCOOK,G4600870,4172,Republican,2375,56.92713326941515
SD,MCCOOK,G4600870,4172,Other,0,0
SD,MCPHERSON,G4600890,2970,Democratic,616,20.74074074074074
SD,MCPHERSON,G4600890,2970,Republican,2354,79.25925925925927
SD,MCPHERSON,G4600890,2970,Other,0,0
SD,MARSHALL,G4600910,3378,Democratic,1674,49.55595026642984
SD,MARSHALL,G4600910,3378,Republican,1704,50.44404973357016
SD,MARSHALL,G4600910,3378,Other,0,0
SD,MEADE,G4600930,4567,Democratic,1923,42.10641559010291
SD,MEADE,G4600930,4567,Republican,2644,57.893584409897095
SD,MEADE,G4600930,4567,Other,0,0
SD,MELLETTE,G4600950,1284,Democratic,510,39.719626168224295
SD,MELLETTE,G4600950,1284,Republican,774,60.280373831775705
SD,MELLETTE,G4600950,1284,Other,0,0
SD,MINER,G4600970,2693,Democratic,1316,48.86743408837727
SD,MINER,G4600970,2693,Republican,1377,51.13256591162273
SD,MINER,G4600970,2693,Other,0,0
SD,MINNEHAHA,G4600990,38390,Democratic,15149,39.460797082573585
SD,MINNEHAHA,G4600990,38390,Republican,23237,60.528783537379525
SD,MINNEHAHA,G4600990,38390,Other,0,0
SD,MOODY,G4601010,4037,Democratic,1918,47.51052761951944
SD,MOODY,G4601010,4037,Republican,2119,52.48947238048055
SD,MOODY,G4601010,4037,Other,0,0
SD,PENNINGTON,G4601030,18842,Democratic,7477,39.682623925273326
SD,PENNINGTON,G4601030,18842,Republican,11364,60.31206878250717
SD,PENNINGTON,G4601030,18842,Other,0,0
SD,PERKINS,G4601050,2931,Democratic,1164,39.71340839303992
SD,PERKINS,G4601050,2931,Republican,1767,60.28659160696008
SD,PERKINS,G4601050,2931,Other,0,0
SD,POTTER,G4601070,2330,Democratic,1004,43.09012875536481
SD,POTTER,G4601070,2330,Republican,1326,56.90987124463519
SD,POTTER,G4601070,2330,Other,0,0
SD,ROBERTS,G4601090,5946,Democratic,3089,51.95089135553314
SD,ROBERTS,G4601090,5946,Republican,2856,48.03229061553986
SD,ROBERTS,G4601090,5946,Other,0,0
SD,SANBORN,G4601110,2503,Democratic,1249,49.900119856172594
SD,SANBORN,G4601110,2503,Republican,1254,50.099880143827406
SD,SANBORN,G4601110,2503,Other,0,0
SD,SHANNON,G4601130,1790,Democratic,1135,63.40782122905028
SD,SHANNON,G4601130,1790,Republican,655,36.592178770949715
SD,SHANNON,G4601130,1790,Other,0,0
SD,SPINK,G4601150,5301,Democratic,2563,48.34936804376533
SD,SPINK,G4601150,5301,Republican,2738,51.65063195623467
SD,SPINK,G4601150,5301,Other,0,0
SD,STANLEY,G4601170,1408,Democratic,730,51.84659090909091
SD,STANLEY,G4601170,1408,Republican,678,48.153409090909086
SD,STANLEY,G4601170,1408,Other,0,0
SD,SULLY,G4601190,1347,Democratic,483,35.85746102449889
SD,SULLY,G4601190,1347,Republican,864,64.14253897550111
SD,SULLY,G4601190,1347,Other,0,0
SD,TODD,G4601210,1813,Democratic,904,49.862107004964145
SD,TODD,G4601210,1813,Republican,909,50.13789299503585
SD,TODD,G4601210,1813,Other,0,0
SD,TRIPP,G4601230,4214,Democratic,1748,41.48077835785477
SD,TRIPP,G4601230,4214,Republican,2466,58.519221642145226
SD,TRIPP,G4601230,4214,Other,0,0
SD,TURNER,G4601250,5667,Democratic,1547,27.29839421210517
SD,TURNER,G4601250,5667,Republican,4120,72.70160578789483
SD,TURNER,G4601250,5667,Other,0,0
SD,UNION,G4601270,5019,Democratic,2331,46.44351464435147
SD,UNION,G4601270,5019,Republican,2688,53.55648535564853
SD,UNION,G4601270,5019,Other,0,0
SD,WALWORTH,G4601290,3874,Democratic,1468,37.893649974186886
SD,WALWORTH,G4601290,3874,Republican,2406,62.106350025813114
SD,WALWORTH,G4601290,3874,Other,0,0
SD,WASHABAUGH,G4601310,473,Democratic,213,45.03171247357294
SD,WASHABAUGH,G4601310,473,Republican,260,54.96828752642706
SD,WASHABAUGH,G4601310,473,Other,0,0
SD,YANKTON,G4601350,7126,Democratic,3061,42.95537468425484
SD,YANKTON,G4601350,7126,Republican,4065,57.04462531574516
SD,YANKTON,G4601350,7126,Other,0,0
SD,ZIEBACH,G4601370,1080,Democratic,512,47.40740740740741
SD,ZIEBACH,G4601370,1080,Republican,568,52.59259259259259
SD,ZIEBACH,G4601370,1080,Other,0,0
VA,ACCOMACK,G5100010,5581,Democratic,2884,51.67532700232933
VA,ACCOMACK,G5100010,5581,Republican,2676,47.948396344741084
VA,ACCOMACK,G5100010,5581,Other,21,0.3762766529295825
VA,ALBEMARLE,G5100030,5272,Democratic,2102,39.871016691957514
VA,ALBEMARLE,G5100030,5272,Republican,3135,59.46509863429439
VA,ALBEMARLE,G5100030,5272,Other,35,0.6638846737481031
VA,ALLEGHANY,G5100050,2488,Democratic,1265,50.844051446945336
VA,ALLEGHANY,G5100050,2488,Republican,1214,48.79421221864952
VA,ALLEGHANY,G5100050,2488,Other,9,0.3617363344051447
VA,AMELIA,G5100070,1524,Democratic,708,46.45669291338583
VA,AMELIA,G5100070,1524,Republican,784,51.44356955380578
VA,AMELIA,G5100070,1524,Other,32,2.099737532808399
VA,AMHERST,G5100090,3747,Democratic,2280,60.848678943154525
VA,AMHERST,G5100090,3747,Republican,1455,38.8310648518815
VA,AMHERST,G5100090,3747,Other,12,0.32025620496397117
VA,APPOMATTOX,G5100110,2208,Democratic,1240,56.15942028985508
VA,APPOMATTOX,G5100110,2208,Republican,951,43.07065217391305
VA,APPOMATTOX,G5100110,2208,Other,17,0.7699275362318841
VA,ARLINGTON/ALEXAND,G5100130,45977,Democratic,22092,48.050112012528004
VA,ARLINGTON/ALEXAND,G5100130,45977,Republican,23628,51.39091284772821
VA,ARLINGTON/ALEXAND,G5100130,45977,Other,248,0.5394001348500337
VA,AUGUSTA,G5100150,5989,Democratic,1913,31.941893471364168
VA,AUGUSTA,G5100150,5989,Republican,4034,67.35682083820336
VA,AUGUSTA,G5100150,5989,Other,41,0.6845884120888295
VA,BATH,G5100170,1277,Democratic,629,49.25606891151135
VA,BATH,G5100170,1277,Republican,646,50.58731401722788
VA,BATH,G5100170,1277,Other,2,0.15661707126076743
VA,BEDFORD,G5100190,6081,Democratic,3150,51.800690675875686
VA,BEDFORD,G5100190,6081,Republican,2911,47.870416049991775
VA,BEDFORD,G5100190,6081,Other,19,0.31244861042591676
VA,BLAND,G5100210,1671,Democratic,822,49.19210053859964
VA,BLAND,G5100210,1671,Republican,848,50.74805505685218
VA,BLAND,G5100210,1671,Other,1,0.059844404548174746
VA,BOTETOURT,G5100230,3802,Democratic,1621,42.63545502367175
VA,BOTETOURT,G5100230,3802,Republican,2159,56.785902156759605
VA,BOTETOURT,G5100230,3802,Other,22,0.578642819568648
VA,BRUNSWICK,G5100250,2932,Democratic,1942,66.23465211459755
VA,BRUNSWICK,G5100250,2932,Republican,926,31.582537517053204
VA,BRUNSWICK,G5100250,2932,Other,64,2.1828103683492497
VA,BUCHANAN,G5100270,6099,Democratic,3706,60.76405968191507
VA,BUCHANAN,G5100270,6099,Republican,2369,38.84243318576816
VA,BUCHANAN,G5100270,6099,Other,23,0.3771110018035744
VA,BUCKINGHAM,G5100290,1724,Democratic,947,54.93039443155452
VA,BUCKINGHAM,G5100290,1724,Republican,765,44.37354988399072
VA,BUCKINGHAM,G5100290,1724,Other,12,0.6960556844547563
VA,CAMPBELL,G5100310,5970,Democratic,3030,50.753768844221106
VA,CAMPBELL,G5100310,5970,Republican,2903,48.62646566164155
VA,CAMPBELL,G5100310,5970,Other,36,0.6030150753768844
VA,CAROLINE,G5100330,2367,Democratic,1483,62.653147444021975
VA,CAROLINE,G5100330,2367,Republican,864,36.50190114068441
VA,CAROLINE,G5100330,2367,Other,20,0.8449514152936205
VA,CARROLL,G5100350,5589,Democratic,1873,33.51225621757023
VA,CARROLL,G5100350,5589,Republican,3705,66.29092860976918
VA,CARROLL,G5100350,5589,Other,11,0.1968151726605833
VA,CHARLES CITY,G5100360,964,Democratic,623,64.62655601659752
VA,CHARLES CITY,G5100360,964,Republican,337,34.95850622406639
VA,CHARLES CITY,G5100360,964,Other,4,0.4149377593360996
VA,CHARLOTTE,G5100370,2635,Democratic,1735,65.84440227703985
VA,CHARLOTTE,G5100370,2635,Republican,867,32.903225806451616
VA,CHARLOTTE,G5100370,2635,Other,33,1.252371916508539
VA,CHESTERFIELD,G5100410,15859,Democratic,5980,37.70729554196355
VA,CHESTERFIELD,G5100410,15859,Republican,9787,61.712592218929316
VA,CHESTERFIELD,G5100410,15859,Other,89,0.5611955356579861
VA,CLARKE,G5100430,1736,Democratic,923,53.168202764976954
VA,CLARKE,G5100430,1736,Republican,804,46.31336405529954
VA,CLARKE,G5100430,1736,Other,9,0.5184331797235023
VA,CRAIG,G5100450,967,Democratic,534,55.222337125129265
VA,CRAIG,G5100450,967,Republican,433,44.777662874870735
VA,CRAIG,G5100450,967,Other,0,0
VA,CULPEPER,G5100470,2971,Democratic,1332,44.83338943116796
VA,CULPEPER,G5100470,2971,Republican,1630,54.86368226186469
VA,CULPEPER,G5100470,2971,Other,9,0.30292830696735107
VA,CUMBERLAND,G5100490,1262,Democratic,559,44.294770206022186
VA,CUMBERLAND,G5100490,1262,Republican,691,54.75435816164818
VA,CUMBERLAND,G5100490,1262,Other,12,0.9508716323296356
VA,DICKENSON,G5100510,4960,Democratic,2756,55.564516129032256
VA,DICKENSON,G5100510,4960,Republican,2203,44.41532258064516
VA,DICKENSON,G5100510,4960,Other,1,0.020161290322580645
VA,DINWIDDIE,G5100530,2686,Democratic,1714,63.812360387192854
VA,DINWIDDIE,G5100530,2686,Republican,935,34.810126582278485
VA,DINWIDDIE,G5100530,2686,Other,37,1.3775130305286671
VA,ESSEX,G5100570,1117,Democratic,509,45.568487018800354
VA,ESSEX,G5100570,1117,Republican,606,54.252461951656215
VA,ESSEX,G5100570,1117,Other,2,0.17905102954341987
VA,FAIRFAX,G5100590,54219,Democratic,26063,48.069864807539794
VA,FAIRFAX,G5100590,54219,Republican,28004,51.64979066378944
VA,FAIRFAX,G5100590,54219,Other,146,0.2692782972758627
VA,FAUQUIER,G5100610,4094,Democratic,1958,47.82608695652174
VA,FAUQUIER,G5100610,4094,Republican,2123,51.85637518319493
VA,FAUQUIER,G5100610,4094,Other,13,0.31753786028334147
VA,FLOYD,G5100630,2759,Democratic,817,29.612178325480247
VA,FLOYD,G5100630,2759,Republican,1933,70.06161652772744
VA,FLOYD,G5100630,2759,Other,9,0.32620514679231605
VA,FLUVANNA,G5100650,1390,Democratic,614,44.172661870503596
VA,FLUVANNA,G5100650,1390,Republican,763,54.89208633093525
VA,FLUVANNA,G5100650,1390,Other,13,0.935251798561151
VA,FRANKLIN,G5100670,5016,Democratic,2924,58.293460925039874
VA,FRANKLIN,G5100670,5016,Republican,2080,41.46730462519936
VA,FRANKLIN,G5100670,5016,Other,12,0.23923444976076555
VA,FREDERICK,G5100690,3835,Democratic,1757,45.8148631029987
VA,FREDERICK,G5100690,3835,Republican,2061,53.74185136897002
VA,FREDERICK,G5100690,3835,Other,17,0.4432855280312908
VA,GILES,G5100710,4327,Democratic,2214,51.167090362837996
VA,GILES,G5100710,4327,Republican,2030,46.91472151606194
VA,GILES,G5100710,4327,Other,83,1.9181881211000693
VA,GLOUCESTER,G5100730,2620,Democratic,1297,49.50381679389313
VA,GLOUCESTER,G5100730,2620,Republican,1310,50.0
VA,GLOUCESTER,G5100730,2620,Other,13,0.4961832061068702
VA,GOOCHLAND,G5100750,1749,Democratic,862,49.285305889079474
VA,GOOCHLAND,G5100750,1749,Republican,851,48.65637507146941
VA,GOOCHLAND,G5100750,1749,Other,36,2.0583190394511153
VA,GRAYSON,G5100770,6638,Democratic,2738,41.24736366375414
VA,GRAYSON,G5100770,6638,Republican,3893,58.64718288641158
VA,GRAYSON,G5100770,6638,Other,7,0.10545344983428744
VA,GREENE,G5100790,892,Democratic,314,35.2017937219731
VA,GREENE,G5100790,892,Republican,573,64.23766816143498
VA,GREENE,G5100790,892,Other,5,0.5605381165919282
VA,GREENSVILLE,G5100810,2766,Democratic,1676,60.59291395516993
VA,GREENSVILLE,G5100810,2766,Republican,1057,38.21402747650036
VA,GREENSVILLE,G5100810,2766,Other,33,1.193058568329718
VA,HALIFAX,G5100830,4508,Democratic,2676,59.36113575865129
VA,HALIFAX,G5100830,4508,Republican,1784,39.57409050576752
VA,HALIFAX,G5100830,4508,Other,48,1.064773735581189
VA,HANOVER,G5100850,5085,Democratic,2023,39.78367748279253
VA,HANOVER,G5100850,5085,Republican,3020,59.39036381514258
VA,HANOVER,G5100850,5085,Other,42,0.8259587020648967
VA,HENRICO,G5100870,29235,Democratic,9624,32.91944586967676
VA,HENRICO,G5100870,29235,Republican,19444,66.50932101932615
VA,HENRICO,G5100870,29235,Other,161,0.5507097656918079
VA,HENRY,G5100890,5643,Democratic,3306,58.58585858585859
VA,HENRY,G5100890,5643,Republican,2323,41.16604642920432
VA,HENRY,G5100890,5643,Other,14,0.24809498493709017
VA,HIGHLAND,G5100910,932,Democratic,401,43.02575107296137
VA,HIGHLAND,G5100910,932,Republican,527,56.54506437768241
VA,HIGHLAND,G5100910,932,Other,4,0.4291845493562232
VA,ISLE OF WIGHT,G5100930,3177,Democratic,2020,63.581995593327036
VA,ISLE OF WIGHT,G5100930,3177,Republican,1141,35.9143846395971
VA,ISLE OF WIGHT,G5100930,3177,Other,16,0.5036197670758578
VA,JAMES CITY,G5100950,1729,Democratic,845,48.87218045112782
VA,JAMES CITY,G5100950,1729,Republican,873,50.49161364950838
VA,JAMES CITY,G5100950,1729,Other,11,0.6362058993637941
VA,KING AND QUEEN,G5100970,983,Democratic,536,54.526958290946084
VA,KING AND QUEEN,G5100970,983,Republican,432,43.947100712105794
VA,KING AND QUEEN,G5100970,983,Other,15,1.5259409969481181
VA,KING GEORGE,G5100990,1410,Democratic,717,50.851063829787236
VA,KING GEORGE,G5100990,1410,Republican,685,48.58156028368794
VA,KING GEORGE,G5100990,1410,Other,8,0.5673758865248227
VA,KING WILLIAM,G5101010,1549,Democratic,745,48.09554551323434
VA,KING WILLIAM,G5101010,1549,Republican,793,51.19431891542931
VA,KING WILLIAM,G5101010,1549,Other,11,0.7101355713363461
VA,LANCASTER,G5101030,2250,Democratic,895,39.77777777777778
VA,LANCASTER,G5101030,2250,Republican,1340,59.55555555555555
VA,LANCASTER,G5101030,2250,Other,15,0.6666666666666667
VA,LEE,G5101050,7265,Democratic,3866,53.21403991741225
VA,LEE,G5101050,7265,Republican,3363,46.290433585684795
VA,LEE,G5101050,7265,Other,35,0.4817618719889883
VA,LOUDOUN,G5101070,4954,Democratic,2399,48.42551473556722
VA,LOUDOUN,G5101070,4954,Republican,2526,50.98909971740008
VA,LOUDOUN,G5101070,4954,Other,29,0.5853855470327008
VA,LOUISA,G5101090,2458,Democratic,1244,50.61025223759154
VA,LOUISA,G5101090,2458,Republican,1170,47.59967453213995
VA,LOUISA,G5101090,2458,Other,44,1.790073230268511
VA,LUNENBURG,G5101110,2379,Democratic,1451,60.99201345102985
VA,LUNENBURG,G5101110,2379,Republican,838,35.22488440521228
VA,LUNENBURG,G5101110,2379,Other,90,3.783102143757881
VA,MADISON,G5101130,1653,Democratic,636,38.475499092558984
VA,MADISON,G5101130,1653,Republican,998,60.375075620084694
VA,MADISON,G5101130,1653,Other,19,1.1494252873563218
VA,MATHEWS,G5101150,1754,Democratic,682,38.88255416191562
VA,MATHEWS,G5101150,1754,Republican,1069,60.94640820980616
VA,MATHEWS,G5101150,1754,Other,3,0.17103762827822122
VA,MECKLENBURG,G5101170,4534,Democratic,2533,55.866784296427
VA,MECKLENBURG,G5101170,4534,Republican,1936,42.69960299955889
VA,MECKLENBURG,G5101170,4534,Other,65,1.4336127040141156
VA,MIDDLESEX,G5101190,1402,Democratic,574,40.94151212553495
VA,MIDDLESEX,G5101190,1402,Republican,823,58.7018544935806
VA,MIDDLESEX,G5101190,1402,Other,5,0.3566333808844508
VA,MONTGOMERY,G5101210,6445,Democratic,2156,33.45228859581071
VA,MONTGOMERY,G5101210,6445,Republican,4270,66.25290923196276
VA,MONTGOMERY,G5101210,6445,Other,17,0.2637703646237393
VA,NANSEMOND,G5101230,5323,Democratic,3944,74.09355626526394
VA,NANSEMOND,G5101230,5323,Republican,1346,25.28649257937253
VA,NANSEMOND,G5101230,5323,Other,32,0.6011647567161376
VA,NELSON,G5101250,2268,Democratic,1480,65.25573192239858
VA,NELSON,G5101250,2268,Republican,775,34.17107583774251
VA,NELSON,G5101250,2268,Other,13,0.5731922398589064
VA,NEW KENT,G5101270,1018,Democratic,481,47.24950884086444
VA,NEW KENT,G5101270,1018,Republican,526,51.66994106090373
VA,NEW KENT,G5101270,1018,Other,11,1.080550098231827
VA,NORFOLK,G5101290,8936,Democratic,5101,57.083706356311545
VA,NORFOLK,G5101290,8936,Republican,3768,42.166517457475386
VA,NORFOLK,G5101290,8936,Other,65,0.7273948075201433
VA,NORTHAMPTON,G5101310,2392,Democratic,1387,57.984949832775925
VA,NORTHAMPTON,G5101310,2392,Republican,995,41.59698996655518
VA,NORTHAMPTON,G5101310,2392,Other,10,0.4180602006688963
VA,NORTHUMBERLAND,G5101330,2211,Democratic,858,38.80597014925373
VA,NORTHUMBERLAND,G5101330,2211,Republican,1340,60.60606060606061
VA,NORTHUMBERLAND,G5101330,2211,Other,13,0.5879692446856626
VA,NOTTOWAY,G5101350,3286,Democratic,1882,57.27328058429701
VA,NOTTOWAY,G5101350,3286,Republican,1319,40.13998782714547
VA,NOTTOWAY,G5101350,3286,Other,85,2.586731588557517
VA,ORANGE,G5101370,2603,Democratic,1108,42.56626968882059
VA,ORANGE,G5101370,2603,Republican,1413,54.2835190165194
VA,ORANGE,G5101370,2603,Other,82,3.1502112946600076
VA,PAGE,G5101390,4331,Democratic,1608,37.12768413761256
VA,PAGE,G5101390,4331,Republican,2708,62.52597552528284
VA,PAGE,G5101390,4331,Other,15,0.3463403371045948
VA,PATRICK,G5101410,3028,Democratic,1655,54.65653896961691
VA,PATRICK,G5101410,3028,Republican,1362,44.98018494055482
VA,PATRICK,G5101410,3028,Other,11,0.3632760898282695
VA,PITTSYLVANIA,G5101430,7954,Democratic,4088,51.395524264521
VA,PITTSYLVANIA,G5101430,7954,Republican,3788,47.6238370631129
VA,PITTSYLVANIA,G5101430,7954,Other,76,0.9554940910233845
VA,POWHATAN,G5101450,1328,Democratic,528,39.75903614457831
VA,POWHATAN,G5101450,1328,Republican,779,58.65963855421686
VA,POWHATAN,G5101450,1328,Other,21,1.5813253012048192
VA,PRINCE EDWARD,G5101470,3214,Democratic,1459,45.395146235220906
VA,PRINCE EDWARD,G5101470,3214,Republican,1721,53.546981953951466
VA,PRINCE EDWARD,G5101470,3214,Other,34,1.057871810827629
VA,PRINCE GEORGE,G5101490,1725,Democratic,983,56.98550724637681
VA,PRINCE GEORGE,G5101490,1725,Republican,727,42.14492753623188
VA,PRINCE GEORGE,G5101490,1725,Other,15,0.8695652173913043
VA,PRINCESS ANNE,G5101510,10843,Democratic,5954,54.91100249008577
VA,PRINCESS ANNE,G5101510,10843,Republican,4844,44.673983214977405
VA,PRINCESS ANNE,G5101510,10843,Other,44,0.40579175504934056
VA,PRINCE WILLIAM,G5101530,5639,Democratic,2987,52.970384820003545
VA,PRINCE WILLIAM,G5101530,5639,Republican,2624,46.53307323993616
VA,PRINCE WILLIAM,G5101530,5639,Other,28,0.49654194006029434
VA,PULASKI,G5101550,5207,Democratic,2104,40.407144228922604
VA,PULASKI,G5101550,5207,Republican,3059,58.74783944689841
VA,PULASKI,G5101550,5207,Other,44,0.8450163241789899
VA,RAPPAHANNOCK,G5101570,975,Democratic,544,55.794871794871796
VA,RAPPAHANNOCK,G5101570,975,Republican,426,43.69230769230769
VA,RAPPAHANNOCK,G5101570,975,Other,5,0.5128205128205128
VA,RICHMOND,G5101590,1233,Democratic,425,34.46877534468775
VA,RICHMOND,G5101590,1233,Republican,801,64.96350364963503
VA,RICHMOND,G5101590,1233,Other,7,0.5677210056772101
VA,ROANOKE,G5101610,13532,Democratic,4383,32.389890629618684
VA,ROANOKE,G5101610,13532,Republican,9108,67.30712385456695
VA,ROANOKE,G5101610,13532,Other,38,0.2808158439255099
VA,ROCKBRIDGE,G5101630,3585,Democratic,1405,39.191073919107396
VA,ROCKBRIDGE,G5101630,3585,Republican,2170,60.52998605299861
VA,ROCKBRIDGE,G5101630,3585,Other,10,0.2789400278940028
VA,ROCKINGHAM,G5101650,6872,Democratic,2026,29.48195576251455
VA,ROCKINGHAM,G5101650,6872,Republican,4829,70.27066356228173
VA,ROCKINGHAM,G5101650,6872,Other,16,0.23282887077997672
VA,RUSSELL,G5101670,6554,Democratic,3496,53.341470857491615
VA,RUSSELL,G5101670,6554,Republican,3044,46.44491913335368
VA,RUSSELL,G5101670,6554,Other,14,0.21361000915471468
VA,SCOTT,G5101690,8744,Democratic,3789,43.33257090576395
VA,SCOTT,G5101690,8744,Republican,4936,56.45013723696248
VA,SCOTT,G5101690,8744,Other,18,0.20585544373284537
VA,SHENANDOAH,G5101710,6199,Democratic,2052,33.102113244071624
VA,SHENANDOAH,G5101710,6199,Republican,4143,66.83336021939023
VA,SHENANDOAH,G5101710,6199,Other,2,0.032263268269075655
VA,SMYTH,G5101730,7138,Democratic,2864,40.12328383300645
VA,SMYTH,G5101730,7138,Republican,4256,59.62454469038947
VA,SMYTH,G5101730,7138,Other,18,0.2521714766040908
VA,SOUTHAMPTON,G5101750,4125,Democratic,2804,67.97575757575758
VA,SOUTHAMPTON,G5101750,4125,Republican,1263,30.618181818181817
VA,SOUTHAMPTON,G5101750,4125,Other,58,1.406060606060606
VA,SPOTSYLVANIA,G5101770,2799,Democratic,1482,52.947481243301176
VA,SPOTSYLVANIA,G5101770,2799,Republican,1288,46.01643444087174
VA,SPOTSYLVANIA,G5101770,2799,Other,29,1.0360843158270812
VA,STAFFORD,G5101790,2965,Democratic,1494,50.38785834738617
VA,STAFFORD,G5101790,2965,Republican,1447,48.802698145025296
VA,STAFFORD,G5101790,2965,Other,24,0.8094435075885328
VA,SURRY,G5101810,1443,Democratic,1003,69.5079695079695
VA,SURRY,G5101810,1443,Republican,397,27.51212751212751
VA,SURRY,G5101810,1443,Other,43,2.9799029799029797
VA,SUSSEX,G5101830,1993,Democratic,1253,62.87004515805319
VA,SUSSEX,G5101830,1993,Republican,713,35.77521324636227
VA,SUSSEX,G5101830,1993,Other,27,1.3547415955845459
VA,TAZEWELL,G5101850,7574,Democratic,4416,58.30472669659361
VA,TAZEWELL,G5101850,7574,Republican,3139,41.4444151043042
VA,TAZEWELL,G5101850,7574,Other,19,0.2508581991021917
VA,WARREN,G5101870,3720,Democratic,1850,49.73118279569893
VA,WARREN,G5101870,3720,Republican,1842,49.516129032258064
VA,WARREN,G5101870,3720,Other,28,0.7526881720430108
VA,WASHINGTON,G5101910,8347,Democratic,3833,45.920690068288
VA,WASHINGTON,G5101910,8347,Republican,4472,53.57613513837307
VA,WASHINGTON,G5101910,8347,Other,41,0.4911944411165688
VA,WESTMORELAND,G5101930,2219,Democratic,1034,46.59756647138351
VA,WESTMORELAND,G5101930,2219,Republican,1176,52.99684542586751
VA,WESTMORELAND,G5101930,2219,Other,9,0.405588102748986
VA,WISE,G5101950,9716,Democratic,5822,59.92177850967476
VA,WISE,G5101950,9716,Republican,3876,39.89296006587073
VA,WISE,G5101950,9716,Other,17,0.17496912309592424
VA,WYTHE,G5101970,4993,Democratic,2075,41.55818145403565
VA,WYTHE,G5101970,4993,Republican,2871,57.50050070098137
VA,WYTHE,G5101970,4993,Other,47,0.9413178449829761
VA,YORK,G5101990,3795,Democratic,1691,44.55862977602108
VA,YORK,G5101990,3795,Republican,2085,54.9407114624506
VA,YORK,G5101990,3795,Other,19,0.5006587615283268
VA,ALEXANDRIA CITY,G5105100,18551,Democratic,9661,52.078055091369734
VA,ALEXANDRIA CITY,G5105100,18551,Republican,8825,47.5715594846639
VA,ALEXANDRIA CITY,G5105100,18551,Other,61,0.32882324402997143
VA,BRISTOL,G5105200,3299,Democratic,1561,47.31736889966657
VA,BRISTOL,G5105200,3299,Republican,1728,52.37950894210367
VA,BRISTOL,G5105200,3299,Other,10,0.3031221582297666
VA,BUENA VISTA,G5105300,918,Democratic,427,46.51416122004357
VA,BUENA VISTA,G5105300,918,Republican,487,53.05010893246187
VA,BUENA VISTA,G5105300,918,Other,4,0.4357298474945534
VA,CHARLOTTESVILLE,G5105400,6628,Democratic,2894,43.66324683162341
VA,CHARLOTTESVILLE,G5105400,6628,Republican,3651,55.084490042245015
VA,CHARLOTTESVILLE,G5105400,6628,Other,83,1.252263126131563
VA,CLIFTON FORGE,G5105600,1663,Democratic,771,46.36199639206254
VA,CLIFTON FORGE,G5105600,1663,Republican,885,53.21707757065545
VA,CLIFTON FORGE,G5105600,1663,Other,7,0.4209260372820205
VA,COLONIAL HEIGHTS,G5105700,2581,Democratic,1198,46.41611778380473
VA,COLONIAL HEIGHTS,G5105700,2581,Republican,1372,53.157690817512595
VA,COLONIAL HEIGHTS,G5105700,2581,Other,11,0.42619139868268113
VA,COVINGTON,G5105800,3001,Democratic,1558,51.916027990669775
VA,COVINGTON,G5105800,3001,Republican,1436,47.85071642785738
VA,COVINGTON,G5105800,3001,Other,7,0.23325558147284237
VA,DANVILLE,G5105900,7794,Democratic,2611,33.50012830382346
VA,DANVILLE,G5105900,7794,Republican,4966,63.71567872722606
VA,DANVILLE,G5105900,7794,Other,217,2.7841929689504745
VA,FALLS CHURCH,G5106100,3165,Democratic,1629,51.469194312796205
VA,FALLS CHURCH,G5106100,3165,Republican,1525,48.183254344391784
VA,FALLS CHURCH,G5106100,3165,Other,11,0.34755134281200634
VA,FREDERICKSBURG,G5106300,2915,Democratic,1326,45.488850771869636
VA,FREDERICKSBURG,G5106300,2915,Republican,1566,53.7221269296741
VA,FREDERICKSBURG,G5106300,2915,Other,23,0.7890222984562607
VA,GALAX,G5106400,1377,Democratic,508,36.89179375453885
VA,GALAX,G5106400,1377,Republican,867,62.96296296296296
VA,GALAX,G5106400,1377,Other,2,0.14524328249818447
VA,HAMPTON,G5106500,14808,Democratic,7132,48.163155051323606
VA,HAMPTON,G5106500,14808,Republican,7622,51.47217720151269
VA,HAMPTON,G5106500,14808,Other,52,0.3511615343057807
VA,HARRISONBURG,G5106600,3015,Democratic,836,27.728026533996687
VA,HARRISONBURG,G5106600,3015,Republican,2172,72.03980099502488
VA,HARRISONBURG,G5106600,3015,Other,7,0.23217247097844113
VA,HOPEWELL,G5106700,3999,Democratic,1805,45.136284071017755
VA,HOPEWELL,G5106700,3999,Republican,2169,54.23855963990998
VA,HOPEWELL,G5106700,3999,Other,25,0.6251562890722681
VA,LYNCHBURG,G5106800,12256,Democratic,4960,40.469973890339425
VA,LYNCHBURG,G5106800,12256,Republican,7270,59.317885117493475
VA,LYNCHBURG,G5106800,12256,Other,23,0.18766318537859009
VA,MARTINSVILLE,G5106900,3517,Democratic,1699,48.30821723059426
VA,MARTINSVILLE,G5106900,3517,Republican,1729,49.161216946261014
VA,MARTINSVILLE,G5106900,3517,Other,89,2.5305658231447254
VA,NEWPORT NEWS,G5107000,18855,Democratic,8677,46.019623442057814
VA,NEWPORT NEWS,G5107000,18855,Republican,10097,53.550782285865814
VA,NEWPORT NEWS,G5107000,18855,Other,77,0.4083797401219835
VA,NORFOLK CITY,G5107100,39473,Democratic,22034,55.82043422085982
VA,NORFOLK CITY,G5107100,39473,Republican,17171,43.500620677425076
VA,NORFOLK CITY,G5107100,39473,Other,261,0.6612114609986574
VA,NORTON,G5107200,1076,Democratic,526,48.88475836431227
VA,NORTON,G5107200,1076,Republican,549,51.02230483271375
VA,NORTON,G5107200,1076,Other,1,0.09293680297397769
VA,PETERSBURG,G5107300,5803,Democratic,2950,50.835774599345164
VA,PETERSBURG,G5107300,5803,Republican,2820,48.5955540237808
VA,PETERSBURG,G5107300,5803,Other,32,0.5514389109081509
VA,PORTSMOUTH,G5107400,16980,Democratic,9901,58.30977620730271
VA,PORTSMOUTH,G5107400,16980,Republican,6899,40.6301531213192
VA,PORTSMOUTH,G5107400,16980,Other,177,1.0424028268551238
VA,RADFORD,G5107500,2912,Democratic,1240,42.582417582417584
VA,RADFORD,G5107500,2912,Republican,1663,57.10851648351648
VA,RADFORD,G5107500,2912,Other,9,0.3090659340659341
VA,RICHMOND CITY,G5107600,45205,Democratic,17639,39.020019909302064
VA,RICHMOND CITY,G5107600,45205,Republican,27304,60.40039818604137
VA,RICHMOND CITY,G5107600,45205,Other,253,0.5596726025882093
VA,ROANOKE CITY,G5107700,24453,Democratic,9175,37.52095857359015
VA,ROANOKE CITY,G5107700,24453,Republican,15227,62.27047805995174
VA,ROANOKE CITY,G5107700,24453,Other,49,0.2003844109107267
VA,SOUTH BOSTON,G5107800,1287,Democratic,477,37.06293706293706
VA,SOUTH BOSTON,G5107800,1287,Republican,807,62.7039627039627
VA,SOUTH BOSTON,G5107800,1287,Other,3,0.2331002331002331
VA,SOUTH NORFOLK,G5107850,3521,Democratic,2155,61.20420335132065
VA,SOUTH NORFOLK,G5107850,3521,Republican,1341,38.085771087759156
VA,SOUTH NORFOLK,G5107850,3521,Other,25,0.7100255609201931
VA,STAUNTON,G5107900,4032,Democratic,1233,30.580357142857146
VA,STAUNTON,G5107900,4032,Republican,2789,69.17162698412699
VA,STAUNTON,G5107900,4032,Other,10,0.248015873015873
VA,SUFFOLK,G5108000,2834,Democratic,1419,50.070571630204654
VA,SUFFOLK,G5108000,2834,Republican,1406,49.61185603387438
VA,SUFFOLK,G5108000,2834,Other,9,0.3175723359209598
VA,VIRGINIA BEACH,G5108100,2321,Democratic,1301,56.05342524773804
VA,VIRGINIA BEACH,G5108100,2321,Republican,986,42.48168892718655
VA,VIRGINIA BEACH,G5108100,2321,Other,34,1.4648858250753987
VA,WAYNESBORO,G5108200,3513,Democratic,1047,29.803586678052945
VA,WAYNESBORO,G5108200,3513,Republican,2444,69.57016794762312
VA,WAYNESBORO,G5108200,3513,Other,22,0.6262453743239397
VA,WILLIAMSBURG,G5108300,1220,Democratic,486,39.83606557377049
VA,WILLIAMSBURG,G5108300,1220,Republican,721,59.0983606557377
VA,WILLIAMSBURG,G5108300,1220,Other,13,1.0655737704918031
VA,WINCHESTER,G5108400,3545,Democratic,1203,33.93511988716502
VA,WINCHESTER,G5108400,3545,Republican,2326,65.61354019746122
VA,WINCHESTER,G5108400,3545,Other,16,0.45133991537376583
AL,AUTAUGA,G0100010,2542,Democratic,1324,52.08497246262785
AL,AUTAUGA,G0100010,2542,Republican,1153,45.35798583792289
AL,AUTAUGA,G0100010,2542,Other,65,2.5570416994492526
AL,BALDWIN,G0100030,10595,Democratic,5646,53.28928739971685
AL,BALDWIN,G0100030,10595,Republican,4771,45.030674846625764
AL,BALDWIN,G0100030,10595,Other,177,1.6705993393109957
AL,BARBOUR,G0100050,3331,Democratic,2148,64.4851395977184
AL,BARBOUR,G0100050,3331,Republican,1165,34.974482137496246
AL,BARBOUR,G0100050,3331,Other,18,0.5403782647853498
AL,BIBB,G0100070,2749,Democratic,1697,61.731538741360495
AL,BIBB,G0100070,2749,Republican,1049,38.159330665696615
AL,BIBB,G0100070,2749,Other,3,0.10913059294288831
AL,BLOUNT,G0100090,5975,Democratic,3404,56.970711297071134
AL,BLOUNT,G0100090,5975,Republican,2558,42.81171548117155
AL,BLOUNT,G0100090,5975,Other,13,0.21757322175732216
AL,BULLOCK,G0100110,1170,Democratic,757,64.7008547008547
AL,BULLOCK,G0100110,1170,Republican,408,34.87179487179487
AL,BULLOCK,G0100110,1170,Other,5,0.4273504273504274
AL,BUTLER,G0100130,4122,Democratic,2872,69.67491508976225
AL,BUTLER,G0100130,4122,Republican,1232,29.888403687530325
AL,BUTLER,G0100130,4122,Other,18,0.43668122270742354
AL,CALHOUN/BENTON,G0100150,14559,Democratic,9589,65.86304004395906
AL,CALHOUN/BENTON,G0100150,14559,Republican,4844,33.27151590081736
AL,CALHOUN/BENTON,G0100150,14559,Other,124,0.851706847997802
AL,CHAMBERS,G0100170,7101,Democratic,5165,72.73623433319251
AL,CHAMBERS,G0100170,7101,Republican,1865,26.263906492043375
AL,CHAMBERS,G0100170,7101,Other,70,0.9857766511758906
AL,CHEROKEE,G0100190,3970,Democratic,3097,78.01007556675063
AL,CHEROKEE,G0100190,3970,Republican,869,21.889168765743072
AL,CHEROKEE,G0100190,3970,Other,4,0.10075566750629722
AL,CHILTON/BAKER,G0100210,5066,Democratic,1798,35.49151204105803
AL,CHILTON/BAKER,G0100210,5066,Republican,3260,64.35057244374259
AL,CHILTON/BAKER,G0100210,5066,Other,8,0.15791551519936833
AL,CHOCTAW,G0100230,1791,Democratic,1094,61.08319374651033
AL,CHOCTAW,G0100230,1791,Republican,605,33.78001116694584
AL,CHOCTAW,G0100230,1791,Other,92,5.13679508654383
AL,CLARKE,G0100250,3961,Democratic,1878,47.412269628881596
AL,CLARKE,G0100250,3961,Republican,2010,50.744761423882856
AL,CLARKE,G0100250,3961,Other,73,1.8429689472355466
AL,CLAY,G0100270,3307,Democratic,1743,52.706380405201095
AL,CLAY,G0100270,3307,Republican,1548,46.8097973994557
AL,CLAY,G0100270,3307,Other,16,0.48382219534321136
AL,CLEBURNE,G0100290,2522,Democratic,1510,59.8731165741475
AL,CLEBURNE,G0100290,2522,Republican,1008,39.968279143536876
AL,CLEBURNE,G0100290,2522,Other,4,0.1586042823156225
AL,COFFEE,G0100310,5864,Democratic,4470,76.22783083219645
AL,COFFEE,G0100310,5864,Republican,1377,23.482264665757164
AL,COFFEE,G0100310,5864,Other,16,0.2728512960436562
AL,COLBERT,G0100330,10511,Democratic,7549,71.81999809723148
AL,COLBERT,G0100330,10511,Republican,2817,26.800494719817337
AL,COLBERT,G0100330,10511,Other,143,1.3604794976691086
AL,CONECUH,G0100350,2510,Democratic,1815,72.31075697211156
AL,CONECUH,G0100350,2510,Republican,645,25.697211155378486
AL,CONECUH,G0100350,2510,Other,50,1.9920318725099602
AL,COOSA,G0100370,2575,Democratic,1493,57.98058252427184
AL,COOSA,G0100370,2575,Republican,1073,41.66990291262136
AL,COOSA,G0100370,2575,Other,9,0.34951456310679613
AL,COVINGTON,G0100390,7819,Democratic,5744,73.46207954981455
AL,COVINGTON,G0100390,7819,Republican,2042,26.115871594833102
AL,COVINGTON,G0100390,7819,Other,33,0.4220488553523468
AL,CRENSHAW,G0100410,3501,Democratic,2923,83.49043130534133
AL,CRENSHAW,G0100410,3501,Republican,573,16.36675235646958
AL,CRENSHAW,G0100410,3501,Other,5,0.14281633818908884
AL,CULLMAN,G0100430,10599,Democratic,6346,59.87357297858289
AL,CULLMAN,G0100430,10599,Republican,4247,40.069817907349744
AL,CULLMAN,G0100430,10599,Other,4,0.03773940937824323
AL,DALE,G0100450,4218,Democratic,2563,60.763394973921294
AL,DALE,G0100450,4218,Republican,1634,38.73873873873874
AL,DALE,G0100450,4218,Other,21,0.4978662873399715
AL,DALLAS,G0100470,5049,Democratic,2103,41.65181224004753
AL,DALLAS,G0100470,5049,Republican,2877,56.98158051099228
AL,DALLAS,G0100470,5049,Other,69,1.3666072489601901
AL,DE KALB,G0100490,11437,Democratic,5843,51.08857217801871
AL,DE KALB,G0100490,11437,Republican,5580,48.789018099151875
AL,DE KALB,G0100490,11437,Other,11,0.09617906793739617
AL,ELMORE,G0100510,5400,Democratic,3440,63.70370370370371
AL,ELMORE,G0100510,5400,Republican,1910,35.37037037037037
AL,ELMORE,G0100510,5400,Other,50,0.9259259259259258
AL,ESCAMBIA,G0100530,5908,Democratic,3990,67.53554502369668
AL,ESCAMBIA,G0100530,5908,Republican,1813,30.68720379146919
AL,ESCAMBIA,G0100530,5908,Other,105,1.7772511848341233
AL,ETOWAH,G0100550,21708,Democratic,14371,66.20140040538051
AL,ETOWAH,G0100550,21708,Republican,7151,32.941772618389535
AL,ETOWAH,G0100550,21708,Other,185,0.8522203795835636
AL,FAYETTE,G0100570,4198,Democratic,2274,54.1686517389233
AL,FAYETTE,G0100570,4198,Republican,1916,45.64078132444021
AL,FAYETTE,G0100570,4198,Other,8,0.19056693663649357
AL,FRANKLIN,G0100590,7507,Democratic,3422,45.584121486612496
AL,FRANKLIN,G0100590,7507,Republican,4069,54.20274410550153
AL,FRANKLIN,G0100590,7507,Other,16,0.2131344078859731
AL,GENEVA,G0100610,4514,Democratic,3050,67.56756756756756
AL,GENEVA,G0100610,4514,Republican,1457,32.27735932653965
AL,GENEVA,G0100610,4514,Other,7,0.15507310589277803
AL,GREENE,G0100630,1127,Democratic,723,64.15261756876663
AL,GREENE,G0100630,1127,Republican,385,34.161490683229815
AL,GREENE,G0100630,1127,Other,19,1.6858917480035491
AL,HALE,G0100650,2060,Democratic,1309,63.54368932038835
AL,HALE,G0100650,2060,Republican,741,35.970873786407765
AL,HALE,G0100650,2060,Other,10,0.48543689320388345
AL,HENRY,G0100670,2718,Democratic,2115,77.81456953642383
AL,HENRY,G0100670,2718,Republican,592,21.78072111846946
AL,HENRY,G0100670,2718,Other,11,0.40470934510669615
AL,HOUSTON,G0100690,8022,Democratic,3896,48.566442283719766
AL,HOUSTON,G0100690,8022,Republican,4060,50.6108202443281
AL,HOUSTON,G0100690,8022,Other,65,0.8102717526801296
AL,JACKSON,G0100710,6848,Democratic,4789,69.93282710280374
AL,JACKSON,G0100710,6848,Republican,2036,29.73130841121495
AL,JACKSON,G0100710,6848,Other,23,0.3358644859813084
AL,JEFFERSON,G0100730,105164,Democratic,44369,42.19029325624739
AL,JEFFERSON,G0100730,105164,Republican,59260,56.350081777033964
AL,JEFFERSON,G0100730,105164,Other,1525,1.4501160092807424
AL,LAMAR/SANFORD,G0100750,3383,Democratic,2386,70.5291161690807
AL,LAMAR/SANFORD,G0100750,3383,Republican,956,28.258941767661838
AL,LAMAR/SANFORD,G0100750,3383,Other,41,1.2119420632574638
AL,LAUDERDALE,G0100770,12207,Democratic,8564,70.15646760055706
AL,LAUDERDALE,G0100770,12207,Republican,3557,29.139018595887606
AL,LAUDERDALE,G0100770,12207,Other,83,0.679937740640616
AL,LAWRENCE,G0100790,4299,Democratic,2929,68.13212374970924
AL,LAWRENCE,G0100790,4299,Republican,1363,31.70504768550826
AL,LAWRENCE,G0100790,4299,Other,7,0.16282856478250757
AL,LEE,G0100810,6093,Democratic,3759,61.69374692269818
AL,LEE,G0100810,6093,Republican,2295,37.66617429837518
AL,LEE,G0100810,6093,Other,39,0.6400787789266371
AL,LIMESTONE,G0100830,5186,Democratic,4147,79.96529116853065
AL,LIMESTONE,G0100830,5186,Republican,1031,19.88044735827227
AL,LIMESTONE,G0100830,5186,Other,8,0.15426147319706904
AL,LOWNDES,G0100850,1241,Democratic,796,64.14182111200645
AL,LOWNDES,G0100850,1241,Republican,433,34.891216760676876
AL,LOWNDES,G0100850,1241,Other,12,0.9669621273166802
AL,MACON,G0100870,2231,Democratic,1327,59.48005378753922
AL,MACON,G0100870,2231,Republican,879,39.3993724787091
AL,MACON,G0100870,2231,Other,25,1.1205737337516808
AL,MADISON,G0100890,16355,Democratic,10958,67.00091715071844
AL,MADISON,G0100890,16355,Republican,5268,32.2103332314277
AL,MADISON,G0100890,16355,Other,128,0.782635279730969
AL,MARENGO,G0100910,2795,Democratic,1436,51.37745974955277
AL,MARENGO,G0100910,2795,Republican,1239,44.32915921288014
AL,MARENGO,G0100910,2795,Other,120,4.293381037567084
AL,MARION,G0100930,6055,Democratic,3099,51.18084227910818
AL,MARION,G0100930,6055,Republican,2938,48.52188274153592
AL,MARION,G0100930,6055,Other,17,0.28075970272502065
AL,MARSHALL,G0100950,9989,Democratic,6595,66.02262488737611
AL,MARSHALL,G0100950,9989,Republican,3385,33.887276003603965
AL,MARSHALL,G0100950,9989,Other,8,0.08008809690659725
AL,MOBILE,G0100970,53469,Democratic,28622,53.530082851745874
AL,MOBILE,G0100970,53469,Republican,23532,44.0105481680974
AL,MOBILE,G0100970,53469,Other,1305,2.4406665544521124
AL,MONROE,G0100990,3154,Democratic,2130,67.53329105897274
AL,MONROE,G0100990,3154,Republican,990,31.388712745719722
AL,MONROE,G0100990,3154,Other,34,1.077996195307546
AL,MONTGOMERY,G0101010,21473,Democratic,9420,43.869044847017186
AL,MONTGOMERY,G0101010,21473,Republican,11802,54.96204535928841
AL,MONTGOMERY,G0101010,21473,Other,247,1.1502817491733806
AL,MORGAN/COTACO,G0101030,12194,Democratic,7821,64.13810070526489
AL,MORGAN/COTACO,G0101030,12194,Republican,4351,35.68148269640807
AL,MORGAN/COTACO,G0101030,12194,Other,21,0.1722158438576349
AL,PERRY,G0101050,1794,Democratic,973,54.23634336677815
AL,PERRY,G0101050,1794,Republican,746,41.58305462653289
AL,PERRY,G0101050,1794,Other,75,4.1806020066889635
AL,PICKENS,G0101070,3150,Democratic,1836,58.285714285714285
AL,PICKENS,G0101070,3150,Republican,1271,40.34920634920635
AL,PICKENS,G0101070,3150,Other,43,1.3650793650793651
AL,PIKE,G0101090,4444,Democratic,3421,76.98019801980197
AL,PIKE,G0101090,4444,Republican,1002,22.54725472547255
AL,PIKE,G0101090,4444,Other,21,0.47254725472547254
AL,RANDOLPH,G0101110,4904,Democratic,3175,64.74306688417619
AL,RANDOLPH,G0101110,4904,Republican,1696,34.58401305057096
AL,RANDOLPH,G0101110,4904,Other,33,0.6729200652528547
AL,RUSSELL,G0101130,5304,Democratic,3480,65.61085972850678
AL,RUSSELL,G0101130,5304,Republican,1776,33.4841628959276
AL,RUSSELL,G0101130,5304,Other,48,0.904977375565611
AL,ST CLAIR,G0101150,6205,Democratic,3039,48.97663174858985
AL,ST CLAIR,G0101150,6205,Republican,3153,50.81385979049154
AL,ST CLAIR,G0101150,6205,Other,12,0.19339242546333602
AL,SHELBY,G0101170,5868,Democratic,3224,54.94205862304021
AL,SHELBY,G0101170,5868,Republican,2597,44.25698704839809
AL,SHELBY,G0101170,5868,Other,46,0.7839127471029312
AL,SUMTER,G0101190,1461,Democratic,765,52.361396303901444
AL,SUMTER,G0101190,1461,Republican,622,42.573579739904176
AL,SUMTER,G0101190,1461,Other,74,5.065023956194388
AL,TALLADEGA,G0101210,10522,Democratic,5728,54.43831971108154
AL,TALLADEGA,G0101210,10522,Republican,4716,44.82037635430526
AL,TALLADEGA,G0101210,10522,Other,77,0.7318000380155865
AL,TALLAPOOSA,G0101230,7643,Democratic,5459,71.42483318068821
AL,TALLAPOOSA,G0101230,7643,Republican,2145,28.064895983252647
AL,TALLAPOOSA,G0101230,7643,Other,37,0.48410310087661906
AL,TUSCALOOSA,G0101250,13977,Democratic,8253,59.04700579523503
AL,TUSCALOOSA,G0101250,13977,Republican,5582,39.93703942190742
AL,TUSCALOOSA,G0101250,13977,Other,140,1.0016455605637833
AL,WALKER,G0101270,13551,Democratic,8109,59.84060216958158
AL,WALKER,G0101270,13551,Republican,5441,40.15201830123238
AL,WALKER,G0101270,13551,Other,0,0
AL,WASHINGTON,G0101290,2775,Democratic,1929,69.51351351351352
AL,WASHINGTON,G0101290,2775,Republican,791,28.504504504504503
AL,WASHINGTON,G0101290,2775,Other,55,1.981981981981982
AL,WILCOX,G0101310,1422,Democratic,905,63.64275668073136
AL,WILCOX,G0101310,1422,Republican,510,35.86497890295359
AL,WILCOX,G0101310,1422,Other,7,0.49226441631504925
AL,WINSTON/HANCOCK,G0101330,5103,Democratic,1681,32.94140701548109
AL,WINSTON/HANCOCK,G0101330,5103,Republican,3418,66.98020772094846
AL,WINSTON/HANCOCK,G0101330,5103,Other,3,0.058788947677836566
AR,ARKANSAS,G0500010,5018,Democratic,2789,55.57991231566361
AR,ARKANSAS,G0500010,5018,Republican,2043,40.713431646074135
AR,ARKANSAS,G0500010,5018,Other,186,3.7066560382622558
AR,ASHLEY,G0500030,5026,Democratic,3118,62.03740549144449
AR,ASHLEY,G0500030,5026,Republican,1288,25.62674094707521
AR,ASHLEY,G0500030,5026,Other,620,12.335853561480302
AR,BAXTER,G0500050,3879,Democratic,1694,43.671049239494714
AR,BAXTER,G0500050,3879,Republican,2108,54.34390306780098
AR,BAXTER,G0500050,3879,Other,77,1.9850476927043053
AR,BENTON,G0500070,11590,Democratic,3618,31.216566005176876
AR,BENTON,G0500070,11590,Republican,7831,67.56686798964625
AR,BENTON,G0500070,11590,Other,138,1.1906816220880068
AR,BOONE,G0500090,6233,Democratic,2774,44.50505374618964
AR,BOONE,G0500090,6233,Republican,3388,54.35584790630516
AR,BOONE,G0500090,6233,Other,70,1.1230547088079577
AR,BRADLEY,G0500110,0,Other,0,0
AR,CALHOUN,G0500130,1598,Democratic,1151,72.02753441802253
AR,CALHOUN,G0500130,1598,Republican,295,18.46057571964956
AR,CALHOUN,G0500130,1598,Other,152,9.51188986232791
AR,CARROLL,G0500150,3965,Democratic,1301,32.81210592686003
AR,CARROLL,G0500150,3965,Republican,2615,65.95208070617906
AR,CARROLL,G0500150,3965,Other,49,1.235813366960908
AR,CHICOT,G0500170,3051,Democratic,1803,59.09537856440511
AR,CHICOT,G0500170,3051,Republican,979,32.08784005244183
AR,CHICOT,G0500170,3051,Other,269,8.816781383153065
AR,CLARK,G0500190,5083,Democratic,3295,64.82392288018886
AR,CLARK,G0500190,5083,Republican,1357,26.69683257918552
AR,CLARK,G0500190,5083,Other,431,8.479244540625615
AR,CLAY,G0500210,4568,Democratic,1908,41.76882661996497
AR,CLAY,G0500210,4568,Republican,2543,55.669877408056045
AR,CLAY,G0500210,4568,Other,117,2.5612959719789843
AR,CLEBURNE,G0500230,2282,Democratic,1144,50.13146362839615
AR,CLEBURNE,G0500230,2282,Republican,1026,44.96056091148116
AR,CLEBURNE,G0500230,2282,Other,112,4.9079754601226995
AR,CLEVELAND,G0500250,1715,Democratic,1216,70.90379008746356
AR,CLEVELAND,G0500250,1715,Republican,290,16.909620991253643
AR,CLEVELAND,G0500250,1715,Other,209,12.186588921282798
AR,COLUMBIA,G0500270,5605,Democratic,2427,43.30062444246209
AR,COLUMBIA,G0500270,5605,Republican,2371,42.30151650312221
AR,COLUMBIA,G0500270,5605,Other,806,14.380017841213203
AR,CONWAY,G0500290,4796,Democratic,2900,60.46705587989991
AR,CONWAY,G0500290,4796,Republican,1685,35.13344453711426
AR,CONWAY,G0500290,4796,Other,211,4.399499582985821
AR,CRAIGHEAD,G0500310,10738,Democratic,4898,45.61370832557273
AR,CRAIGHEAD,G0500310,10738,Republican,5257,48.95697522816167
AR,CRAIGHEAD,G0500310,10738,Other,582,5.4200037250884705
AR,CRAWFORD,G0500330,5907,Democratic,2430,41.13763331640426
AR,CRAWFORD,G0500330,5907,Republican,3373,57.10174369392247
AR,CRAWFORD,G0500330,5907,Other,104,1.7606229896732688
AR,CRITTENDEN,G0500350,5128,Democratic,2679,52.24258970358814
AR,CRITTENDEN,G0500350,5128,Republican,2234,43.564742589703584
AR,CRITTENDEN,G0500350,5128,Other,215,4.192667706708268
AR,CROSS,G0500370,3615,Democratic,2088,57.759336099585056
AR,CROSS,G0500370,3615,Republican,1287,35.601659751037346
AR,CROSS,G0500370,3615,Other,240,6.639004149377594
AR,DALLAS,G0500390,2615,Democratic,1639,62.67686424474187
AR,DALLAS,G0500390,2615,Republican,659,25.20076481835564
AR,DALLAS,G0500390,2615,Other,317,12.122370936902485
AR,DESHA,G0500410,3936,Democratic,2502,63.5670731707317
AR,DESHA,G0500410,3936,Republican,1063,27.007113821138212
AR,DESHA,G0500410,3936,Other,371,9.425813008130081
AR,DREW,G0500430,3372,Democratic,2107,62.48517200474496
AR,DREW,G0500430,3372,Republican,889,26.36417556346382
AR,DREW,G0500430,3372,Other,376,11.150652431791222
AR,FAULKNER,G0500450,6609,Democratic,3819,57.78483885610532
AR,FAULKNER,G0500450,6609,Republican,2426,36.70752004841882
AR,FAULKNER,G0500450,6609,Other,363,5.492510213345438
AR,FRANKLIN,G0500470,3751,Democratic,2025,53.98560383897627
AR,FRANKLIN,G0500470,3751,Republican,1631,43.481738203145824
AR,FRANKLIN,G0500470,3751,Other,95,2.532657957877899
AR,FULTON,G0500490,1849,Democratic,703,38.02055164954029
AR,FULTON,G0500490,1849,Republican,1127,60.95186587344511
AR,FULTON,G0500490,1849,Other,19,1.0275824770146025
AR,GARLAND,G0500510,13944,Democratic,6332,45.410212277682156
AR,GARLAND,G0500510,13944,Republican,7203,51.6566265060241
AR,GARLAND,G0500510,13944,Other,406,2.9116465863453818
AR,GRANT,G0500530,2269,Democratic,1394,61.43675628029969
AR,GRANT,G0500530,2269,Republican,563,24.812692816218597
AR,GRANT,G0500530,2269,Other,312,13.75055090348171
AR,GREENE,G0500550,5569,Democratic,2774,49.81145627581253
AR,GREENE,G0500550,5569,Republican,2658,47.72849703717005
AR,GREENE,G0500550,5569,Other,137,2.460046687017418
AR,HEMPSTEAD,G0500570,4759,Democratic,2596,54.54927505778525
AR,HEMPSTEAD,G0500570,4759,Republican,1948,40.93296911115781
AR,HEMPSTEAD,G0500570,4759,Other,215,4.517755831056944
AR,HOT SPRING,G0500590,5854,Democratic,3454,59.00239152716091
AR,HOT SPRING,G0500590,5854,Republican,1732,29.58660744789887
AR,HOT SPRING,G0500590,5854,Other,668,11.411001024940212
AR,HOWARD,G0500610,2735,Democratic,1366,49.945155393053014
AR,HOWARD,G0500610,2735,Republican,1225,44.78976234003657
AR,HOWARD,G0500610,2735,Other,144,5.2650822669104205
AR,INDEPENDENCE,G0500630,0,Other,0,0
AR,IZARD,G0500650,2248,Democratic,1340,59.60854092526691
AR,IZARD,G0500650,2248,Republican,808,35.94306049822064
AR,IZARD,G0500650,2248,Other,100,4.448398576512456
AR,JACKSON,G0500670,5159,Democratic,2860,55.437100213219615
AR,JACKSON,G0500670,5159,Republican,1986,38.49583252568327
AR,JACKSON,G0500670,5159,Other,313,6.067067261097112
AR,JEFFERSON,G0500690,15235,Democratic,8442,55.41188053823433
AR,JEFFERSON,G0500690,15235,Republican,4839,31.76238923531342
AR,JEFFERSON,G0500690,15235,Other,1953,12.819166393173614
AR,JOHNSON,G0500710,3523,Democratic,1938,55.00993471473177
AR,JOHNSON,G0500710,3523,Republican,1490,42.293499858075506
AR,JOHNSON,G0500710,3523,Other,95,2.6965654271927333
AR,LAFAYETTE,G0500730,2325,Democratic,1286,55.31182795698925
AR,LAFAYETTE,G0500730,2325,Republican,713,30.666666666666664
AR,LAFAYETTE,G0500730,2325,Other,326,14.021505376344088
AR,LAWRENCE,G0500750,4065,Democratic,2074,51.02091020910209
AR,LAWRENCE,G0500750,4065,Republican,1800,44.28044280442804
AR,LAWRENCE,G0500750,4065,Other,191,4.698646986469865
AR,LEE,G0500770,2701,Democratic,1409,52.16586449463162
AR,LEE,G0500770,2701,Republican,1034,38.28211773417253
AR,LEE,G0500770,2701,Other,258,9.552017771195853
AR,LINCOLN,G0500790,2646,Democratic,1780,67.2713529856387
AR,LINCOLN,G0500790,2646,Republican,626,23.658352229780803
AR,LINCOLN,G0500790,2646,Other,240,9.070294784580499
AR,LITTLE RIVER,G0500810,2323,Democratic,1514,65.17434352130866
AR,LITTLE RIVER,G0500810,2323,Republican,692,29.78906586310805
AR,LITTLE RIVER,G0500810,2323,Other,117,5.036590615583298
AR,LOGAN,G0500830,4764,Democratic,2636,55.331654072208224
AR,LOGAN,G0500830,4764,Republican,2014,42.27539882451721
AR,LOGAN,G0500830,4764,Other,114,2.392947103274559
AR,LONOKE,G0500850,5348,Democratic,2991,55.92744951383695
AR,LONOKE,G0500850,5348,Republican,1559,29.151084517576663
AR,LONOKE,G0500850,5348,Other,797,14.902767389678385
AR,MADISON,G0500870,4201,Democratic,1702,40.5141632944537
AR,MADISON,G0500870,4201,Republican,2445,58.200428469412046
AR,MADISON,G0500870,4201,Other,54,1.2854082361342536
AR,MARION,G0500890,2008,Democratic,968,48.20717131474104
AR,MARION,G0500890,2008,Republican,1016,50.59760956175299
AR,MARION,G0500890,2008,Other,24,1.1952191235059761
AR,MILLER,G0500910,8117,Democratic,4550,56.055192805223605
AR,MILLER,G0500910,8117,Republican,3113,38.35160773684859
AR,MILLER,G0500910,8117,Other,454,5.593199457927806
AR,MISSISSIPPI,G0500930,7896,Democratic,4020,50.911854103343465
AR,MISSISSIPPI,G0500930,7896,Republican,3555,45.02279635258359
AR,MISSISSIPPI,G0500930,7896,Other,321,4.065349544072949
AR,MONROE,G0500950,3068,Democratic,1856,60.495436766623214
AR,MONROE,G0500950,3068,Republican,833,27.15123859191656
AR,MONROE,G0500950,3068,Other,379,12.353324641460235
AR,MONTGOMERY,G0500970,1677,Democratic,788,46.9886702444842
AR,MONTGOMERY,G0500970,1677,Republican,836,49.850924269528925
AR,MONTGOMERY,G0500970,1677,Other,53,3.1604054859868813
AR,NEVADA,G0500990,2751,Democratic,1605,58.342420937840785
AR,NEVADA,G0500990,2751,Republican,937,34.06034169392948
AR,NEVADA,G0500990,2751,Other,209,7.597237368229735
AR,NEWTON,G0501010,2687,Democratic,844,31.410494975809456
AR,NEWTON,G0501010,2687,Republican,1814,67.51023446222553
AR,NEWTON,G0501010,2687,Other,29,1.0792705619650167
AR,OUACHITA,G0501030,8192,Democratic,5168,63.0859375
AR,OUACHITA,G0501030,8192,Republican,2439,29.77294921875
AR,OUACHITA,G0501030,8192,Other,583,7.11669921875
AR,PERRY,G0501050,1385,Democratic,789,56.96750902527076
AR,PERRY,G0501050,1385,Republican,501,36.17328519855595
AR,PERRY,G0501050,1385,Other,95,6.859205776173286
AR,PHILLIPS,G0501070,6677,Democratic,4104,61.46472966901303
AR,PHILLIPS,G0501070,6677,Republican,2167,32.45469522240527
AR,PHILLIPS,G0501070,6677,Other,404,6.050621536618242
AR,PIKE,G0501090,2102,Democratic,997,47.431018078020934
AR,PIKE,G0501090,2102,Republican,1013,48.19219790675547
AR,PIKE,G0501090,2102,Other,92,4.376784015223597
AR,POINSETT,G0501110,5444,Democratic,2817,51.74504041146216
AR,POINSETT,G0501110,5444,Republican,2430,44.636296840558416
AR,POINSETT,G0501110,5444,Other,197,3.6186627479794264
AR,POLK,G0501130,3632,Democratic,1635,45.01651982378855
AR,POLK,G0501130,3632,Republican,1882,51.81718061674009
AR,POLK,G0501130,3632,Other,115,3.166299559471366
AR,POPE,G0501150,5589,Democratic,2760,49.382716049382715
AR,POPE,G0501150,5589,Republican,2573,46.0368581141528
AR,POPE,G0501150,5589,Other,256,4.580425836464483
AR,PRAIRIE,G0501170,2636,Democratic,1680,63.7329286798179
AR,PRAIRIE,G0501170,2636,Republican,734,27.845220030349015
AR,PRAIRIE,G0501170,2636,Other,222,8.42185128983308
AR,PULASKI,G0501190,22761,Democratic,11324,49.751768375730414
AR,PULASKI,G0501190,22761,Republican,8071,35.45977768990818
AR,PULASKI,G0501190,22761,Other,3362,14.770880014059138
AR,RANDOLPH,G0501210,3278,Democratic,1556,47.467968273337405
AR,RANDOLPH,G0501210,3278,Republican,1620,49.42037827943868
AR,RANDOLPH,G0501210,3278,Other,102,3.111653447223917
AR,ST FRANCIS,G0501230,4518,Democratic,2432,53.8291279327136
AR,ST FRANCIS,G0501230,4518,Republican,1786,39.53076582558654
AR,ST FRANCIS,G0501230,4518,Other,300,6.640106241699867
AR,SALINE,G0501250,6791,Democratic,3897,57.384773965542635
AR,SALINE,G0501250,6791,Republican,2195,32.322191135326165
AR,SALINE,G0501250,6791,Other,697,10.263584155499926
AR,SCOTT,G0501270,2264,Democratic,1116,49.293286219081274
AR,SCOTT,G0501270,2264,Republican,1137,50.22084805653711
AR,SCOTT,G0501270,2264,Other,11,0.48586572438162545
AR,SEARCY,G0501290,3353,Democratic,1022,30.48016701461378
AR,SEARCY,G0501290,3353,Republican,2299,68.56546376379362
AR,SEARCY,G0501290,3353,Other,32,0.9543692215926037
AR,SEBASTIAN,G0501310,20696,Democratic,8725,42.15790490916119
AR,SEBASTIAN,G0501310,20696,Republican,11743,56.74043293390027
AR,SEBASTIAN,G0501310,20696,Other,226,1.091998453807499
AR,SEVIER,G0501330,2835,Democratic,1580,55.73192239858906
AR,SEVIER,G0501330,2835,Republican,1141,40.24691358024691
AR,SEVIER,G0501330,2835,Other,114,4.021164021164021
AR,SHARP,G0501350,1786,Democratic,807,45.18477043673012
AR,SHARP,G0501350,1786,Republican,911,51.00783874580067
AR,SHARP,G0501350,1786,Other,68,3.807390817469205
AR,STONE,G0501370,1943,Democratic,897,46.16572310859496
AR,STONE,G0501370,1943,Republican,959,49.35666495110654
AR,STONE,G0501370,1943,Other,87,4.477611940298507
AR,UNION,G0501390,13565,Democratic,6499,47.910062661260596
AR,UNION,G0501390,13565,Republican,5631,41.511242167342424
AR,UNION,G0501390,13565,Other,1434,10.57132325838555
AR,VAN BUREN,G0501410,2267,Democratic,1158,51.08072342302603
AR,VAN BUREN,G0501410,2267,Republican,1009,44.50816056462285
AR,VAN BUREN,G0501410,2267,Other,100,4.411116012351124
AR,WASHINGTON,G0501430,15679,Democratic,5390,34.377192422986155
AR,WASHINGTON,G0501430,15679,Republican,10088,64.34083806365201
AR,WASHINGTON,G0501430,15679,Other,199,1.2692135978059826
AR,WHITE,G0501450,9834,Democratic,5243,53.31502948952613
AR,WHITE,G0501450,9834,Republican,3985,40.5226764287167
AR,WHITE,G0501450,9834,Other,605,6.152125279642058
AR,WOODRUFF,G0501470,2535,Democratic,1613,63.629191321499015
AR,WOODRUFF,G0501470,2535,Republican,667,26.31163708086785
AR,WOODRUFF,G0501470,2535,Other,255,10.059171597633137
AR,YELL,G0501490,3433,Democratic,2008,58.49111564229537
AR,YELL,G0501490,3433,Republican,1303,37.95514127585202
AR,YELL,G0501490,3433,Other,122,3.553743081852607
FL,ALACHUA,G1200010,19351,Democratic,9279,47.95101028370627
FL,ALACHUA,G1200010,19351,Republican,10070,52.0386543331094
FL,ALACHUA,G1200010,19351,Other,0,0
FL,BAKER,G1200030,1867,Democratic,1469,78.6823781467595
FL,BAKER,G1200030,1867,Republican,398,21.317621853240492
FL,BAKER,G1200030,1867,Other,0,0
FL,BAY,G1200050,16014,Democratic,10579,66.0609466716623
FL,BAY,G1200050,16014,Republican,5434,33.93280879230673
FL,BAY,G1200050,16014,Other,0,0
FL,BRADFORD/NEW RIVE,G1200070,3666,Democratic,2535,69.14893617021278
FL,BRADFORD/NEW RIVE,G1200070,3666,Republican,1131,30.851063829787233
FL,BRADFORD/NEW RIVE,G1200070,3666,Other,0,0
FL,BREVARD/ST LUCIE,G1200090,28654,Democratic,11066,38.61938996300691
FL,BREVARD/ST LUCIE,G1200090,28654,Republican,17585,61.37014029454876
FL,BREVARD/ST LUCIE,G1200090,28654,Other,0,0
FL,BROWARD,G1200110,116105,Democratic,47800,41.16963093751346
FL,BROWARD,G1200110,116105,Republican,68293,58.82003359028466
FL,BROWARD,G1200110,116105,Other,0,0
FL,CALHOUN,G1200130,2228,Democratic,1594,71.54398563734291
FL,CALHOUN,G1200130,2228,Republican,634,28.45601436265709
FL,CALHOUN,G1200130,2228,Other,0,0
FL,CHARLOTTE,G1200150,4967,Democratic,1941,39.077914233944036
FL,CHARLOTTE,G1200150,4967,Republican,3026,60.922085766055964
FL,CHARLOTTE,G1200150,4967,Other,0,0
FL,CITRUS,G1200170,3591,Democratic,1730,48.175995544416594
FL,CITRUS,G1200170,3591,Republican,1861,51.824004455583406
FL,CITRUS,G1200170,3591,Other,0,0
FL,CLAY,G1200190,5243,Democratic,2728,52.03127980164028
FL,CLAY,G1200190,5243,Republican,2515,47.96872019835972
FL,CLAY,G1200190,5243,Other,0,0
FL,COLLIER,G1200210,4458,Democratic,1750,39.2552714221624
FL,COLLIER,G1200210,4458,Republican,2708,60.74472857783759
FL,COLLIER,G1200210,4458,Other,0,0
FL,COLUMBIA,G1200230,5789,Democratic,3695,63.82794955950941
FL,COLUMBIA,G1200230,5789,Republican,2094,36.17205044049058
FL,COLUMBIA,G1200230,5789,Other,0,0
FL,DADE,G1200250,317620,Democratic,183108,57.65002203891443
FL,DADE,G1200250,317620,Republican,134480,42.339903028776526
FL,DADE,G1200250,317620,Other,0,0
FL,DE SOTO,G1200270,3367,Democratic,1680,49.8960498960499
FL,DE SOTO,G1200270,3367,Republican,1687,50.1039501039501
FL,DE SOTO,G1200270,3367,Other,0,0
FL,DIXIE,G1200290,1368,Democratic,976,71.34502923976608
FL,DIXIE,G1200290,1368,Republican,392,28.654970760233915
FL,DIXIE,G1200290,1368,Other,0,0
FL,DUVAL,G1200310,129164,Democratic,70084,54.25970084543681
FL,DUVAL,G1200310,129164,Republican,59067,45.73023443064631
FL,DUVAL,G1200310,129164,Other,0,0
FL,ESCAMBIA,G1200330,46213,Democratic,28287,61.210049120377384
FL,ESCAMBIA,G1200330,46213,Republican,17921,38.7791314132387
FL,ESCAMBIA,G1200330,46213,Other,0,0
FL,FLAGLER,G1200350,1359,Democratic,933,68.65342163355407
FL,FLAGLER,G1200350,1359,Republican,426,31.346578366445915
FL,FLAGLER,G1200350,1359,Other,0,0
FL,FRANKLIN,G1200370,2258,Democratic,1494,66.16474756421611
FL,FRANKLIN,G1200370,2258,Republican,764,33.83525243578388
FL,FRANKLIN,G1200370,2258,Other,0,0
FL,GADSDEN,G1200390,4353,Democratic,2343,53.8249483115093
FL,GADSDEN,G1200390,4353,Republican,2010,46.1750516884907
FL,GADSDEN,G1200390,4353,Other,0,0
FL,GILCHRIST,G1200410,1111,Democratic,834,75.06750675067508
FL,GILCHRIST,G1200410,1111,Republican,277,24.93249324932493
FL,GILCHRIST,G1200410,1111,Other,0,0
FL,GLADES,G1200430,708,Democratic,394,55.6497175141243
FL,GLADES,G1200430,708,Republican,314,44.35028248587571
FL,GLADES,G1200430,708,Other,0,0
FL,GULF,G1200450,3005,Democratic,2348,78.13643926788686
FL,GULF,G1200450,3005,Republican,657,21.863560732113143
FL,GULF,G1200450,3005,Other,0,0
FL,HAMILTON,G1200470,1987,Democratic,1331,66.98540513336688
FL,HAMILTON,G1200470,1987,Republican,656,33.01459486663312
FL,HAMILTON,G1200470,1987,Other,0,0
FL,HARDEE,G1200490,3701,Democratic,1741,47.04134017833018
FL,HARDEE,G1200490,3701,Republican,1960,52.95865982166982
FL,HARDEE,G1200490,3701,Other,0,0
FL,HENDRY,G1200510,2350,Democratic,1307,55.61702127659574
FL,HENDRY,G1200510,2350,Republican,1043,44.38297872340426
FL,HENDRY,G1200510,2350,Other,0,0
FL,HERNANDO/BENTON,G1200530,3769,Democratic,1960,52.00318386840011
FL,HERNANDO/BENTON,G1200530,3769,Republican,1809,47.99681613159989
FL,HERNANDO/BENTON,G1200530,3769,Other,0,0
FL,HIGHLANDS,G1200550,7491,Democratic,3121,41.66332932852757
FL,HIGHLANDS,G1200550,7491,Republican,4369,58.32332131891603
FL,HIGHLANDS,G1200550,7491,Other,0,0
FL,HILLSBOROUGH,G1200570,111127,Democratic,62231,55.99989201544179
FL,HILLSBOROUGH,G1200570,111127,Republican,48885,43.99020940005579
FL,HILLSBOROUGH,G1200570,111127,Other,0,0
FL,HOLMES,G1200590,3605,Democratic,2370,65.74202496532594
FL,HOLMES,G1200590,3605,Republican,1235,34.25797503467407
FL,HOLMES,G1200590,3605,Other,0,0
FL,INDIAN RIVER,G1200610,7626,Democratic,2970,38.94571203776554
FL,INDIAN RIVER,G1200610,7626,Republican,4656,61.05428796223447
FL,INDIAN RIVER,G1200610,7626,Other,0,0
FL,JACKSON,G1200630,8845,Democratic,5993,67.75579423403053
FL,JACKSON,G1200630,8845,Republican,2851,32.23289994347089
FL,JACKSON,G1200630,8845,Other,0,0
FL,JEFFERSON,G1200650,1729,Democratic,1129,65.29786003470214
FL,JEFFERSON,G1200650,1729,Republican,600,34.70213996529786
FL,JEFFERSON,G1200650,1729,Other,0,0
FL,LAFAYETTE,G1200670,1090,Democratic,793,72.75229357798165
FL,LAFAYETTE,G1200670,1090,Republican,297,27.247706422018346
FL,LAFAYETTE,G1200670,1090,Other,0,0
FL,LAKE,G1200690,17915,Democratic,4936,27.552330449344126
FL,LAKE,G1200690,17915,Republican,12978,72.44208763605917
FL,LAKE,G1200690,17915,Other,0,0
FL,LEE,G1200710,15851,Democratic,5494,34.66027379976027
FL,LEE,G1200710,15851,Republican,10355,65.32710869976658
FL,LEE,G1200710,15851,Other,0,0
FL,LEON,G1200730,19512,Democratic,10431,53.459409594095945
FL,LEON,G1200730,19512,Republican,9079,46.53034030340304
FL,LEON,G1200730,19512,Other,0,0
FL,LEVY,G1200750,2999,Democratic,2003,66.7889296432144
FL,LEVY,G1200750,2999,Republican,996,33.21107035678559
FL,LEVY,G1200750,2999,Other,0,0
FL,LIBERTY,G1200770,1105,Democratic,862,78.00904977375566
FL,LIBERTY,G1200770,1105,Republican,243,21.990950226244344
FL,LIBERTY,G1200770,1105,Other,0,0
FL,MADISON,G1200790,3236,Democratic,2084,64.40049443757727
FL,MADISON,G1200790,3236,Republican,1152,35.59950556242274
FL,MADISON,G1200790,3236,Other,0,0
FL,MANATEE,G1200810,25276,Democratic,8814,34.8710238961861
FL,MANATEE,G1200810,25276,Republican,16460,65.12106345940813
FL,MANATEE,G1200810,25276,Other,0,0
FL,MARION,G1200830,14249,Democratic,7206,50.57196996280441
FL,MARION,G1200830,14249,Republican,7042,49.42101200084216
FL,MARION,G1200830,14249,Other,0,0
FL,MARTIN,G1200850,6365,Democratic,2664,41.85388845247447
FL,MARTIN,G1200850,6365,Republican,3701,58.14611154752553
FL,MARTIN,G1200850,6365,Other,0,0
FL,MONROE,G1200870,10388,Democratic,6971,67.10627647285328
FL,MONROE,G1200870,10388,Republican,3416,32.88409703504043
FL,MONROE,G1200870,10388,Other,0,0
FL,NASSAU,G1200890,4948,Democratic,3282,66.32983023443816
FL,NASSAU,G1200890,4948,Republican,1666,33.670169765561845
FL,NASSAU,G1200890,4948,Other,0,0
FL,OKALOOSA,G1200910,12948,Democratic,8262,63.809082483781275
FL,OKALOOSA,G1200910,12948,Republican,4685,36.183194315724435
FL,OKALOOSA,G1200910,12948,Other,0,0
FL,OKEECHOBEE,G1200930,1756,Democratic,1125,64.06605922551253
FL,OKEECHOBEE,G1200930,1756,Republican,631,35.933940774487475
FL,OKEECHOBEE,G1200930,1756,Other,0,0
FL,ORANGE/MOSQUITO,G1200950,67973,Democratic,19726,29.02034631397761
FL,ORANGE/MOSQUITO,G1200950,67973,Republican,48240,70.96935547938152
FL,ORANGE/MOSQUITO,G1200950,67973,Other,0,0
FL,OSCEOLA,G1200970,6869,Democratic,2177,31.693113990391613
FL,OSCEOLA,G1200970,6869,Republican,4691,68.29232784975979
FL,OSCEOLA,G1200970,6869,Other,0,0
FL,PALM BEACH,G1200990,75208,Democratic,29865,39.70987129028827
FL,PALM BEACH,G1200990,75208,Republican,45335,60.27949154345282
FL,PALM BEACH,G1200990,75208,Other,0,0
FL,PASCO,G1201010,13020,Democratic,5832,44.792626728110605
FL,PASCO,G1201010,13020,Republican,7187,55.19969278033794
FL,PASCO,G1201010,13020,Other,0,0
FL,PINELLAS,G1201030,159833,Democratic,58051,36.31978377431444
FL,PINELLAS,G1201030,159833,Republican,101766,63.67020577728003
FL,PINELLAS,G1201030,159833,Other,0,0
FL,POLK,G1201050,55164,Democratic,23544,42.680008701326955
FL,POLK,G1201050,55164,Republican,31614,57.309114639982596
FL,POLK,G1201050,55164,Other,0,0
FL,PUTNAM,G1201070,8695,Democratic,4459,51.2823461759632
FL,PUTNAM,G1201070,8695,Republican,4235,48.70615296147211
FL,PUTNAM,G1201070,8695,Other,0,0
FL,ST JOHNS,G1201090,9708,Democratic,5582,57.49896992171405
FL,ST JOHNS,G1201090,9708,Republican,4125,42.490729295426455
FL,ST JOHNS,G1201090,9708,Other,0,0
FL,ST LUCIE,G1201110,11714,Democratic,5359,45.74867679699505
FL,ST LUCIE,G1201110,11714,Republican,6354,54.24278640942462
FL,ST LUCIE,G1201110,11714,Other,0,0
FL,SANTA ROSA,G1201130,7737,Democratic,4959,64.09461031407521
FL,SANTA ROSA,G1201130,7737,Republican,2777,35.892464779630345
FL,SANTA ROSA,G1201130,7737,Other,0,0
FL,SARASOTA,G1201150,28282,Democratic,8287,29.301322395870166
FL,SARASOTA,G1201150,28282,Republican,19993,70.69160596846051
FL,SARASOTA,G1201150,28282,Other,0,0
FL,SEMINOLE,G1201170,13827,Democratic,4891,35.372821291675706
FL,SEMINOLE,G1201170,13827,Republican,8935,64.61994648152167
FL,SEMINOLE,G1201170,13827,Other,0,0
FL,SUMTER,G1201190,3399,Democratic,2279,67.0491320976758
FL,SUMTER,G1201190,3399,Republican,1120,32.95086790232421
FL,SUMTER,G1201190,3399,Other,0,0
FL,SUWANNEE,G1201210,4325,Democratic,2789,64.48554913294797
FL,SUWANNEE,G1201210,4325,Republican,1536,35.51445086705202
FL,SUWANNEE,G1201210,4325,Other,0,0
FL,TAYLOR,G1201230,3120,Democratic,1908,61.15384615384616
FL,TAYLOR,G1201230,3120,Republican,1212,38.84615384615385
FL,TAYLOR,G1201230,3120,Other,0,0
FL,UNION,G1201250,1252,Democratic,941,75.15974440894568
FL,UNION,G1201250,1252,Republican,311,24.840255591054312
FL,UNION,G1201250,1252,Other,0,0
FL,VOLUSIA,G1201270,51744,Democratic,23373,45.17045454545455
FL,VOLUSIA,G1201270,51744,Republican,28366,54.81988249845393
FL,VOLUSIA,G1201270,51744,Other,0,0
FL,WAKULLA,G1201290,1525,Democratic,1146,75.14754098360655
FL,WAKULLA,G1201290,1525,Republican,379,24.852459016393443
FL,WAKULLA,G1201290,1525,Other,0,0
FL,WALTON,G1201310,5126,Democratic,3642,71.04955130706205
FL,WALTON,G1201310,5126,Republican,1484,28.950448692937965
FL,WALTON,G1201310,5126,Other,0,0
FL,WASHINGTON,G1201330,3328,Democratic,2098,63.04086538461539
FL,WASHINGTON,G1201330,3328,Republican,1230,36.95913461538461
FL,WASHINGTON,G1201330,3328,Other,0,0
GA,APPLING,G1300010,2690,Democratic,1973,73.34572490706319
GA,APPLING,G1300010,2690,Republican,717,26.654275092936803
GA,APPLING,G1300010,2690,Other,0,0
GA,ATKINSON,G1300030,1537,Democratic,1298,84.45022771633052
GA,ATKINSON,G1300030,1537,Republican,239,15.549772283669485
GA,ATKINSON,G1300030,1537,Other,0,0
GA,BACON,G1300050,1747,Democratic,1168,66.85746994848311
GA,BACON,G1300050,1747,Republican,579,33.142530051516886
GA,BACON,G1300050,1747,Other,0,0
GA,BAKER,G1300070,786,Democratic,720,91.6030534351145
GA,BAKER,G1300070,786,Republican,66,8.396946564885496
GA,BAKER,G1300070,786,Other,0,0
GA,BALDWIN,G1300090,3526,Democratic,2262,64.15201361315938
GA,BALDWIN,G1300090,3526,Republican,1264,35.84798638684062
GA,BALDWIN,G1300090,3526,Other,0,0
GA,BANKS,G1300110,1391,Democratic,1170,84.11214953271028
GA,BANKS,G1300110,1391,Republican,221,15.887850467289718
GA,BANKS,G1300110,1391,Other,0,0
GA,BARROW,G1300130,3336,Democratic,2759,82.70383693045564
GA,BARROW,G1300130,3336,Republican,577,17.296163069544367
GA,BARROW,G1300130,3336,Other,0,0
GA,BARTOW/CASS,G1300150,4837,Democratic,3545,73.28922886086417
GA,BARTOW/CASS,G1300150,4837,Republican,1292,26.71077113913583
GA,BARTOW/CASS,G1300150,4837,Other,0,0
GA,BEN HILL,G1300170,2439,Democratic,1881,77.12177121771218
GA,BEN HILL,G1300170,2439,Republican,558,22.878228782287824
GA,BEN HILL,G1300170,2439,Other,0,0
GA,BERRIEN,G1300190,3155,Democratic,2787,88.33597464342314
GA,BERRIEN,G1300190,3155,Republican,368,11.664025356576863
GA,BERRIEN,G1300190,3155,Other,0,0
GA,BIBB,G1300210,24910,Democratic,14386,57.751906864712964
GA,BIBB,G1300210,24910,Republican,10522,42.24006423123244
GA,BIBB,G1300210,24910,Other,0,0
GA,BLECKLEY,G1300230,2384,Democratic,1751,73.44798657718121
GA,BLECKLEY,G1300230,2384,Republican,633,26.552013422818792
GA,BLECKLEY,G1300230,2384,Other,0,0
GA,BRANTLEY,G1300250,1677,Democratic,1333,79.48717948717949
GA,BRANTLEY,G1300250,1677,Republican,344,20.51282051282051
GA,BRANTLEY,G1300250,1677,Other,0,0
GA,BROOKS,G1300270,2287,Democratic,1500,65.58810668998689
GA,BROOKS,G1300270,2287,Republican,765,33.44993441189331
GA,BROOKS,G1300270,2287,Other,22,0.9619588981198076
GA,BRYAN,G1300290,1751,Democratic,1323,75.55682467161621
GA,BRYAN,G1300290,1751,Republican,428,24.44317532838378
GA,BRYAN,G1300290,1751,Other,0,0
GA,BULLOCH,G1300310,4879,Democratic,3373,69.13301906128305
GA,BULLOCH,G1300310,4879,Republican,1506,30.86698093871695
GA,BULLOCH,G1300310,4879,Other,0,0
GA,BURKE,G1300330,2189,Democratic,1162,53.08359981726816
GA,BURKE,G1300330,2189,Republican,1027,46.91640018273184
GA,BURKE,G1300330,2189,Other,0,0
GA,BUTTS,G1300350,2055,Democratic,1673,81.41119221411192
GA,BUTTS,G1300350,2055,Republican,382,18.58880778588808
GA,BUTTS,G1300350,2055,Other,0,0
GA,CALHOUN,G1300370,934,Democratic,803,85.97430406852249
GA,CALHOUN,G1300370,934,Republican,131,14.025695931477516
GA,CALHOUN,G1300370,934,Other,0,0
GA,CAMDEN,G1300390,2271,Democratic,1321,58.16820783795684
GA,CAMDEN,G1300390,2271,Republican,950,41.83179216204315
GA,CAMDEN,G1300390,2271,Other,0,0
GA,CANDLER,G1300430,1376,Democratic,943,68.53197674418605
GA,CANDLER,G1300430,1376,Republican,433,31.468023255813954
GA,CANDLER,G1300430,1376,Other,0,0
GA,CARROLL,G1300450,6427,Democratic,4697,73.08230900886883
GA,CARROLL,G1300450,6427,Republican,1729,26.902131632176758
GA,CARROLL,G1300450,6427,Other,0,0
GA,CATOOSA,G1300470,4188,Democratic,2114,50.477554918815656
GA,CATOOSA,G1300470,4188,Republican,2074,49.52244508118434
GA,CATOOSA,G1300470,4188,Other,0,0
GA,CHARLTON,G1300490,1022,Democratic,733,71.72211350293543
GA,CHARLTON,G1300490,1022,Republican,289,28.277886497064582
GA,CHARLTON,G1300490,1022,Other,0,0
GA,CHATHAM,G1300510,34175,Democratic,16240,47.52011704462326
GA,CHATHAM,G1300510,34175,Republican,17932,52.47110460863205
GA,CHATHAM,G1300510,34175,Other,0,0
GA,CHATTAHOOCHEE,G1300530,256,Democratic,190,74.21875
GA,CHATTAHOOCHEE,G1300530,256,Republican,66,25.78125
GA,CHATTAHOOCHEE,G1300530,256,Other,0,0
GA,CHATTOOGA,G1300550,5282,Democratic,3686,69.7841726618705
GA,CHATTOOGA,G1300550,5282,Republican,1596,30.215827338129497
GA,CHATTOOGA,G1300550,5282,Other,0,0
GA,CHEROKEE,G1300570,5418,Democratic,3077,56.7921742340347
GA,CHEROKEE,G1300570,5418,Republican,2341,43.2078257659653
GA,CHEROKEE,G1300570,5418,Other,0,0
GA,CLARKE,G1300590,7062,Democratic,4811,68.12517700368169
GA,CLARKE,G1300590,7062,Republican,2250,31.860662701784197
GA,CLARKE,G1300590,7062,Other,0,0
GA,CLAY,G1300610,613,Democratic,528,86.13376835236541
GA,CLAY,G1300610,613,Republican,84,13.70309951060359
GA,CLAY,G1300610,613,Other,1,0.1631321370309951
GA,CLAYTON,G1300630,8845,Democratic,5892,66.61390616167327
GA,CLAYTON,G1300630,8845,Republican,2952,33.37478801582815
GA,CLAYTON,G1300630,8845,Other,0,0
GA,CLINCH,G1300650,1295,Democratic,898,69.34362934362935
GA,CLINCH,G1300650,1295,Republican,397,30.656370656370658
GA,CLINCH,G1300650,1295,Other,0,0
GA,COBB,G1300670,21146,Democratic,12905,61.02809041899177
GA,COBB,G1300670,21146,Republican,8238,38.95772250070935
GA,COBB,G1300670,21146,Other,0,0
GA,COFFEE,G1300690,4363,Democratic,3376,77.37795095118038
GA,COFFEE,G1300690,4363,Republican,987,22.62204904881962
GA,COFFEE,G1300690,4363,Other,0,0
GA,COLQUITT,G1300710,6082,Democratic,4397,72.29529759947386
GA,COLQUITT,G1300710,6082,Republican,1685,27.704702400526145
GA,COLQUITT,G1300710,6082,Other,0,0
GA,COLUMBIA,G1300730,2345,Democratic,1190,50.74626865671642
GA,COLUMBIA,G1300730,2345,Republican,1155,49.25373134328358
GA,COLUMBIA,G1300730,2345,Other,0,0
GA,COOK,G1300750,2334,Democratic,1935,82.90488431876607
GA,COOK,G1300750,2334,Republican,399,17.09511568123393
GA,COOK,G1300750,2334,Other,0,0
GA,COWETA,G1300770,5014,Democratic,3855,76.88472277622657
GA,COWETA,G1300770,5014,Republican,1159,23.115277223773433
GA,COWETA,G1300770,5014,Other,0,0
GA,CRAWFORD,G1300790,1000,Democratic,797,79.7
GA,CRAWFORD,G1300790,1000,Republican,203,20.3
GA,CRAWFORD,G1300790,1000,Other,0,0
GA,CRISP,G1300810,3328,Democratic,2365,71.06370192307693
GA,CRISP,G1300810,3328,Republican,963,28.936298076923077
GA,CRISP,G1300810,3328,Other,0,0
GA,DADE,G1300830,1852,Democratic,943,50.91792656587473
GA,DADE,G1300830,1852,Republican,909,49.08207343412527
GA,DADE,G1300830,1852,Other,0,0
GA,DAWSON,G1300850,1317,Democratic,916,69.55201214882308
GA,DAWSON,G1300850,1317,Republican,401,30.447987851176915
GA,DAWSON,G1300850,1317,Other,0,0
GA,DECATUR,G1300870,3698,Democratic,2780,75.17577068685776
GA,DECATUR,G1300870,3698,Republican,918,24.82422931314224
GA,DECATUR,G1300870,3698,Other,0,0
GA,DE KALB,G1300890,48162,Democratic,24115,50.07059507495536
GA,DE KALB,G1300890,48162,Republican,24042,49.91902329637474
GA,DE KALB,G1300890,48162,Other,0,0
GA,DODGE,G1300910,4765,Democratic,3630,76.18048268625394
GA,DODGE,G1300910,4765,Republican,1134,23.79853095487933
GA,DODGE,G1300910,4765,Other,1,0.02098635886673662
GA,DOOLY,G1300930,1953,Democratic,1733,88.7352790578597
GA,DOOLY,G1300930,1953,Republican,220,11.264720942140297
GA,DOOLY,G1300930,1953,Other,0,0
GA,DOUGHERTY,G1300950,8845,Democratic,4522,51.124929338609384
GA,DOUGHERTY,G1300950,8845,Republican,4323,48.875070661390616
GA,DOUGHERTY,G1300950,8845,Other,0,0
GA,DOUGLAS,G1300970,3713,Democratic,2576,69.37786156746566
GA,DOUGLAS,G1300970,3713,Republican,1136,30.59520603285753
GA,DOUGLAS,G1300970,3713,Other,1,0.026932399676811204
GA,EARLY,G1300990,2158,Democratic,1904,88.22984244670991
GA,EARLY,G1300990,2158,Republican,254,11.770157553290083
GA,EARLY,G1300990,2158,Other,0,0
GA,ECHOLS,G1301010,366,Democratic,257,70.21857923497268
GA,ECHOLS,G1301010,366,Republican,108,29.508196721311474
GA,ECHOLS,G1301010,366,Other,1,0.273224043715847
GA,EFFINGHAM,G1301030,1765,Democratic,880,49.858356940509914
GA,EFFINGHAM,G1301030,1765,Republican,885,50.14164305949008
GA,EFFINGHAM,G1301030,1765,Other,0,0
GA,ELBERT,G1301050,4281,Democratic,3672,85.77435178696567
GA,ELBERT,G1301050,4281,Republican,609,14.225648213034336
GA,ELBERT,G1301050,4281,Other,0,0
GA,EMANUEL,G1301070,3633,Democratic,2513,69.17148362235068
GA,EMANUEL,G1301070,3633,Republican,1120,30.828516377649322
GA,EMANUEL,G1301070,3633,Other,0,0
GA,EVANS,G1301090,1636,Democratic,1069,65.34229828850856
GA,EVANS,G1301090,1636,Republican,567,34.65770171149144
GA,EVANS,G1301090,1636,Other,0,0
GA,FANNIN,G1301110,4601,Democratic,1579,34.31862638556836
GA,FANNIN,G1301110,4601,Republican,3022,65.68137361443165
GA,FANNIN,G1301110,4601,Other,0,0
GA,FAYETTE,G1301130,1557,Democratic,1198,76.94283879254978
GA,FAYETTE,G1301130,1557,Republican,359,23.057161207450225
GA,FAYETTE,G1301130,1557,Other,0,0
GA,FLOYD,G1301150,13458,Democratic,7349,54.60692524892258
GA,FLOYD,G1301150,13458,Republican,6107,45.378213701887354
GA,FLOYD,G1301150,13458,Other,0,0
GA,FORSYTH,G1301170,3150,Democratic,2309,73.3015873015873
GA,FORSYTH,G1301170,3150,Republican,841,26.6984126984127
GA,FORSYTH,G1301170,3150,Other,0,0
GA,FRANKLIN,G1301190,3517,Democratic,3209,91.24253625248791
GA,FRANKLIN,G1301190,3517,Republican,308,8.757463747512084
GA,FRANKLIN,G1301190,3517,Other,0,0
GA,FULTON,G1301210,109813,Democratic,55796,50.81001338639323
GA,FULTON,G1301210,109813,Republican,53929,49.10985038201306
GA,FULTON,G1301210,109813,Other,66,0.06010217369528198
GA,GILMER,G1301230,3322,Democratic,1472,44.31065623118604
GA,GILMER,G1301230,3322,Republican,1850,55.68934376881397
GA,GILMER,G1301230,3322,Other,0,0
GA,GLASCOCK,G1301250,479,Democratic,299,62.421711899791234
GA,GLASCOCK,G1301250,479,Republican,180,37.578288100208766
GA,GLASCOCK,G1301250,479,Other,0,0
GA,GLYNN,G1301270,6510,Democratic,3584,55.053763440860216
GA,GLYNN,G1301270,6510,Republican,2926,44.946236559139784
GA,GLYNN,G1301270,6510,Other,0,0
GA,GORDON,G1301290,3301,Democratic,2153,65.22265980006058
GA,GORDON,G1301290,3301,Republican,1148,34.77734019993941
GA,GORDON,G1301290,3301,Other,0,0
GA,GRADY,G1301310,3134,Democratic,2541,81.07849393746011
GA,GRADY,G1301310,3134,Republican,592,18.889597957881303
GA,GRADY,G1301310,3134,Other,1,0.031908104658583285
GA,GREENE,G1301330,2307,Democratic,1979,85.7824013870828
GA,GREENE,G1301330,2307,Republican,328,14.21759861291721
GA,GREENE,G1301330,2307,Other,0,0
GA,GWINNETT,G1301350,8815,Democratic,6478,73.48837209302326
GA,GWINNETT,G1301350,8815,Republican,2336,26.500283607487233
GA,GWINNETT,G1301350,8815,Other,0,0
GA,HABERSHAM,G1301370,3425,Democratic,2530,73.86861313868613
GA,HABERSHAM,G1301370,3425,Republican,895,26.13138686131387
GA,HABERSHAM,G1301370,3425,Other,0,0
GA,HALL,G1301390,9206,Democratic,6302,68.45535520312839
GA,HALL,G1301390,9206,Republican,2903,31.53378231588095
GA,HALL,G1301390,9206,Other,0,0
GA,HANCOCK,G1301410,1066,Democratic,780,73.17073170731707
GA,HANCOCK,G1301410,1066,Republican,286,26.82926829268293
GA,HANCOCK,G1301410,1066,Other,0,0
GA,HARALSON,G1301430,4652,Democratic,2783,59.82373172828891
GA,HARALSON,G1301430,4652,Republican,1869,40.17626827171109
GA,HARALSON,G1301430,4652,Other,0,0
GA,HARRIS,G1301450,2103,Democratic,1362,64.76462196861627
GA,HARRIS,G1301450,2103,Republican,735,34.950071326676174
GA,HARRIS,G1301450,2103,Other,6,0.28530670470756064
GA,HART,G1301470,4238,Democratic,3963,93.511090136857
GA,HART,G1301470,4238,Republican,275,6.488909863142991
GA,HART,G1301470,4238,Other,0,0
GA,HEARD,G1301490,1405,Democratic,1224,87.11743772241994
GA,HEARD,G1301490,1405,Republican,181,12.882562277580071
GA,HEARD,G1301490,1405,Other,0,0
GA,HENRY,G1301510,3998,Democratic,2957,73.96198099049525
GA,HENRY,G1301510,3998,Republican,1041,26.038019009504755
GA,HENRY,G1301510,3998,Other,0,0
GA,HOUSTON,G1301530,5790,Democratic,4033,69.6545768566494
GA,HOUSTON,G1301530,5790,Republican,1757,30.3454231433506
GA,HOUSTON,G1301530,5790,Other,0,0
GA,IRWIN,G1301550,1979,Democratic,1625,82.1121778676099
GA,IRWIN,G1301550,1979,Republican,352,17.78676099039919
GA,IRWIN,G1301550,1979,Other,2,0.1010611419909045
GA,JACKSON,G1301570,4125,Democratic,3653,88.55757575757576
GA,JACKSON,G1301570,4125,Republican,472,11.442424242424243
GA,JACKSON,G1301570,4125,Other,0,0
GA,JASPER,G1301590,1220,Democratic,949,77.78688524590164
GA,JASPER,G1301590,1220,Republican,271,22.213114754098363
GA,JASPER,G1301590,1220,Other,0,0
GA,JEFF DAVIS,G1301610,1227,Democratic,825,67.23716381418093
GA,JEFF DAVIS,G1301610,1227,Republican,402,32.76283618581907
GA,JEFF DAVIS,G1301610,1227,Other,0,0
GA,JEFFERSON,G1301630,2256,Democratic,1270,56.294326241134755
GA,JEFFERSON,G1301630,2256,Republican,986,43.705673758865245
GA,JEFFERSON,G1301630,2256,Other,0,0
GA,JENKINS,G1301650,1667,Democratic,1354,81.22375524895021
GA,JENKINS,G1301650,1667,Republican,313,18.776244751049788
GA,JENKINS,G1301650,1667,Other,0,0
GA,JOHNSON,G1301670,1786,Democratic,1298,72.67637178051511
GA,JOHNSON,G1301670,1786,Republican,488,27.32362821948488
GA,JOHNSON,G1301670,1786,Other,0,0
GA,JONES,G1301690,1904,Democratic,1415,74.3172268907563
GA,JONES,G1301690,1904,Republican,489,25.682773109243694
GA,JONES,G1301690,1904,Other,0,0
GA,LAMAR,G1301710,1842,Democratic,1363,73.9956568946797
GA,LAMAR,G1301710,1842,Republican,479,26.004343105320306
GA,LAMAR,G1301710,1842,Other,0,0
GA,LANIER,G1301730,1247,Democratic,1049,84.12189254210104
GA,LANIER,G1301730,1247,Republican,198,15.878107457898958
GA,LANIER,G1301730,1247,Other,0,0
GA,LAURENS,G1301750,6532,Democratic,4648,71.1573790569504
GA,LAURENS,G1301750,6532,Republican,1884,28.842620943049603
GA,LAURENS,G1301750,6532,Other,0,0
GA,LEE,G1301770,609,Democratic,404,66.33825944170772
GA,LEE,G1301770,609,Republican,191,31.362889983579638
GA,LEE,G1301770,609,Other,14,2.2988505747126435
GA,LIBERTY,G1301790,2519,Democratic,1590,63.12028582770941
GA,LIBERTY,G1301790,2519,Republican,929,36.87971417229059
GA,LIBERTY,G1301790,2519,Other,0,0
GA,LINCOLN,G1301810,866,Democratic,669,77.25173210161664
GA,LINCOLN,G1301810,866,Republican,197,22.74826789838337
GA,LINCOLN,G1301810,866,Other,0,0
GA,LONG,G1301830,1176,Democratic,278,23.639455782312925
GA,LONG,G1301830,1176,Republican,898,76.36054421768708
GA,LONG,G1301830,1176,Other,0,0
GA,LOWNDES,G1301850,6513,Democratic,3605,55.350836787962535
GA,LOWNDES,G1301850,6513,Republican,2907,44.63380930446799
GA,LOWNDES,G1301850,6513,Other,0,0
GA,LUMPKIN,G1301870,1370,Democratic,875,63.868613138686136
GA,LUMPKIN,G1301870,1370,Republican,495,36.13138686131387
GA,LUMPKIN,G1301870,1370,Other,0,0
GA,MCDUFFIE,G1301890,2118,Democratic,1079,50.94428706326723
GA,MCDUFFIE,G1301890,2118,Republican,1039,49.05571293673277
GA,MCDUFFIE,G1301890,2118,Other,0,0
GA,MCINTOSH,G1301910,1245,Democratic,794,63.77510040160642
GA,MCINTOSH,G1301910,1245,Republican,451,36.22489959839357
GA,MCINTOSH,G1301910,1245,Other,0,0
GA,MACON,G1301930,1926,Democratic,1488,77.25856697819314
GA,MACON,G1301930,1926,Republican,438,22.741433021806852
GA,MACON,G1301930,1926,Other,0,0
GA,MADISON,G1301950,2625,Democratic,2418,92.11428571428571
GA,MADISON,G1301950,2625,Republican,205,7.809523809523809
GA,MADISON,G1301950,2625,Other,2,0.0761904761904762
GA,MARION,G1301970,799,Democratic,645,80.72590738423028
GA,MARION,G1301970,799,Republican,154,19.27409261576971
GA,MARION,G1301970,799,Other,0,0
GA,MERIWETHER,G1301990,3806,Democratic,3100,81.4503415659485
GA,MERIWETHER,G1301990,3806,Republican,706,18.549658434051498
GA,MERIWETHER,G1301990,3806,Other,0,0
GA,MILLER,G1302010,1178,Democratic,1116,94.73684210526315
GA,MILLER,G1302010,1178,Republican,62,5.263157894736842
GA,MILLER,G1302010,1178,Other,0,0
GA,MITCHELL,G1302050,3708,Democratic,3264,88.02588996763754
GA,MITCHELL,G1302050,3708,Republican,430,11.596548004314995
GA,MITCHELL,G1302050,3708,Other,14,0.37756202804746497
GA,MONROE,G1302070,2247,Democratic,1642,73.0752113929684
GA,MONROE,G1302070,2247,Republican,581,25.85669781931464
GA,MONROE,G1302070,2247,Other,24,1.0680907877169559
GA,MONTGOMERY,G1302090,1832,Democratic,1451,79.20305676855895
GA,MONTGOMERY,G1302090,1832,Republican,381,20.79694323144105
GA,MONTGOMERY,G1302090,1832,Other,0,0
GA,MORGAN,G1302110,1861,Democratic,1488,79.9570123589468
GA,MORGAN,G1302110,1861,Republican,373,20.042987641053198
GA,MORGAN,G1302110,1861,Other,0,0
GA,MURRAY,G1302130,2801,Democratic,1876,66.97607997143878
GA,MURRAY,G1302130,2801,Republican,925,33.02392002856123
GA,MURRAY,G1302130,2801,Other,0,0
GA,MUSCOGEE,G1302150,18136,Democratic,8553,47.16034406704897
GA,MUSCOGEE,G1302150,18136,Republican,9578,52.81208645787384
GA,MUSCOGEE,G1302150,18136,Other,4,0.022055580061755623
GA,NEWTON,G1302170,3893,Democratic,3185,81.81351143077318
GA,NEWTON,G1302170,3893,Republican,708,18.186488569226817
GA,NEWTON,G1302170,3893,Other,0,0
GA,OCONEE,G1302190,1515,Democratic,1218,80.3960396039604
GA,OCONEE,G1302190,1515,Republican,297,19.603960396039604
GA,OCONEE,G1302190,1515,Other,0,0
GA,OGLETHORPE,G1302210,1548,Democratic,1406,90.82687338501292
GA,OGLETHORPE,G1302210,1548,Republican,142,9.17312661498708
GA,OGLETHORPE,G1302210,1548,Other,0,0
GA,PAULDING,G1302230,3208,Democratic,2396,74.68827930174564
GA,PAULDING,G1302230,3208,Republican,812,25.311720698254366
GA,PAULDING,G1302230,3208,Other,0,0
GA,PEACH,G1302250,2073,Democratic,1433,69.12686927158708
GA,PEACH,G1302250,2073,Republican,628,30.294259527255186
GA,PEACH,G1302250,2073,Other,12,0.5788712011577424
GA,PICKENS,G1302270,3416,Democratic,1473,43.12060889929742
GA,PICKENS,G1302270,3416,Republican,1943,56.879391100702584
GA,PICKENS,G1302270,3416,Other,0,0
GA,PIERCE,G1302290,1995,Democratic,1449,72.63157894736842
GA,PIERCE,G1302290,1995,Republican,544,27.268170426065165
GA,PIERCE,G1302290,1995,Other,2,0.10025062656641603
GA,PIKE,G1302310,1283,Democratic,1028,80.12470771628995
GA,PIKE,G1302310,1283,Republican,255,19.875292283710056
GA,PIKE,G1302310,1283,Other,0,0
GA,POLK,G1302330,6097,Democratic,4351,71.36296539281614
GA,POLK,G1302330,6097,Republican,1746,28.63703460718386
GA,POLK,G1302330,6097,Other,0,0
GA,PULASKI,G1302350,1490,Democratic,1156,77.58389261744966
GA,PULASKI,G1302350,1490,Republican,334,22.416107382550337
GA,PULASKI,G1302350,1490,Other,0,0
GA,PUTNAM,G1302370,1409,Democratic,1104,78.35344215755855
GA,PUTNAM,G1302370,1409,Republican,305,21.646557842441446
GA,PUTNAM,G1302370,1409,Other,0,0
GA,QUITMAN,G1302390,455,Democratic,388,85.27472527472527
GA,QUITMAN,G1302390,455,Republican,67,14.725274725274726
GA,QUITMAN,G1302390,455,Other,0,0
GA,RABUN,G1302410,2016,Democratic,1552,76.98412698412699
GA,RABUN,G1302410,2016,Republican,464,23.015873015873016
GA,RABUN,G1302410,2016,Other,0,0
GA,RANDOLPH,G1302430,1893,Democratic,1436,75.85842577918648
GA,RANDOLPH,G1302430,1893,Republican,457,24.141574220813524
GA,RANDOLPH,G1302430,1893,Other,0,0
GA,RICHMOND,G1302450,21849,Democratic,9867,45.159961554304545
GA,RICHMOND,G1302450,21849,Republican,11978,54.82173097166918
GA,RICHMOND,G1302450,21849,Other,2,0.009153737013135613
GA,ROCKDALE,G1302470,2261,Democratic,1765,78.06280406899602
GA,ROCKDALE,G1302470,2261,Republican,496,21.93719593100398
GA,ROCKDALE,G1302470,2261,Other,0,0
GA,SCHLEY,G1302490,605,Democratic,467,77.1900826446281
GA,SCHLEY,G1302490,605,Republican,138,22.8099173553719
GA,SCHLEY,G1302490,605,Other,0,0
GA,SCREVEN,G1302510,2489,Democratic,1490,59.86339895540378
GA,SCREVEN,G1302510,2489,Republican,957,38.44917637605464
GA,SCREVEN,G1302510,2489,Other,42,1.687424668541583
GA,SEMINOLE,G1302530,1656,Democratic,1579,95.35024154589372
GA,SEMINOLE,G1302530,1656,Republican,77,4.64975845410628
GA,SEMINOLE,G1302530,1656,Other,0,0
GA,SPALDING,G1302550,6179,Democratic,4425,71.61352969736203
GA,SPALDING,G1302550,6179,Republican,1753,28.370286454118787
GA,SPALDING,G1302550,6179,Other,0,0
GA,STEPHENS,G1302570,3902,Democratic,3087,79.11327524346488
GA,STEPHENS,G1302570,3902,Republican,815,20.88672475653511
GA,STEPHENS,G1302570,3902,Other,0,0
GA,STEWART,G1302590,948,Democratic,646,68.14345991561181
GA,STEWART,G1302590,948,Republican,302,31.856540084388186
GA,STEWART,G1302590,948,Other,0,0
GA,SUMTER,G1302610,3236,Democratic,2274,70.27194066749072
GA,SUMTER,G1302610,3236,Republican,962,29.72805933250927
GA,SUMTER,G1302610,3236,Other,0,0
GA,TALBOT,G1302630,978,Democratic,771,78.83435582822086
GA,TALBOT,G1302630,978,Republican,207,21.165644171779142
GA,TALBOT,G1302630,978,Other,0,0
GA,TALIAFERRO,G1302650,803,Democratic,655,81.56911581569116
GA,TALIAFERRO,G1302650,803,Republican,148,18.43088418430884
GA,TALIAFERRO,G1302650,803,Other,0,0
GA,TATTNALL,G1302670,2777,Democratic,1908,68.70723802664746
GA,TATTNALL,G1302670,2777,Republican,869,31.29276197335254
GA,TATTNALL,G1302670,2777,Other,0,0
GA,TAYLOR,G1302690,1566,Democratic,1201,76.69220945083013
GA,TAYLOR,G1302690,1566,Republican,365,23.30779054916986
GA,TAYLOR,G1302690,1566,Other,0,0
GA,TELFAIR,G1302710,3713,Democratic,2922,78.69647185564233
GA,TELFAIR,G1302710,3713,Republican,791,21.30352814435766
GA,TELFAIR,G1302710,3713,Other,0,0
GA,TERRELL,G1302730,1641,Democratic,1352,82.38878732480195
GA,TERRELL,G1302730,1641,Republican,285,17.36745886654479
GA,TERRELL,G1302730,1641,Other,4,0.2437538086532602
GA,THOMAS,G1302750,5511,Democratic,3226,58.53747051351842
GA,THOMAS,G1302750,5511,Republican,2285,41.46252948648158
GA,THOMAS,G1302750,5511,Other,0,0
GA,TIFT,G1302770,4387,Democratic,2964,67.56325507180306
GA,TIFT,G1302770,4387,Republican,1423,32.436744928196944
GA,TIFT,G1302770,4387,Other,0,0
GA,TOOMBS,G1302790,3247,Democratic,2209,68.032029565753
GA,TOOMBS,G1302790,3247,Republican,1038,31.967970434246993
GA,TOOMBS,G1302790,3247,Other,0,0
GA,TOWNS,G1302810,2324,Democratic,1052,45.26678141135972
GA,TOWNS,G1302810,2324,Republican,1272,54.73321858864028
GA,TOWNS,G1302810,2324,Other,0,0
GA,TREUTLEN,G1302830,1143,Democratic,927,81.10236220472441
GA,TREUTLEN,G1302830,1143,Republican,216,18.89763779527559
GA,TREUTLEN,G1302830,1143,Other,0,0
GA,TROUP,G1302850,8553,Democratic,5744,67.15772243657196
GA,TROUP,G1302850,8553,Republican,2808,32.83058575938267
GA,TROUP,G1302850,8553,Other,0,0
GA,TURNER,G1302870,1873,Democratic,1545,82.48798718633209
GA,TURNER,G1302870,1873,Republican,328,17.512012813667912
GA,TURNER,G1302870,1873,Other,0,0
GA,TWIGGS,G1302890,1108,Democratic,845,76.26353790613717
GA,TWIGGS,G1302890,1108,Republican,263,23.736462093862816
GA,TWIGGS,G1302890,1108,Other,0,0
GA,UNION,G1302910,2722,Democratic,1185,43.53416605437179
GA,UNION,G1302910,2722,Republican,1537,56.46583394562822
GA,UNION,G1302910,2722,Other,0,0
GA,UPSON,G1302930,4263,Democratic,3262,76.51888341543514
GA,UPSON,G1302930,4263,Republican,1001,23.48111658456486
GA,UPSON,G1302930,4263,Other,0,0
GA,WALKER,G1302950,8606,Democratic,4565,53.044387636532655
GA,WALKER,G1302950,8606,Republican,4027,46.79293516151522
GA,WALKER,G1302950,8606,Other,13,0.1510574018126888
GA,WALTON,G1302970,3499,Democratic,3095,88.45384395541583
GA,WALTON,G1302970,3499,Republican,403,11.517576450414404
GA,WALTON,G1302970,3499,Other,1,0.02857959416976279
GA,WARE,G1302990,7334,Democratic,5099,69.5254976820289
GA,WARE,G1302990,7334,Republican,2235,30.47450231797109
GA,WARE,G1302990,7334,Other,0,0
GA,WARREN,G1303010,846,Democratic,471,55.673758865248224
GA,WARREN,G1303010,846,Republican,375,44.32624113475177
GA,WARREN,G1303010,846,Other,0,0
GA,WASHINGTON,G1303030,2962,Democratic,2004,67.65698852126941
GA,WASHINGTON,G1303030,2962,Republican,956,32.27548953409858
GA,WASHINGTON,G1303030,2962,Other,2,0.0675219446320054
GA,WAYNE,G1303050,4246,Democratic,2862,67.40461610927933
GA,WAYNE,G1303050,4246,Republican,1384,32.59538389072068
GA,WAYNE,G1303050,4246,Other,0,0
GA,WEBSTER,G1303070,374,Democratic,297,79.41176470588235
GA,WEBSTER,G1303070,374,Republican,77,20.588235294117645
GA,WEBSTER,G1303070,374,Other,0,0
GA,WHEELER,G1303090,1196,Democratic,970,81.10367892976589
GA,WHEELER,G1303090,1196,Republican,226,18.896321070234116
GA,WHEELER,G1303090,1196,Other,0,0
GA,WHITE,G1303110,2446,Democratic,1784,72.93540474243663
GA,WHITE,G1303110,2446,Republican,662,27.06459525756337
GA,WHITE,G1303110,2446,Other,0,0
GA,WHITFIELD,G1303130,7754,Democratic,3603,46.46633995357235
GA,WHITFIELD,G1303130,7754,Republican,4148,53.49497033789012
GA,WHITFIELD,G1303130,7754,Other,2,0.025793139025019347
GA,WILCOX,G1303150,2020,Democratic,1714,84.85148514851485
GA,WILCOX,G1303150,2020,Republican,306,15.148514851485148
GA,WILCOX,G1303150,2020,Other,0,0
GA,WILKES,G1303170,2181,Democratic,1786,81.88904172397983
GA,WILKES,G1303170,2181,Republican,395,18.110958276020174
GA,WILKES,G1303170,2181,Other,0,0
GA,WILKINSON,G1303190,1955,Democratic,1324,67.72378516624042
GA,WILKINSON,G1303190,1955,Republican,631,32.27621483375959
GA,WILKINSON,G1303190,1955,Other,0,0
GA,WORTH,G1303210,2448,Democratic,2110,86.19281045751634
GA,WORTH,G1303210,2448,Republican,338,13.80718954248366
GA,WORTH,G1303210,2448,Other,0,0
LA,ACADIA,G2200010,15084,Democratic,11440,75.8419517369398
LA,ACADIA,G2200010,15084,Republican,2616,17.342879872712807
LA,ACADIA,G2200010,15084,Other,1027,6.808538849111641
LA,ALLEN,G2200030,6215,Democratic,3718,59.823008849557525
LA,ALLEN,G2200030,6215,Republican,1676,26.967015285599356
LA,ALLEN,G2200030,6215,Other,820,13.193885760257443
LA,ASCENSION,G2200050,7610,Democratic,5688,74.7437582128778
LA,ASCENSION,G2200050,7610,Republican,1011,13.28515111695138
LA,ASCENSION,G2200050,7610,Other,909,11.944809461235216
LA,ASSUMPTION,G2200070,4211,Democratic,3019,71.69318451674187
LA,ASSUMPTION,G2200070,4211,Republican,766,18.190453573972928
LA,ASSUMPTION,G2200070,4211,Other,426,10.116361909285205
LA,AVOYELLES,G2200090,10035,Democratic,7625,75.9840558046836
LA,AVOYELLES,G2200090,10035,Republican,1269,12.645739910313903
LA,AVOYELLES,G2200090,10035,Other,1140,11.360239162929746
LA,BEAUREGARD,G2200110,5965,Democratic,2903,48.66722548197821
LA,BEAUREGARD,G2200110,5965,Republican,2432,40.771165129924555
LA,BEAUREGARD,G2200110,5965,Other,630,10.561609388097235
LA,BIENVILLE,G2200130,3548,Democratic,625,17.61555806087937
LA,BIENVILLE,G2200130,3548,Republican,1230,34.667418263810596
LA,BIENVILLE,G2200130,3548,Other,1693,47.71702367531003
LA,BOSSIER,G2200150,8720,Democratic,2197,25.194954128440365
LA,BOSSIER,G2200150,8720,Republican,3429,39.32339449541284
LA,BOSSIER,G2200150,8720,Other,3093,35.47018348623853
LA,CADDO,G2200170,46301,Democratic,11478,24.789961339927864
LA,CADDO,G2200170,46301,Republican,25137,54.29040409494396
LA,CADDO,G2200170,46301,Other,9677,20.900196540031533
LA,CALCASIEU,G2200190,37627,Democratic,24232,64.40056342519999
LA,CALCASIEU,G2200190,37627,Republican,10242,27.219815557976982
LA,CALCASIEU,G2200190,37627,Other,3149,8.368990352672283
LA,CALDWELL,G2200210,2041,Democratic,694,34.00293973542381
LA,CALDWELL,G2200210,2041,Republican,716,35.08084272415483
LA,CALDWELL,G2200210,2041,Other,631,30.916217540421364
LA,CAMERON,G2200230,2340,Democratic,1944,83.07692307692308
LA,CAMERON,G2200230,2340,Republican,322,13.760683760683762
LA,CAMERON,G2200230,2340,Other,74,3.1623931623931623
LA,CATAHOULA,G2200250,2132,Democratic,558,26.172607879924954
LA,CATAHOULA,G2200250,2132,Republican,971,45.54409005628518
LA,CATAHOULA,G2200250,2132,Other,603,28.28330206378987
LA,CLAIBORNE,G2200270,3854,Democratic,489,12.688116242864556
LA,CLAIBORNE,G2200270,3854,Republican,1336,34.665282823041
LA,CLAIBORNE,G2200270,3854,Other,2029,52.646600934094444
LA,CONCORDIA,G2200290,3331,Democratic,768,23.056139297508256
LA,CONCORDIA,G2200290,3331,Republican,1009,30.291203842689885
LA,CONCORDIA,G2200290,3331,Other,1554,46.65265685980186
LA,DE SOTO,G2200310,4439,Democratic,1183,26.650146429375987
LA,DE SOTO,G2200310,4439,Republican,1603,36.111736877675156
LA,DE SOTO,G2200310,4439,Other,1653,37.238116692948864
LA,EAST BATON ROUGE,G2200330,56435,Democratic,26321,46.63949676619119
LA,EAST BATON ROUGE,G2200330,56435,Republican,17749,31.450341100380967
LA,EAST BATON ROUGE,G2200330,56435,Other,12359,21.899530433241782
LA,EAST CARROLL,G2200350,1524,Democratic,364,23.88451443569554
LA,EAST CARROLL,G2200350,1524,Republican,448,29.396325459317584
LA,EAST CARROLL,G2200350,1524,Other,712,46.71916010498688
LA,EAST FELICIANA,G2200370,1927,Democratic,475,24.649714582252205
LA,EAST FELICIANA,G2200370,1927,Republican,313,16.242864556305136
LA,EAST FELICIANA,G2200370,1927,Other,1139,59.10742086144266
LA,EVANGELINE,G2200390,9764,Democratic,7865,80.55100368701352
LA,EVANGELINE,G2200390,9764,Republican,1104,11.30684145841868
LA,EVANGELINE,G2200390,9764,Other,794,8.131913150348218
LA,FRANKLIN,G2200410,4039,Democratic,1213,30.032186184699185
LA,FRANKLIN,G2200410,4039,Republican,1336,33.077494429314186
LA,FRANKLIN,G2200410,4039,Other,1490,36.89031938598663
LA,GRANT,G2200430,3882,Democratic,1219,31.40133951571355
LA,GRANT,G2200430,3882,Republican,1254,32.30293663060278
LA,GRANT,G2200430,3882,Other,1409,36.29572385368367
LA,IBERIA,G2200450,15470,Democratic,9234,59.68972204266322
LA,IBERIA,G2200450,15470,Republican,3550,22.94764059469942
LA,IBERIA,G2200450,15470,Other,2682,17.33678086619263
LA,IBERVILLE,G2200470,6309,Democratic,4558,72.24599778094786
LA,IBERVILLE,G2200470,6309,Republican,1000,15.85037248375337
LA,IBERVILLE,G2200470,6309,Other,751,11.903629735298779
LA,JACKSON,G2200490,4100,Democratic,1398,34.09756097560976
LA,JACKSON,G2200490,4100,Republican,1799,43.8780487804878
LA,JACKSON,G2200490,4100,Other,903,22.024390243902438
LA,JEFFERSON,G2200510,62638,Democratic,32115,51.27079408665666
LA,JEFFERSON,G2200510,62638,Republican,17213,27.480123886458703
LA,JEFFERSON,G2200510,62638,Other,13298,21.229924327085794
LA,JEFFERSON DAVIS,G2200530,8712,Democratic,5903,67.75711662075298
LA,JEFFERSON DAVIS,G2200530,8712,Republican,2250,25.826446280991732
LA,JEFFERSON DAVIS,G2200530,8712,Other,557,6.393480257116621
LA,LAFAYETTE,G2200550,22684,Democratic,14130,62.2906013048845
LA,LAFAYETTE,G2200550,22684,Republican,6045,26.648739199435727
LA,LAFAYETTE,G2200550,22684,Other,2504,11.03861752777288
LA,LAFOURCHE,G2200570,16055,Democratic,12244,76.26284646527562
LA,LAFOURCHE,G2200570,16055,Republican,2928,18.237309249455
LA,LAFOURCHE,G2200570,16055,Other,880,5.481158517595765
LA,LA SALLE,G2200590,3842,Democratic,843,21.941697032795417
LA,LA SALLE,G2200590,3842,Republican,2123,55.25767829255596
LA,LA SALLE,G2200590,3842,Other,876,22.80062467464862
LA,LINCOLN,G2200610,5109,Democratic,1051,20.571540418868665
LA,LINCOLN,G2200610,5109,Republican,2766,54.139753376394594
LA,LINCOLN,G2200610,5109,Other,1292,25.288706204736737
LA,LIVINGSTON,G2200630,6628,Democratic,2881,43.467109233554616
LA,LIVINGSTON,G2200630,6628,Republican,954,14.393482196741097
LA,LIVINGSTON,G2200630,6628,Other,2792,42.12432106216053
LA,MADISON,G2200650,1888,Democratic,235,12.447033898305085
LA,MADISON,G2200650,1888,Republican,629,33.315677966101696
LA,MADISON,G2200650,1888,Other,1024,54.23728813559322
LA,MOREHOUSE,G2200670,4780,Democratic,1085,22.698744769874477
LA,MOREHOUSE,G2200670,4780,Republican,2551,53.36820083682008
LA,MOREHOUSE,G2200670,4780,Other,1144,23.93305439330544
LA,NATCHITOCHES,G2200690,7060,Democratic,2781,39.390934844192635
LA,NATCHITOCHES,G2200690,7060,Republican,2561,36.274787535410766
LA,NATCHITOCHES,G2200690,7060,Other,1717,24.320113314447593
LA,ORLEANS,G2200710,175767,Democratic,87233,49.62990777563479
LA,ORLEANS,G2200710,175767,Republican,47106,26.800252607144685
LA,ORLEANS,G2200710,175767,Other,41411,23.56016772204111
LA,OUACHITA,G2200730,19291,Democratic,5201,26.960758903115444
LA,OUACHITA,G2200730,19291,Republican,10523,54.548753304649836
LA,OUACHITA,G2200730,19291,Other,3563,18.469752734435747
LA,PLAQUEMINES,G2200750,5146,Democratic,1087,21.12320248736883
LA,PLAQUEMINES,G2200750,5146,Republican,712,13.835989117761368
LA,PLAQUEMINES,G2200750,5146,Other,3347,65.0408083948698
LA,POINTE COUPEE,G2200770,4112,Democratic,2953,71.81420233463035
LA,POINTE COUPEE,G2200770,4112,Republican,674,16.391050583657588
LA,POINTE COUPEE,G2200770,4112,Other,485,11.794747081712062
LA,RAPIDES,G2200790,23782,Democratic,9651,40.581111765200575
LA,RAPIDES,G2200790,23782,Republican,8155,34.29063997981667
LA,RAPIDES,G2200790,23782,Other,5974,25.119838533344545
LA,RED RIVER,G2200810,1917,Democratic,377,19.666145018257694
LA,RED RIVER,G2200810,1917,Republican,406,21.178925404277518
LA,RED RIVER,G2200810,1917,Other,1134,59.154929577464785
LA,RICHLAND,G2200830,3869,Democratic,996,25.743086068751612
LA,RICHLAND,G2200830,3869,Republican,1378,35.61643835616438
LA,RICHLAND,G2200830,3869,Other,1495,38.640475575084
LA,SABINE,G2200850,5889,Democratic,2412,40.95771777890983
LA,SABINE,G2200850,5889,Republican,2419,41.07658346068942
LA,SABINE,G2200850,5889,Other,1058,17.96569876040075
LA,ST BERNARD,G2200870,10949,Democratic,4660,42.56096447164124
LA,ST BERNARD,G2200870,10949,Republican,1430,13.060553475203216
LA,ST BERNARD,G2200870,10949,Other,4857,44.360215544798606
LA,ST CHARLES,G2200890,6602,Democratic,4708,71.31172372008481
LA,ST CHARLES,G2200890,6602,Republican,1377,20.857315964859133
LA,ST CHARLES,G2200890,6602,Other,517,7.830960315056043
LA,ST HELENA,G2200910,1809,Democratic,678,37.47927031509121
LA,ST HELENA,G2200910,1809,Republican,296,16.362631288004422
LA,ST HELENA,G2200910,1809,Other,835,46.158098396904364
LA,ST JAMES,G2200930,5314,Democratic,4362,82.0850583364697
LA,ST JAMES,G2200930,5314,Republican,620,11.667293940534437
LA,ST JAMES,G2200930,5314,Other,332,6.24764772299586
LA,ST JOHN THE BAPTI,G2200950,4720,Democratic,3782,80.12711864406779
LA,ST JOHN THE BAPTI,G2200950,4720,Republican,488,10.338983050847457
LA,ST JOHN THE BAPTI,G2200950,4720,Other,450,9.533898305084746
LA,ST LANDRY,G2200970,20262,Democratic,14623,72.16957852137004
LA,ST LANDRY,G2200970,20262,Republican,3082,15.210739314973843
LA,ST LANDRY,G2200970,20262,Other,2553,12.59994077583654
LA,ST MARTIN,G2200990,7063,Democratic,5506,77.95554297040917
LA,ST MARTIN,G2200990,7063,Republican,857,12.133654254566048
LA,ST MARTIN,G2200990,7063,Other,699,9.89664448534617
LA,ST MARY,G2201010,10832,Democratic,6670,61.57680945347119
LA,ST MARY,G2201010,10832,Republican,2992,27.621861152141804
LA,ST MARY,G2201010,10832,Other,1169,10.792097488921714
LA,ST TAMMANY,G2201030,11063,Democratic,5179,46.81370333544246
LA,ST TAMMANY,G2201030,11063,Republican,2850,25.761547500677935
LA,ST TAMMANY,G2201030,11063,Other,3033,27.415710024405676
LA,TANGIPAHOA,G2201050,14351,Democratic,6647,46.3173298028012
LA,TANGIPAHOA,G2201050,14351,Republican,3285,22.89039091352519
LA,TANGIPAHOA,G2201050,14351,Other,4417,30.778342972615146
LA,TENSAS,G2201070,1208,Democratic,247,20.447019867549667
LA,TENSAS,G2201070,1208,Republican,510,42.21854304635762
LA,TENSAS,G2201070,1208,Other,451,37.33443708609271
LA,TERREBONNE,G2201090,13210,Democratic,8991,68.06207418622256
LA,TERREBONNE,G2201090,13210,Republican,3125,23.65632096896291
LA,TERREBONNE,G2201090,13210,Other,1091,8.25889477668433
LA,UNION,G2201110,4063,Democratic,1034,25.449175486094017
LA,UNION,G2201110,4063,Republican,2017,49.64312084666502
LA,UNION,G2201110,4063,Other,1012,24.907703667240956
LA,VERMILLION,G2201130,14595,Democratic,11256,77.12230215827338
LA,VERMILLION,G2201130,14595,Republican,2169,14.861253854059608
LA,VERMILLION,G2201130,14595,Other,1168,8.002740664611169
LA,VERNON,G2201150,6160,Democratic,3145,51.0551948051948
LA,VERNON,G2201150,6160,Republican,1991,32.32142857142858
LA,VERNON,G2201150,6160,Other,1024,16.623376623376622
LA,WASHINGTON,G2201170,11400,Democratic,5677,49.79824561403509
LA,WASHINGTON,G2201170,11400,Republican,1847,16.20175438596491
LA,WASHINGTON,G2201170,11400,Other,3875,33.99122807017544
LA,WEBSTER,G2201190,7667,Democratic,1273,16.603625929307423
LA,WEBSTER,G2201190,7667,Republican,3139,40.94169818703535
LA,WEBSTER,G2201190,7667,Other,3255,42.45467588365723
LA,WEST BATON ROUGE,G2201210,3141,Democratic,2315,73.70264247055078
LA,WEST BATON ROUGE,G2201210,3141,Republican,390,12.416427889207258
LA,WEST BATON ROUGE,G2201210,3141,Other,436,13.880929640241963
LA,WEST CARROLL,G2201230,2423,Democratic,784,32.35658274865869
LA,WEST CARROLL,G2201230,2423,Republican,742,30.623194387123398
LA,WEST CARROLL,G2201230,2423,Other,897,37.020222864217914
LA,WEST FELICIANA,G2201250,891,Democratic,271,30.41526374859708
LA,WEST FELICIANA,G2201250,891,Republican,196,21.997755331088666
LA,WEST FELICIANA,G2201250,891,Other,424,47.586980920314254
LA,WINN,G2201270,4096,Democratic,1108,27.05078125
LA,WINN,G2201270,4096,Republican,1839,44.8974609375
LA,WINN,G2201270,4096,Other,1149,28.0517578125
MS,ADAMS,G2800010,5205,Democratic,1452,27.896253602305478
MS,ADAMS,G2800010,5205,Republican,1227,23.57348703170029
MS,ADAMS,G2800010,5205,Other,2526,48.53025936599424
MS,ALCORN,G2800030,4475,Democratic,3054,68.24581005586592
MS,ALCORN,G2800030,4475,Republican,820,18.324022346368714
MS,ALCORN,G2800030,4475,Other,601,13.430167597765363
MS,AMITE,G2800050,2276,Democratic,338,14.850615114235502
MS,AMITE,G2800050,2276,Republican,283,12.434094903339192
MS,AMITE,G2800050,2276,Other,1655,72.71528998242532
MS,ATTALA,G2800070,3268,Democratic,1337,40.91187270501836
MS,ATTALA,G2800070,3268,Republican,650,19.88984088127295
MS,ATTALA,G2800070,3268,Other,1281,39.198286413708686
MS,BENTON,G2800090,1091,Democratic,568,52.06232813932172
MS,BENTON,G2800090,1091,Republican,175,16.040329972502292
MS,BENTON,G2800090,1091,Other,348,31.897341888175983
MS,BOLIVAR,G2800110,3769,Democratic,1119,29.689572830989654
MS,BOLIVAR,G2800110,3769,Republican,1012,26.85062350756169
MS,BOLIVAR,G2800110,3769,Other,1638,43.45980366144866
MS,CALHOUN,G2800130,2447,Democratic,765,31.262770739681244
MS,CALHOUN,G2800130,2447,Republican,383,15.65181855333061
MS,CALHOUN,G2800130,2447,Other,1299,53.08541070698814
MS,CARROLL,G2800150,1472,Democratic,425,28.872282608695656
MS,CARROLL,G2800150,1472,Republican,207,14.0625
MS,CARROLL,G2800150,1472,Other,840,57.065217391304344
MS,CHICKASAW,G2800170,2538,Democratic,791,31.16627265563436
MS,CHICKASAW,G2800170,2538,Republican,385,15.16942474389283
MS,CHICKASAW,G2800170,2538,Other,1362,53.664302600472816
MS,CHOCTAW,G2800190,1646,Democratic,817,49.63547995139733
MS,CHOCTAW,G2800190,1646,Republican,245,14.88456865127582
MS,CHOCTAW,G2800190,1646,Other,584,35.47995139732685
MS,CLAIBORNE,G2800210,1036,Democratic,205,19.787644787644787
MS,CLAIBORNE,G2800210,1036,Republican,180,17.374517374517374
MS,CLAIBORNE,G2800210,1036,Other,651,62.83783783783784
MS,CLARKE,G2800230,3308,Democratic,1244,37.60580411124547
MS,CLARKE,G2800230,3308,Republican,586,17.714631197097944
MS,CLARKE,G2800230,3308,Other,1478,44.679564691656594
MS,CLAY,G2800250,2372,Democratic,626,26.39123102866779
MS,CLAY,G2800250,2372,Republican,451,19.013490725126474
MS,CLAY,G2800250,2372,Other,1295,54.59527824620574
MS,COAHOMA,G2800270,3867,Democratic,1386,35.84173778122576
MS,COAHOMA,G2800270,3867,Republican,1096,28.34238427721748
MS,COAHOMA,G2800270,3867,Other,1385,35.815877941556764
MS,COPIAH,G2800290,3614,Democratic,896,24.792473713337024
MS,COPIAH,G2800290,3614,Republican,761,21.057000553403434
MS,COPIAH,G2800290,3614,Other,1957,54.15052573325955
MS,COVINGTON,G2800310,2198,Democratic,842,38.30755232029117
MS,COVINGTON,G2800310,2198,Republican,371,16.878980891719745
MS,COVINGTON,G2800310,2198,Other,985,44.81346678798908
MS,DE SOTO,G2800330,2082,Democratic,795,38.18443804034582
MS,DE SOTO,G2800330,2082,Republican,553,26.56099903938521
MS,DE SOTO,G2800330,2082,Other,734,35.254562920268974
MS,FORREST,G2800350,8632,Democratic,2067,23.94578313253012
MS,FORREST,G2800350,8632,Republican,3411,39.51575532900834
MS,FORREST,G2800350,8632,Other,3152,36.515291936978684
MS,FRANKLIN,G2800370,1680,Democratic,441,26.25
MS,FRANKLIN,G2800370,1680,Republican,124,7.380952380952381
MS,FRANKLIN,G2800370,1680,Other,1115,66.36904761904762
MS,GEORGE,G2800390,2071,Democratic,844,40.75325929502655
MS,GEORGE,G2800390,2071,Republican,310,14.96861419604056
MS,GEORGE,G2800390,2071,Other,917,44.27812650893288
MS,GREENE,G2800410,1578,Democratic,550,34.85424588086185
MS,GREENE,G2800410,1578,Republican,247,15.652724968314322
MS,GREENE,G2800410,1578,Other,781,49.49302915082382
MS,GRENADA,G2800430,2343,Democratic,529,22.577891591976098
MS,GRENADA,G2800430,2343,Republican,682,29.107981220657276
MS,GRENADA,G2800430,2343,Other,1132,48.31412718736662
MS,HANCOCK,G2800450,3353,Democratic,2132,63.58484938860721
MS,HANCOCK,G2800450,3353,Republican,719,21.443483447658814
MS,HANCOCK,G2800450,3353,Other,502,14.97166716373397
MS,HARRISON,G2800470,16759,Democratic,8959,53.45784354675101
MS,HARRISON,G2800470,16759,Republican,5177,30.890864610060266
MS,HARRISON,G2800470,16759,Other,2619,15.627424070648607
MS,HINDS,G2800490,28988,Democratic,5809,20.03932661791086
MS,HINDS,G2800490,28988,Republican,11082,38.22961225334621
MS,HINDS,G2800490,28988,Other,12094,41.720712018766385
MS,HOLMES,G2800510,2567,Democratic,628,24.464355278535255
MS,HOLMES,G2800510,2567,Republican,455,17.72497078301519
MS,HOLMES,G2800510,2567,Other,1484,57.810673938449554
MS,HUMPHREYS,G2800530,1422,Democratic,459,32.278481012658226
MS,HUMPHREYS,G2800530,1422,Republican,231,16.244725738396625
MS,HUMPHREYS,G2800530,1422,Other,732,51.47679324894515
MS,ISSAQUENA,G2800550,423,Democratic,178,42.08037825059102
MS,ISSAQUENA,G2800550,423,Republican,64,15.130023640661939
MS,ISSAQUENA,G2800550,423,Other,181,42.78959810874704
MS,ITAWAMBA,G2800570,2771,Democratic,1752,63.2262721039336
MS,ITAWAMBA,G2800570,2771,Republican,366,13.208228076506675
MS,ITAWAMBA,G2800570,2771,Other,653,23.565499819559726
MS,JACKSON,G2800590,9174,Democratic,5000,54.50185306300415
MS,JACKSON,G2800590,9174,Republican,2266,24.700239808153476
MS,JACKSON,G2800590,9174,Other,1907,20.78700675822978
MS,JASPER,G2800610,2435,Democratic,1147,47.1047227926078
MS,JASPER,G2800610,2435,Republican,362,14.86652977412731
MS,JASPER,G2800610,2435,Other,926,38.02874743326489
MS,JEFFERSON,G2800630,1094,Democratic,229,20.93235831809872
MS,JEFFERSON,G2800630,1094,Republican,137,12.522851919561242
MS,JEFFERSON,G2800630,1094,Other,728,66.54478976234005
MS,JEFFERSON DAVIS,G2800650,1723,Democratic,510,29.599535693557748
MS,JEFFERSON DAVIS,G2800650,1723,Republican,225,13.0586186883343
MS,JEFFERSON DAVIS,G2800650,1723,Other,988,57.34184561810795
MS,JONES,G2800670,10528,Democratic,4870,46.25759878419453
MS,JONES,G2800670,10528,Republican,2729,25.921352583586625
MS,JONES,G2800670,10528,Other,2928,27.811550151975684
MS,KEMPER,G2800690,1711,Democratic,931,54.41262419637639
MS,KEMPER,G2800690,1711,Republican,193,11.279953243717125
MS,KEMPER,G2800690,1711,Other,587,34.307422559906485
MS,LAFAYETTE,G2800710,2922,Democratic,1308,44.76386036960985
MS,LAFAYETTE,G2800710,2922,Republican,705,24.12731006160164
MS,LAFAYETTE,G2800710,2922,Other,909,31.108829568788497
MS,LAMAR,G2800730,2333,Democratic,651,27.903986283754822
MS,LAMAR,G2800730,2333,Republican,636,27.26103729104158
MS,LAMAR,G2800730,2333,Other,1046,44.8349764252036
MS,LAUDERDALE,G2800750,10745,Democratic,3754,34.93718008375989
MS,LAUDERDALE,G2800750,10745,Republican,2836,26.393671475104703
MS,LAUDERDALE,G2800750,10745,Other,4153,38.65053513261982
MS,LAWRENCE,G2800770,1651,Democratic,469,28.407026044821322
MS,LAWRENCE,G2800770,1651,Republican,259,15.687462144155056
MS,LAWRENCE,G2800770,1651,Other,923,55.90551181102362
MS,LEAKE,G2800790,3250,Democratic,953,29.323076923076925
MS,LEAKE,G2800790,3250,Republican,286,8.799999999999999
MS,LEAKE,G2800790,3250,Other,2011,61.87692307692308
MS,LEE,G2800810,6641,Democratic,3653,55.00677608793856
MS,LEE,G2800810,6641,Republican,1549,23.324800481855142
MS,LEE,G2800810,6641,Other,1438,21.653365457009485
MS,LEFLORE,G2800830,4641,Democratic,1212,26.11506140917906
MS,LEFLORE,G2800830,4641,Republican,1317,28.377504848093082
MS,LEFLORE,G2800830,4641,Other,2112,45.50743374272786
MS,LINCOLN,G2800850,4885,Democratic,1449,29.662231320368477
MS,LINCOLN,G2800850,4885,Republican,1251,25.609007164790178
MS,LINCOLN,G2800850,4885,Other,2185,44.72876151484135
MS,LOWNDES,G2800870,4680,Democratic,1240,26.495726495726498
MS,LOWNDES,G2800870,4680,Republican,2010,42.94871794871795
MS,LOWNDES,G2800870,4680,Other,1430,30.555555555555557
MS,MADISON,G2800890,2861,Democratic,753,26.319468717231736
MS,MADISON,G2800890,2861,Republican,525,18.350227193289058
MS,MADISON,G2800890,2861,Other,1583,55.3303040894792
MS,MARION,G2800910,3045,Democratic,1082,35.533661740558294
MS,MARION,G2800910,3045,Republican,698,22.922824302134647
MS,MARION,G2800910,3045,Other,1265,41.54351395730706
MS,MARSHALL,G2800930,1785,Democratic,681,38.15126050420168
MS,MARSHALL,G2800930,1785,Republican,404,22.633053221288517
MS,MARSHALL,G2800930,1785,Other,700,39.21568627450981
MS,MONROE,G2800950,4860,Democratic,1901,39.11522633744856
MS,MONROE,G2800950,4860,Republican,1400,28.80658436213992
MS,MONROE,G2800950,4860,Other,1559,32.07818930041152
MS,MONTGOMERY,G2800970,1969,Democratic,623,31.64042661249365
MS,MONTGOMERY,G2800970,1969,Republican,585,29.710512950736412
MS,MONTGOMERY,G2800970,1969,Other,761,38.649060436769936
MS,NESHOBA,G2800990,4136,Democratic,1840,44.48742746615087
MS,NESHOBA,G2800990,4136,Republican,580,14.02321083172147
MS,NESHOBA,G2800990,4136,Other,1716,41.48936170212766
MS,NEWTON,G2801010,3376,Democratic,912,27.014218009478675
MS,NEWTON,G2801010,3376,Republican,508,15.04739336492891
MS,NEWTON,G2801010,3376,Other,1956,57.93838862559242
MS,NOXUBEE,G2801030,1489,Democratic,277,18.603089321692412
MS,NOXUBEE,G2801030,1489,Republican,342,22.96843519140363
MS,NOXUBEE,G2801030,1489,Other,870,58.42847548690396
MS,OKTIBBEHA,G2801050,3416,Democratic,915,26.785714285714285
MS,OKTIBBEHA,G2801050,3416,Republican,829,24.26814988290398
MS,OKTIBBEHA,G2801050,3416,Other,1672,48.94613583138173
MS,PANOLA,G2801070,2888,Democratic,841,29.12049861495845
MS,PANOLA,G2801070,2888,Republican,643,22.26454293628809
MS,PANOLA,G2801070,2888,Other,1404,48.61495844875346
MS,PEARL RIVER,G2801090,3483,Democratic,1276,36.635084697100204
MS,PEARL RIVER,G2801090,3483,Republican,651,18.69078380706288
MS,PEARL RIVER,G2801090,3483,Other,1556,44.674131495836924
MS,PERRY,G2801110,1344,Democratic,514,38.24404761904761
MS,PERRY,G2801110,1344,Republican,274,20.386904761904763
MS,PERRY,G2801110,1344,Other,556,41.36904761904761
MS,PIKE,G2801130,5357,Democratic,1258,23.483292887810343
MS,PIKE,G2801130,5357,Republican,1467,27.38473025947359
MS,PIKE,G2801130,5357,Other,2632,49.13197685271607
MS,PONTOTOC,G2801150,2704,Democratic,1584,58.57988165680473
MS,PONTOTOC,G2801150,2704,Republican,328,12.1301775147929
MS,PONTOTOC,G2801150,2704,Other,792,29.289940828402365
MS,PRENTISS,G2801170,2985,Democratic,1777,59.530988274706864
MS,PRENTISS,G2801170,2985,Republican,740,24.79061976549414
MS,PRENTISS,G2801170,2985,Other,468,15.678391959798995
MS,QUITMAN,G2801190,1556,Democratic,583,37.46786632390746
MS,QUITMAN,G2801190,1556,Republican,299,19.215938303341904
MS,QUITMAN,G2801190,1556,Other,674,43.31619537275064
MS,RANKIN,G2801210,4782,Democratic,850,17.774989544123798
MS,RANKIN,G2801210,4782,Republican,818,17.10581346716855
MS,RANKIN,G2801210,4782,Other,3114,65.11919698870766
MS,SCOTT,G2801230,3472,Democratic,1024,29.493087557603687
MS,SCOTT,G2801230,3472,Republican,607,17.482718894009217
MS,SCOTT,G2801230,3472,Other,1841,53.0241935483871
MS,SHARKEY,G2801250,1007,Democratic,263,26.11717974180735
MS,SHARKEY,G2801250,1007,Republican,313,31.082423038728894
MS,SHARKEY,G2801250,1007,Other,431,42.800397219463754
MS,SIMPSON,G2801270,3208,Democratic,1034,32.231920199501246
MS,SIMPSON,G2801270,3208,Republican,606,18.890274314214466
MS,SIMPSON,G2801270,3208,Other,1568,48.87780548628429
MS,SMITH,G2801290,2946,Democratic,1568,53.22471147318398
MS,SMITH,G2801290,2946,Republican,353,11.982348947725729
MS,SMITH,G2801290,2946,Other,1025,34.792939579090294
MS,STONE,G2801310,1436,Democratic,343,23.885793871866294
MS,STONE,G2801310,1436,Republican,275,19.15041782729805
MS,STONE,G2801310,1436,Other,818,56.96378830083565
MS,SUNFLOWER,G2801330,3451,Democratic,1033,29.933352651405386
MS,SUNFLOWER,G2801330,3451,Republican,1177,34.10605621558969
MS,SUNFLOWER,G2801330,3451,Other,1241,35.960591133004925
MS,TALLAHATCHIE,G2801350,2597,Democratic,830,31.959953792837894
MS,TALLAHATCHIE,G2801350,2597,Republican,346,13.323065075086637
MS,TALLAHATCHIE,G2801350,2597,Other,1421,54.71698113207547
MS,TATE,G2801370,1772,Democratic,686,38.71331828442438
MS,TATE,G2801370,1772,Republican,241,13.600451467268623
MS,TATE,G2801370,1772,Other,845,47.686230248307
MS,TIPPAH,G2801390,2892,Democratic,1939,67.04702627939142
MS,TIPPAH,G2801390,2892,Republican,486,16.804979253112034
MS,TIPPAH,G2801390,2892,Other,467,16.14799446749654
MS,TISHOMINGO,G2801410,2427,Democratic,1222,50.3502266172229
MS,TISHOMINGO,G2801410,2427,Republican,536,22.084878450762258
MS,TISHOMINGO,G2801410,2427,Other,669,27.564894932014834
MS,TUNICA,G2801430,897,Democratic,323,36.00891861761427
MS,TUNICA,G2801430,897,Republican,334,37.23522853957636
MS,TUNICA,G2801430,897,Other,240,26.755852842809364
MS,UNION,G2801450,3295,Democratic,2001,60.728376327769354
MS,UNION,G2801450,3295,Republican,605,18.361153262518968
MS,UNION,G2801450,3295,Other,689,20.910470409711685
MS,WALTHALL,G2801470,2139,Democratic,747,34.922861150070126
MS,WALTHALL,G2801470,2139,Republican,310,14.492753623188406
MS,WALTHALL,G2801470,2139,Other,1082,50.58438522674147
MS,WARREN,G2801490,6587,Democratic,2289,34.75026567481403
MS,WARREN,G2801490,6587,Republican,2276,34.55290724153636
MS,WARREN,G2801490,6587,Other,2021,30.681645665705176
MS,WASHINGTON,G2801510,6655,Democratic,3105,46.656649135987976
MS,WASHINGTON,G2801510,6655,Republican,2292,34.440270473328326
MS,WASHINGTON,G2801510,6655,Other,1258,18.903080390683698
MS,WAYNE,G2801530,2233,Democratic,707,31.661442006269592
MS,WAYNE,G2801530,2233,Republican,490,21.9435736677116
MS,WAYNE,G2801530,2233,Other,1036,46.39498432601881
MS,WEBSTER,G2801550,2026,Democratic,553,27.295162882527148
MS,WEBSTER,G2801550,2026,Republican,299,14.758144126357353
MS,WEBSTER,G2801550,2026,Other,1174,57.9466929911155
MS,WILKINSON,G2801570,1222,Democratic,216,17.6759410801964
MS,WILKINSON,G2801570,1222,Republican,174,14.238952536824879
MS,WILKINSON,G2801570,1222,Other,832,68.08510638297872
MS,WINSTON,G2801590,2966,Democratic,1056,35.60350640593391
MS,WINSTON,G2801590,2966,Republican,405,13.654753877275791
MS,WINSTON,G2801590,2966,Other,1505,50.74173971679029
MS,YALOBUSHA,G2801610,1903,Democratic,650,34.15659485023647
MS,YALOBUSHA,G2801610,1903,Republican,549,28.84918549658434
MS,YALOBUSHA,G2801610,1903,Other,704,36.99421965317919
MS,YAZOO,G2801630,3340,Democratic,715,21.407185628742514
MS,YAZOO,G2801630,3340,Republican,778,23.293413173652695
MS,YAZOO,G2801630,3340,Other,1847,55.299401197604794
NC,ALAMANCE,G3700010,28417,Democratic,13598,47.85163810395186
NC,ALAMANCE,G3700010,28417,Republican,14817,52.14132385543865
NC,ALAMANCE,G3700010,28417,Other,0,0
NC,ALEXANDER,G3700030,8131,Democratic,3956,48.65330217685401
NC,ALEXANDER,G3700030,8131,Republican,4174,51.33439921288895
NC,ALEXANDER,G3700030,8131,Other,0,0
NC,ALLEGHANY,G3700050,4099,Democratic,2121,51.74432788484996
NC,ALLEGHANY,G3700050,4099,Republican,1978,48.25567211515004
NC,ALLEGHANY,G3700050,4099,Other,0,0
NC,ANSON,G3700070,5717,Democratic,4120,72.06576875983907
NC,ANSON,G3700070,5717,Republican,1597,27.934231240160923
NC,ANSON,G3700070,5717,Other,0,0
NC,ASHE,G3700090,9300,Democratic,4476,48.12903225806451
NC,ASHE,G3700090,9300,Republican,4823,51.86021505376344
NC,ASHE,G3700090,9300,Other,0,0
NC,AVERY,G3700110,5223,Democratic,1047,20.045950603101666
NC,AVERY,G3700110,5223,Republican,4176,79.95404939689833
NC,AVERY,G3700110,5223,Other,0,0
NC,BEAUFORT,G3700130,8733,Democratic,6039,69.15149433184473
NC,BEAUFORT,G3700130,8733,Republican,2693,30.837054849421737
NC,BEAUFORT,G3700130,8733,Other,0,0
NC,BERTIE,G3700150,4259,Democratic,3682,86.45221883071143
NC,BERTIE,G3700150,4259,Republican,577,13.547781169288564
NC,BERTIE,G3700150,4259,Other,0,0
NC,BLADEN,G3700170,6207,Democratic,4353,70.13049782503626
NC,BLADEN,G3700170,6207,Republican,1853,29.853391332366684
NC,BLADEN,G3700170,6207,Other,0,0
NC,BRUNSWICK,G3700190,7220,Democratic,4305,59.62603878116344
NC,BRUNSWICK,G3700190,7220,Republican,2915,40.37396121883656
NC,BRUNSWICK,G3700190,7220,Other,0,0
NC,BUNCOMBE,G3700210,51343,Democratic,23299,45.379116919541126
NC,BUNCOMBE,G3700210,51343,Republican,28038,54.609196969401864
NC,BUNCOMBE,G3700210,51343,Other,0,0
NC,BURKE,G3700230,22940,Democratic,10013,43.648648648648646
NC,BURKE,G3700230,22940,Republican,12924,56.3382737576286
NC,BURKE,G3700230,22940,Other,0,0
NC,CABARRUS,G3700250,24358,Democratic,8679,35.63100418753592
NC,CABARRUS,G3700250,24358,Republican,15677,64.3607849577141
NC,CABARRUS,G3700250,24358,Other,0,0
NC,CALDWELL,G3700270,20275,Democratic,8720,43.00863131935881
NC,CALDWELL,G3700270,20275,Republican,11553,56.981504315659684
NC,CALDWELL,G3700270,20275,Other,0,0
NC,CAMDEN,G3700290,1352,Democratic,1014,75.0
NC,CAMDEN,G3700290,1352,Republican,338,25.0
NC,CAMDEN,G3700290,1352,Other,0,0
NC,CARTERET,G3700310,9757,Democratic,5264,53.95100953161832
NC,CARTERET,G3700310,9757,Republican,4492,46.03874141641898
NC,CARTERET,G3700310,9757,Other,0,0
NC,CASWELL,G3700330,4104,Democratic,2832,69.00584795321637
NC,CASWELL,G3700330,4104,Republican,1272,30.994152046783626
NC,CASWELL,G3700330,4104,Other,0,0
NC,CATAWBA,G3700350,32626,Democratic,13491,41.350456690982654
NC,CATAWBA,G3700350,32626,Republican,19132,58.640348188561276
NC,CATAWBA,G3700350,32626,Other,0,0
NC,CHATHAM,G3700370,8991,Democratic,4683,52.085418752085424
NC,CHATHAM,G3700370,8991,Republican,4308,47.91458124791458
NC,CHATHAM,G3700370,8991,Other,0,0
NC,CHEROKEE,G3700390,7491,Democratic,3196,42.66453077025764
NC,CHEROKEE,G3700390,7491,Republican,4294,57.32211987718596
NC,CHEROKEE,G3700390,7491,Other,0,0
NC,CHOWAN,G3700410,2453,Democratic,1920,78.2715042804729
NC,CHOWAN,G3700410,2453,Republican,533,21.72849571952711
NC,CHOWAN,G3700410,2453,Other,0,0
NC,CLAY,G3700430,2921,Democratic,1264,43.272851763094835
NC,CLAY,G3700430,2921,Republican,1657,56.727148236905165
NC,CLAY,G3700430,2921,Other,0,0
NC,CLEVELAND,G3700450,18802,Democratic,10544,56.07914051696628
NC,CLEVELAND,G3700450,18802,Republican,8256,43.910222316774814
NC,CLEVELAND,G3700450,18802,Other,0,0
NC,COLUMBUS,G3700470,14110,Democratic,10454,74.08929836995038
NC,COLUMBUS,G3700470,14110,Republican,3654,25.89652728561304
NC,COLUMBUS,G3700470,14110,Other,0,0
NC,CRAVEN,G3700490,10838,Democratic,7157,66.03616903487728
NC,CRAVEN,G3700490,10838,Republican,3680,33.95460417051117
NC,CRAVEN,G3700490,10838,Other,0,0
NC,CUMBERLAND,G3700510,19673,Democratic,11599,58.958979311747065
NC,CUMBERLAND,G3700510,19673,Republican,8072,41.030854470594214
NC,CUMBERLAND,G3700510,19673,Other,0,0
NC,CURRITUCK,G3700530,2115,Democratic,1651,78.0614657210402
NC,CURRITUCK,G3700530,2115,Republican,464,21.93853427895981
NC,CURRITUCK,G3700530,2115,Other,0,0
NC,DARE,G3700550,2305,Democratic,1247,54.0997830802603
NC,DARE,G3700550,2305,Republican,1058,45.9002169197397
NC,DARE,G3700550,2305,Other,0,0
NC,DAVIDSON,G3700570,31915,Democratic,13117,41.09979633401222
NC,DAVIDSON,G3700570,31915,Republican,18795,58.890803697321005
NC,DAVIDSON,G3700570,31915,Other,0,0
NC,DAVIE,G3700590,7259,Democratic,2471,34.040501446480235
NC,DAVIE,G3700590,7259,Republican,4787,65.94572255131561
NC,DAVIE,G3700590,7259,Other,0,0
NC,DUPLIN,G3700610,10222,Democratic,7269,71.11132850714145
NC,DUPLIN,G3700610,10222,Republican,2952,28.87888867149286
NC,DUPLIN,G3700610,10222,Other,0,0
NC,DURHAM,G3700630,33620,Democratic,19298,57.40035693039858
NC,DURHAM,G3700630,33620,Republican,14319,42.59071980963712
NC,DURHAM,G3700630,33620,Other,0,0
NC,EDGECOMBE,G3700650,10325,Democratic,8045,77.91767554479418
NC,EDGECOMBE,G3700650,10325,Republican,2279,22.072639225181597
NC,EDGECOMBE,G3700650,10325,Other,0,0
NC,FORSYTH,G3700670,57409,Democratic,24031,41.85929035517079
NC,FORSYTH,G3700670,57409,Republican,33372,58.13025832186591
NC,FORSYTH,G3700670,57409,Other,0,0
NC,FRANKLIN,G3700690,6189,Democratic,5081,82.09726934884472
NC,FRANKLIN,G3700690,6189,Republican,1108,17.902730651155274
NC,FRANKLIN,G3700690,6189,Other,0,0
NC,GASTON,G3700710,41354,Democratic,20102,48.60956618464961
NC,GASTON,G3700710,41354,Republican,21248,51.380761232287085
NC,GASTON,G3700710,41354,Other,0,0
NC,GATES,G3700730,1934,Democratic,1549,80.09307135470527
NC,GATES,G3700730,1934,Republican,385,19.906928645294723
NC,GATES,G3700730,1934,Other,0,0
NC,GRAHAM,G3700750,3056,Democratic,1335,43.68455497382199
NC,GRAHAM,G3700750,3056,Republican,1721,56.31544502617801
NC,GRAHAM,G3700750,3056,Other,0,0
NC,GRANVILLE,G3700770,6743,Democratic,4945,73.33531069257008
NC,GRANVILLE,G3700770,6743,Republican,1798,26.664689307429928
NC,GRANVILLE,G3700770,6743,Other,0,0
NC,GREENE,G3700790,3543,Democratic,3092,87.2706745695738
NC,GREENE,G3700790,3543,Republican,451,12.729325430426192
NC,GREENE,G3700790,3543,Other,0,0
NC,GUILFORD,G3700810,71843,Democratic,30483,42.43002101805325
NC,GUILFORD,G3700810,71843,Republican,41353,57.56023551355038
NC,GUILFORD,G3700810,71843,Other,0,0
NC,HALIFAX,G3700830,11215,Democratic,8871,79.0994204190816
NC,HALIFAX,G3700830,11215,Republican,2343,20.89166295140437
NC,HALIFAX,G3700830,11215,Other,0,0
NC,HARNETT,G3700850,13193,Democratic,7891,59.812021526567115
NC,HARNETT,G3700850,13193,Republican,5301,40.18039869627833
NC,HARNETT,G3700850,13193,Other,0,0
NC,HAYWOOD,G3700870,16627,Democratic,8042,48.367113730679016
NC,HAYWOOD,G3700870,16627,Republican,8583,51.62085764118602
NC,HAYWOOD,G3700870,16627,Other,0,0
NC,HENDERSON,G3700890,15446,Democratic,4611,29.852388968017614
NC,HENDERSON,G3700890,15446,Republican,10834,70.14113686391299
NC,HENDERSON,G3700890,15446,Other,0,0
NC,HERTFORD,G3700910,3886,Democratic,3105,79.9022130725682
NC,HERTFORD,G3700910,3886,Republican,781,20.09778692743181
NC,HERTFORD,G3700910,3886,Other,0,0
NC,HOKE,G3700930,2702,Democratic,2106,77.94226498889711
NC,HOKE,G3700930,2702,Republican,596,22.057735011102885
NC,HOKE,G3700930,2702,Other,0,0
NC,HYDE,G3700950,1628,Democratic,1147,70.45454545454545
NC,HYDE,G3700950,1628,Republican,481,29.545454545454547
NC,HYDE,G3700950,1628,Other,0,0
NC,IREDELL,G3700970,21058,Democratic,8973,42.61088422452275
NC,IREDELL,G3700970,21058,Republican,12083,57.37961819735967
NC,IREDELL,G3700970,21058,Other,0,0
NC,JACKSON,G3700990,7917,Democratic,3900,49.26108374384236
NC,JACKSON,G3700990,7917,Republican,4016,50.72628520904383
NC,JACKSON,G3700990,7917,Other,0,0
NC,JOHNSTON,G3701010,16574,Democratic,9913,59.81054663931459
NC,JOHNSTON,G3701010,16574,Republican,6659,40.177386267648124
NC,JOHNSTON,G3701010,16574,Other,0,0
NC,JONES,G3701030,2505,Democratic,1920,76.64670658682635
NC,JONES,G3701030,2505,Republican,585,23.353293413173652
NC,JONES,G3701030,2505,Other,0,0
NC,LEE,G3701050,7236,Democratic,4672,64.56605859590934
NC,LEE,G3701050,7236,Republican,2563,35.42012161415147
NC,LEE,G3701050,7236,Other,0,0
NC,LENOIR,G3701070,11784,Democratic,8125,68.94942294636796
NC,LENOIR,G3701070,11784,Republican,3658,31.042090970807873
NC,LENOIR,G3701070,11784,Other,0,0
NC,LINCOLN,G3701090,13544,Democratic,6727,49.66774955699941
NC,LINCOLN,G3701090,13544,Republican,6815,50.31748375664501
NC,LINCOLN,G3701090,13544,Other,0,0
NC,MCDOWELL,G3701110,11037,Democratic,4888,44.28739693757361
NC,MCDOWELL,G3701110,11037,Republican,6148,55.70354262933769
NC,MCDOWELL,G3701110,11037,Other,0,0
NC,MACON,G3701130,6833,Democratic,3097,45.32416215425143
NC,MACON,G3701130,6833,Republican,3735,54.661202985511494
NC,MACON,G3701130,6833,Other,0,0
NC,MADISON,G3701150,8968,Democratic,4546,50.69134701159679
NC,MADISON,G3701150,8968,Republican,4421,49.29750223015165
NC,MADISON,G3701150,8968,Other,0,0
NC,MARTIN,G3701170,6563,Democratic,5826,88.77037939966479
NC,MARTIN,G3701170,6563,Republican,736,11.2143836660064
NC,MARTIN,G3701170,6563,Other,0,0
NC,MECKLENBURG,G3701190,87612,Democratic,39355,44.91964571063325
NC,MECKLENBURG,G3701190,87612,Republican,48248,55.07008172396476
NC,MECKLENBURG,G3701190,87612,Other,0,0
NC,MITCHELL,G3701210,6005,Democratic,1174,19.5503746877602
NC,MITCHELL,G3701210,6005,Republican,4830,80.43297252289759
NC,MITCHELL,G3701210,6005,Other,0,0
NC,MONTGOMERY,G3701230,6946,Democratic,3297,47.466167578462425
NC,MONTGOMERY,G3701230,6946,Republican,3649,52.533832421537575
NC,MONTGOMERY,G3701230,6946,Other,0,0
NC,MOORE,G3701250,11363,Democratic,5547,48.81633371468802
NC,MOORE,G3701250,11363,Republican,5814,51.16606529965678
NC,MOORE,G3701250,11363,Other,0,0
NC,NASH,G3701270,13982,Democratic,10085,72.12845086539838
NC,NASH,G3701270,13982,Republican,3895,27.857245029323412
NC,NASH,G3701270,13982,Other,0,0
NC,NEW HANOVER,G3701290,22957,Democratic,13182,57.420394650869014
NC,NEW HANOVER,G3701290,22957,Republican,9773,42.57089340941761
NC,NEW HANOVER,G3701290,22957,Other,0,0
NC,NORTHAMPTON,G3701310,5434,Democratic,4756,87.523003312477
NC,NORTHAMPTON,G3701310,5434,Republican,678,12.476996687523004
NC,NORTHAMPTON,G3701310,5434,Other,0,0
NC,ONSLOW,G3701330,8376,Democratic,5563,66.41595033428844
NC,ONSLOW,G3701330,8376,Republican,2812,33.572110792741164
NC,ONSLOW,G3701330,8376,Other,0,0
NC,ORANGE,G3701350,12411,Democratic,7180,57.8519055676416
NC,ORANGE,G3701350,12411,Republican,5230,42.14003706389493
NC,ORANGE,G3701350,12411,Other,0,0
NC,PAMLICO,G3701370,2758,Democratic,1697,61.53009427121102
NC,PAMLICO,G3701370,2758,Republican,1061,38.46990572878898
NC,PAMLICO,G3701370,2758,Other,0,0
NC,PASQUOTANK,G3701390,6357,Democratic,4530,71.26002831524303
NC,PASQUOTANK,G3701390,6357,Republican,1826,28.724240994179645
NC,PASQUOTANK,G3701390,6357,Other,0,0
NC,PENDER,G3701410,4018,Democratic,2744,68.29268292682927
NC,PENDER,G3701410,4018,Republican,1274,31.70731707317073
NC,PENDER,G3701410,4018,Other,0,0
NC,PERQUIMANS,G3701430,2097,Democratic,1460,69.62327134000954
NC,PERQUIMANS,G3701430,2097,Republican,637,30.376728659990466
NC,PERQUIMANS,G3701430,2097,Other,0,0
NC,PERSON,G3701450,6231,Democratic,4305,69.09003370245547
NC,PERSON,G3701450,6231,Republican,1925,30.893917509228054
NC,PERSON,G3701450,6231,Other,0,0
NC,PITT,G3701470,15984,Democratic,12525,78.35960960960962
NC,PITT,G3701470,15984,Republican,3457,21.62787787787788
NC,PITT,G3701470,15984,Other,0,0
NC,POLK,G3701490,5618,Democratic,2762,49.163403346386616
NC,POLK,G3701490,5618,Republican,2856,50.836596653613384
NC,POLK,G3701490,5618,Other,0,0
NC,RANDOLPH,G3701510,25561,Democratic,9787,38.28879934274872
NC,RANDOLPH,G3701510,25561,Republican,15771,61.69946402722898
NC,RANDOLPH,G3701510,25561,Other,0,0
NC,RICHMOND,G3701530,11578,Democratic,8292,71.61858697529799
NC,RICHMOND,G3701530,11578,Republican,3285,28.372775954396268
NC,RICHMOND,G3701530,11578,Other,0,0
NC,ROBESON,G3701550,15203,Democratic,11623,76.45201604946392
NC,ROBESON,G3701550,15203,Republican,3579,23.541406301387884
NC,ROBESON,G3701550,15203,Other,0,0
NC,ROCKINGHAM,G3701570,20663,Democratic,11206,54.23220248753812
NC,ROCKINGHAM,G3701570,20663,Republican,9455,45.75811837584087
NC,ROCKINGHAM,G3701570,20663,Other,0,0
NC,ROWAN,G3701590,30645,Democratic,12917,42.15043237069669
NC,ROWAN,G3701590,30645,Republican,17725,57.83977810409529
NC,ROWAN,G3701590,30645,Other,0,0
NC,RUTHERFORD,G3701610,17547,Democratic,8552,48.737675956003876
NC,RUTHERFORD,G3701610,17547,Republican,8993,51.25092608423092
NC,RUTHERFORD,G3701610,17547,Other,0,0
NC,SAMPSON,G3701630,14970,Democratic,7632,50.98196392785571
NC,SAMPSON,G3701630,14970,Republican,7337,49.01135604542418
NC,SAMPSON,G3701630,14970,Other,0,0
NC,SCOTLAND,G3701650,4922,Democratic,3643,74.01462819991873
NC,SCOTLAND,G3701650,4922,Republican,1279,25.985371800081268
NC,SCOTLAND,G3701650,4922,Other,0,0
NC,STANLY,G3701670,19339,Democratic,8258,42.701277211851696
NC,STANLY,G3701670,19339,Republican,11079,57.288380991778276
NC,STANLY,G3701670,19339,Other,0,0
NC,STOKES,G3701690,9359,Democratic,4487,47.94315632011967
NC,STOKES,G3701690,9359,Republican,4871,52.046158777647186
NC,STOKES,G3701690,9359,Other,0,0
NC,SURRY,G3701710,18220,Democratic,8184,44.91767288693743
NC,SURRY,G3701710,18220,Republican,10034,55.071350164654234
NC,SURRY,G3701710,18220,Other,0,0
NC,SWAIN,G3701730,4283,Democratic,2171,50.68876955405089
NC,SWAIN,G3701730,4283,Republican,2112,49.3112304459491
NC,SWAIN,G3701730,4283,Other,0,0
NC,TRANSYLVANIA,G3701750,7609,Democratic,3388,44.52621895124195
NC,TRANSYLVANIA,G3701750,7609,Republican,4221,55.473781048758056
NC,TRANSYLVANIA,G3701750,7609,Other,0,0
NC,TYRRELL,G3701770,1275,Democratic,926,72.62745098039215
NC,TYRRELL,G3701770,1275,Republican,349,27.372549019607845
NC,TYRRELL,G3701770,1275,Other,0,0
NC,UNION,G3701790,11423,Democratic,7393,64.72030114680906
NC,UNION,G3701790,11423,Republican,4029,35.270944585485424
NC,UNION,G3701790,11423,Other,0,0
NC,VANCE,G3701810,7706,Democratic,5694,73.89047495458084
NC,VANCE,G3701810,7706,Republican,2011,26.09654814430314
NC,VANCE,G3701810,7706,Other,0,0
NC,WAKE,G3701830,44486,Democratic,26047,58.551004810502185
NC,WAKE,G3701830,44486,Republican,18435,41.44000359663714
NC,WAKE,G3701830,44486,Other,0,0
NC,WARREN,G3701850,3714,Democratic,2997,80.69466882067852
NC,WARREN,G3701850,3714,Republican,717,19.305331179321485
NC,WARREN,G3701850,3714,Other,0,0
NC,WASHINGTON,G3701870,3442,Democratic,2415,70.16269610691458
NC,WASHINGTON,G3701870,3442,Republican,1027,29.837303893085416
NC,WASHINGTON,G3701870,3442,Other,0,0
NC,WATAUGA,G3701890,8460,Democratic,3440,40.66193853427896
NC,WATAUGA,G3701890,8460,Republican,5019,59.326241134751776
NC,WATAUGA,G3701890,8460,Other,0,0
NC,WAYNE,G3701910,13330,Democratic,7855,58.92723180795198
NC,WAYNE,G3701910,13330,Republican,5473,41.05776444111028
NC,WAYNE,G3701910,13330,Other,0,0
NC,WILKES,G3701930,21002,Democratic,7985,38.020188553471094
NC,WILKES,G3701930,21002,Republican,13015,61.97028854394819
NC,WILKES,G3701930,21002,Other,0,0
NC,WILSON,G3701950,11135,Democratic,8021,72.03412662775034
NC,WILSON,G3701950,11135,Republican,3113,27.956892680736416
NC,WILSON,G3701950,11135,Other,0,0
NC,YADKIN,G3701970,10053,Democratic,2785,27.703173182134687
NC,YADKIN,G3701970,10053,Republican,7267,72.28687953844624
NC,YADKIN,G3701970,10053,Other,0,0
NC,YANCEY,G3701990,6594,Democratic,3310,50.19714892326357
NC,YANCEY,G3701990,6594,Republican,3284,49.802851076736424
NC,YANCEY,G3701990,6594,Other,0,0
SC,ABBEVILLE,G4500010,3909,Democratic,3064,78.38321821437708
SC,ABBEVILLE,G4500010,3909,Republican,845,21.616781785622923
SC,ABBEVILLE,G4500010,3909,Other,0,0
SC,AIKEN,G4500030,17389,Democratic,6674,38.38058542756915
SC,AIKEN,G4500030,17389,Republican,10713,61.60791304847892
SC,AIKEN,G4500030,17389,Other,0,0
SC,ALLENDALE,G4500050,1471,Democratic,583,39.63290278721958
SC,ALLENDALE,G4500050,1471,Republican,888,60.36709721278042
SC,ALLENDALE,G4500050,1471,Other,0,0
SC,ANDERSON,G4500070,17746,Democratic,13900,78.32751042488448
SC,ANDERSON,G4500070,17746,Republican,3844,21.661219429730643
SC,ANDERSON,G4500070,17746,Other,0,0
SC,BAMBERG,G4500090,2560,Democratic,908,35.46875
SC,BAMBERG,G4500090,2560,Republican,1652,64.53125
SC,BAMBERG,G4500090,2560,Other,0,0
SC,BARNWELL,G4500110,3173,Democratic,1331,41.94768358020801
SC,BARNWELL,G4500110,3173,Republican,1842,58.05231641979199
SC,BARNWELL,G4500110,3173,Other,0,0
SC,BEAUFORT,G4500130,3821,Democratic,1800,47.108086888249154
SC,BEAUFORT,G4500130,3821,Republican,2021,52.89191311175085
SC,BEAUFORT,G4500130,3821,Other,0,0
SC,BERKELEY,G4500150,4964,Democratic,2542,51.20870265914586
SC,BERKELEY,G4500150,4964,Republican,2422,48.79129734085415
SC,BERKELEY,G4500150,4964,Other,0,0
SC,CALHOUN,G4500170,1388,Democratic,536,38.61671469740634
SC,CALHOUN,G4500170,1388,Republican,852,61.38328530259366
SC,CALHOUN,G4500170,1388,Other,0,0
SC,CHARLESTON,G4500190,33246,Democratic,12022,36.16074114179149
SC,CHARLESTON,G4500190,33246,Republican,21221,63.830235216266615
SC,CHARLESTON,G4500190,33246,Other,0,0
SC,CHEROKEE,G4500210,6956,Democratic,5391,77.50143760782059
SC,CHEROKEE,G4500210,6956,Republican,1564,22.48418631397355
SC,CHEROKEE,G4500210,6956,Other,0,0
SC,CHESTER,G4500230,5922,Democratic,4261,71.95204322863897
SC,CHESTER,G4500230,5922,Republican,1660,28.031070584262075
SC,CHESTER,G4500230,5922,Other,0,0
SC,CHESTERFIELD,G4500250,5822,Democratic,4450,76.43421504637583
SC,CHESTERFIELD,G4500250,5822,Republican,1372,23.565784953624185
SC,CHESTERFIELD,G4500250,5822,Other,0,0
SC,CLARENDON,G4500270,2579,Democratic,1134,43.9705312136487
SC,CLARENDON,G4500270,2579,Republican,1445,56.0294687863513
SC,CLARENDON,G4500270,2579,Other,0,0
SC,COLLETON,G4500290,4483,Democratic,1962,43.76533571269239
SC,COLLETON,G4500290,4483,Republican,2521,56.23466428730761
SC,COLLETON,G4500290,4483,Other,0,0
SC,DARLINGTON,G4500310,8162,Democratic,4668,57.19186473903455
SC,DARLINGTON,G4500310,8162,Republican,3493,42.7958833619211
SC,DARLINGTON,G4500310,8162,Other,0,0
SC,DILLON,G4500330,4091,Democratic,2652,64.82522610608653
SC,DILLON,G4500330,4091,Republican,1439,35.17477389391347
SC,DILLON,G4500330,4091,Other,0,0
SC,DORCHESTER,G4500350,5882,Democratic,2357,40.071404284257056
SC,DORCHESTER,G4500350,5882,Republican,3524,59.911594695681735
SC,DORCHESTER,G4500350,5882,Other,0,0
SC,EDGEFIELD,G4500370,2294,Democratic,846,36.87881429816914
SC,EDGEFIELD,G4500370,2294,Republican,1448,63.12118570183086
SC,EDGEFIELD,G4500370,2294,Other,0,0
SC,FAIRFIELD,G4500390,3182,Democratic,1633,51.319924575738526
SC,FAIRFIELD,G4500390,3182,Republican,1549,48.680075424261474
SC,FAIRFIELD,G4500390,3182,Other,0,0
SC,FLORENCE,G4500410,11906,Democratic,6090,51.15068032924576
SC,FLORENCE,G4500410,11906,Republican,5815,48.8409205442634
SC,FLORENCE,G4500410,11906,Other,0,0
SC,GEORGETOWN,G4500430,5418,Democratic,2811,51.88261351052049
SC,GEORGETOWN,G4500430,5418,Republican,2607,48.117386489479514
SC,GEORGETOWN,G4500430,5418,Other,0,0
SC,GREENVILLE,G4500450,36633,Democratic,13975,38.14866377310076
SC,GREENVILLE,G4500450,36633,Republican,22654,61.840417110255785
SC,GREENVILLE,G4500450,36633,Other,0,0
SC,GREENWOOD,G4500470,8251,Democratic,5282,64.01648285056358
SC,GREENWOOD,G4500470,8251,Republican,2968,35.97139740637498
SC,GREENWOOD,G4500470,8251,Other,0,0
SC,HAMPTON,G4500490,2112,Democratic,790,37.40530303030303
SC,HAMPTON,G4500490,2112,Republican,1322,62.59469696969697
SC,HAMPTON,G4500490,2112,Other,0,0
SC,HORRY,G4500510,9774,Democratic,6005,61.438510333537955
SC,HORRY,G4500510,9774,Republican,3768,38.5512584407612
SC,HORRY,G4500510,9774,Other,0,0
SC,JASPER,G4500530,1500,Democratic,721,48.06666666666667
SC,JASPER,G4500530,1500,Republican,779,51.93333333333333
SC,JASPER,G4500530,1500,Other,0,0
SC,KERSHAW,G4500550,6643,Democratic,3177,47.82477796176426
SC,KERSHAW,G4500550,6643,Republican,3465,52.160168598524756
SC,KERSHAW,G4500550,6643,Other,0,0
SC,LANCASTER,G4500570,8470,Democratic,5561,65.65525383707201
SC,LANCASTER,G4500570,8470,Republican,2909,34.34474616292798
SC,LANCASTER,G4500570,8470,Other,0,0
SC,LAURENS,G4500590,7846,Democratic,4547,57.953097119551366
SC,LAURENS,G4500590,7846,Republican,3298,42.034157532500636
SC,LAURENS,G4500590,7846,Other,0,0
SC,LEE,G4500610,2784,Democratic,1487,53.412356321839084
SC,LEE,G4500610,2784,Republican,1297,46.587643678160916
SC,LEE,G4500610,2784,Other,0,0
SC,LEXINGTON,G4500630,10670,Democratic,4158,38.96907216494846
SC,LEXINGTON,G4500630,10670,Republican,6511,61.02155576382381
SC,LEXINGTON,G4500630,10670,Other,0,0
SC,MCCORMICK,G4500650,1027,Democratic,680,66.21226874391432
SC,MCCORMICK,G4500650,1027,Republican,347,33.787731256085685
SC,MCCORMICK,G4500650,1027,Other,0,0
SC,MARION,G4500670,4043,Democratic,2397,59.287657679940644
SC,MARION,G4500670,4043,Republican,1646,40.71234232005936
SC,MARION,G4500670,4043,Other,0,0
SC,MARLBORO,G4500690,3877,Democratic,2586,66.70105751870003
SC,MARLBORO,G4500690,3877,Republican,1291,33.298942481299974
SC,MARLBORO,G4500690,3877,Other,0,0
SC,NEWBERRY,G4500710,5984,Democratic,3143,52.523395721925134
SC,NEWBERRY,G4500710,5984,Republican,2841,47.476604278074866
SC,NEWBERRY,G4500710,5984,Other,0,0
SC,OCONEE,G4500730,6214,Democratic,4327,69.63308657869327
SC,OCONEE,G4500730,6214,Republican,1886,30.350820727389767
SC,OCONEE,G4500730,6214,Other,0,0
SC,ORANGEBURG,G4500750,9123,Democratic,3889,42.62852131974132
SC,ORANGEBURG,G4500750,9123,Republican,5233,57.36051737367094
SC,ORANGEBURG,G4500750,9123,Other,0,0
SC,PICKENS,G4500770,6747,Democratic,2546,37.73528975841114
SC,PICKENS,G4500770,6747,Republican,4201,62.26471024158885
SC,PICKENS,G4500770,6747,Other,0,0
SC,RICHLAND,G4500790,32430,Democratic,11691,36.04995374653099
SC,RICHLAND,G4500790,32430,Republican,20736,63.940795559666974
SC,RICHLAND,G4500790,32430,Other,0,0
SC,SALUDA,G4500810,2621,Democratic,1353,51.621518504387645
SC,SALUDA,G4500810,2621,Republican,1268,48.37848149561236
SC,SALUDA,G4500810,2621,Other,0,0
SC,SPARTANBURG,G4500830,31053,Democratic,20110,64.76024860721992
SC,SPARTANBURG,G4500830,31053,Republican,10940,35.23009049045181
SC,SPARTANBURG,G4500830,31053,Other,0,0
SC,SUMTER,G4500850,7249,Democratic,2615,36.07394123327355
SC,SUMTER,G4500850,7249,Republican,4633,63.9122637605187
SC,SUMTER,G4500850,7249,Other,0,0
SC,UNION,G4500870,7209,Democratic,5229,72.53433208489388
SC,UNION,G4500870,7209,Republican,1980,27.465667915106117
SC,UNION,G4500870,7209,Other,0,0
SC,WILLIAMSBURG,G4500890,3837,Democratic,1513,39.43184779775867
SC,WILLIAMSBURG,G4500890,3837,Republican,2324,60.56815220224133
SC,WILLIAMSBURG,G4500890,3837,Other,0,0
SC,YORK,G4500910,14219,Democratic,8706,61.227934453899714
SC,YORK,G4500910,14219,Republican,5511,38.75799985934314
SC,YORK,G4500910,14219,Other,0,0
TX,ANDERSON,G4800010,6982,Democratic,3296,47.207103981667146
TX,ANDERSON,G4800010,6982,Republican,3642,52.162704096247495
TX,ANDERSON,G4800010,6982,Other,44,0.6301919220853625
TX,ANDREWS,G4800030,3409,Democratic,1821,53.417424464652385
TX,ANDREWS,G4800030,3409,Republican,1550,45.467879143443824
TX,ANDREWS,G4800030,3409,Other,38,1.1146963919037842
TX,ANGELINA,G4800050,12510,Democratic,7046,56.32294164668266
TX,ANGELINA,G4800050,12510,Republican,5168,41.310951239008794
TX,ANGELINA,G4800050,12510,Other,294,2.3501199040767387
TX,ARANSAS,G4800070,1748,Democratic,948,54.23340961098398
TX,ARANSAS,G4800070,1748,Republican,792,45.30892448512586
TX,ARANSAS,G4800070,1748,Other,8,0.4576659038901602
TX,ARCHER,G4800090,2023,Democratic,1341,66.28769154720712
TX,ARCHER,G4800090,2023,Republican,680,33.61344537815126
TX,ARCHER,G4800090,2023,Other,2,0.09886307464162135
TX,ARMSTRONG,G4800110,1621,Democratic,730,45.033929673041335
TX,ARMSTRONG,G4800110,1621,Republican,877,54.1024059222702
TX,ARMSTRONG,G4800110,1621,Other,14,0.863664404688464
TX,ATASCOSA,G4800130,4361,Democratic,2544,58.33524421004357
TX,ATASCOSA,G4800130,4361,Republican,1812,41.55010318734235
TX,ATASCOSA,G4800130,4361,Other,5,0.11465260261407935
TX,AUSTIN,G4800150,3738,Democratic,1725,46.14767255216694
TX,AUSTIN,G4800150,3738,Republican,1978,52.915997859818084
TX,AUSTIN,G4800150,3738,Other,35,0.9363295880149813
TX,BAILEY,G4800170,2271,Democratic,1064,46.85160722148834
TX,BAILEY,G4800170,2271,Republican,1180,51.95948921180097
TX,BAILEY,G4800170,2271,Other,27,1.1889035667107
TX,BANDERA,G4800190,1484,Democratic,539,36.32075471698113
TX,BANDERA,G4800190,1484,Republican,942,63.47708894878706
TX,BANDERA,G4800190,1484,Other,3,0.20215633423180593
TX,BASTROP,G4800210,4080,Democratic,2866,70.24509803921568
TX,BASTROP,G4800210,4080,Republican,1208,29.607843137254903
TX,BASTROP,G4800210,4080,Other,6,0.14705882352941177
TX,BAYLOR,G4800230,1913,Democratic,1199,62.67642446419237
TX,BAYLOR,G4800230,1913,Republican,713,37.27130162049138
TX,BAYLOR,G4800230,1913,Other,1,0.052273915316257184
TX,BEE,G4800250,4787,Democratic,2557,53.41550031334865
TX,BEE,G4800250,4787,Republican,2220,46.375600584917485
TX,BEE,G4800250,4787,Other,10,0.20889910173386256
TX,BELL,G4800270,15288,Democratic,10650,69.66248037676608
TX,BELL,G4800270,15288,Republican,4605,30.12166405023548
TX,BELL,G4800270,15288,Other,31,0.20277341705913135
TX,BEXAR,G4800290,140245,Democratic,75368,53.74024029377161
TX,BEXAR,G4800290,140245,Republican,63924,45.58023458946843
TX,BEXAR,G4800290,140245,Other,926,0.6602730935149204
TX,BLANCO,G4800310,1394,Democratic,830,59.54088952654233
TX,BLANCO,G4800310,1394,Republican,557,39.95695839311335
TX,BLANCO,G4800310,1394,Other,7,0.5021520803443328
TX,BORDEN,G4800330,411,Democratic,230,55.961070559610704
TX,BORDEN,G4800330,411,Republican,166,40.38929440389295
TX,BORDEN,G4800330,411,Other,15,3.64963503649635
TX,BOSQUE,G4800350,3525,Democratic,1852,52.53900709219859
TX,BOSQUE,G4800350,3525,Republican,1653,46.8936170212766
TX,BOSQUE,G4800350,3525,Other,20,0.5673758865248227
TX,BOWIE,G4800370,15193,Democratic,9198,60.541038636214054
TX,BOWIE,G4800370,15193,Republican,5927,39.011386822878954
TX,BOWIE,G4800370,15193,Other,67,0.4409925623642467
TX,BRAZORIA,G4800390,21705,Democratic,10559,48.64777700990555
TX,BRAZORIA,G4800390,21705,Republican,10879,50.12209168394379
TX,BRAZORIA,G4800390,21705,Other,263,1.2117023727251786
TX,BRAZOS,G4800410,10477,Democratic,5907,56.38064331392574
TX,BRAZOS,G4800410,10477,Republican,4552,43.447551780089725
TX,BRAZOS,G4800410,10477,Other,17,0.1622601889853966
TX,BREWSTER,G4800430,1457,Democratic,716,49.14207275223061
TX,BREWSTER,G4800430,1457,Republican,736,50.514756348661635
TX,BREWSTER,G4800430,1457,Other,5,0.34317089910775567
TX,BRISCOE,G4800450,1112,Democratic,570,51.2589928057554
TX,BRISCOE,G4800450,1112,Republican,533,47.931654676258994
TX,BRISCOE,G4800450,1112,Other,9,0.8093525179856115
TX,BROOKS,G4800470,2511,Democratic,1934,77.02110712863401
TX,BROOKS,G4800470,2511,Republican,567,22.58064516129032
TX,BROOKS,G4800470,2511,Other,10,0.398247710075667
TX,BROWN,G4800490,7278,Democratic,3720,51.11294311624073
TX,BROWN,G4800490,7278,Republican,3512,48.25501511404232
TX,BROWN,G4800490,7278,Other,46,0.6320417697169552
TX,BURLESON,G4800510,3143,Democratic,2466,78.46006999681833
TX,BURLESON,G4800510,3143,Republican,672,21.380846325167038
TX,BURLESON,G4800510,3143,Other,5,0.1590836780146357
TX,BURNET,G4800530,2976,Democratic,1770,59.4758064516129
TX,BURNET,G4800530,2976,Republican,1189,39.95295698924731
TX,BURNET,G4800530,2976,Other,17,0.571236559139785
TX,CALDWELL,G4800550,4222,Democratic,2729,64.63761250592135
TX,CALDWELL,G4800550,4222,Republican,1482,35.101847465656085
TX,CALDWELL,G4800550,4222,Other,11,0.26054002842254853
TX,CALHOUN,G4800570,3594,Democratic,1961,54.56316082359488
TX,CALHOUN,G4800570,3594,Republican,1599,44.490818030050086
TX,CALHOUN,G4800570,3594,Other,34,0.9460211463550361
TX,CALLAHAN,G4800590,2838,Democratic,1559,54.93305144467935
TX,CALLAHAN,G4800590,2838,Republican,1261,44.43269908386188
TX,CALLAHAN,G4800590,2838,Other,18,0.6342494714587738
TX,CAMERON,G4800610,22640,Democratic,12416,54.840989399293285
TX,CAMERON,G4800610,22640,Republican,10188,45.0
TX,CAMERON,G4800610,22640,Other,34,0.1501766784452297
TX,CAMP,G4800630,2200,Democratic,1307,59.409090909090914
TX,CAMP,G4800630,2200,Republican,873,39.68181818181818
TX,CAMP,G4800630,2200,Other,20,0.9090909090909091
TX,CARSON,G4800650,2407,Democratic,1009,41.91940174491068
TX,CARSON,G4800650,2407,Republican,1387,57.6235978396344
TX,CARSON,G4800650,2407,Other,11,0.4570004154549232
TX,CASS/DAVIS,G4800670,5290,Democratic,2934,55.46313799621928
TX,CASS/DAVIS,G4800670,5290,Republican,2322,43.89413988657845
TX,CASS/DAVIS,G4800670,5290,Other,34,0.6427221172022685
TX,CASTRO,G4800690,2382,Democratic,1544,64.81947942905121
TX,CASTRO,G4800690,2382,Republican,810,34.005037783375315
TX,CASTRO,G4800690,2382,Other,28,1.1754827875734677
TX,CHAMBERS,G4800710,2816,Democratic,1524,54.11931818181818
TX,CHAMBERS,G4800710,2816,Republican,1260,44.74431818181818
TX,CHAMBERS,G4800710,2816,Other,32,1.1363636363636365
TX,CHEROKEE,G4800730,7882,Democratic,4544,57.650342552651615
TX,CHEROKEE,G4800730,7882,Republican,3232,41.00482111139305
TX,CHEROKEE,G4800730,7882,Other,105,1.3321492007104796
TX,CHILDRESS,G4800750,2767,Democratic,1189,42.970726418503794
TX,CHILDRESS,G4800750,2767,Republican,1571,56.776292013010476
TX,CHILDRESS,G4800750,2767,Other,7,0.2529815684857246
TX,CLAY,G4800770,2718,Democratic,1692,62.251655629139066
TX,CLAY,G4800770,2718,Republican,1019,37.49080206033849
TX,CLAY,G4800770,2718,Other,7,0.257542310522443
TX,COCHRAN,G4800790,1674,Democratic,1028,61.40979689366786
TX,COCHRAN,G4800790,1674,Republican,646,38.59020310633214
TX,COCHRAN,G4800790,1674,Other,0,0
TX,COKE,G4800810,1388,Democratic,799,57.56484149855908
TX,COKE,G4800810,1388,Republican,575,41.42651296829971
TX,COKE,G4800810,1388,Other,14,1.0086455331412103
TX,COLEMAN,G4800830,3977,Democratic,1835,46.14030676389238
TX,COLEMAN,G4800830,3977,Republican,2127,53.48252451596681
TX,COLEMAN,G4800830,3977,Other,15,0.37716872014080965
TX,COLLIN,G4800850,9158,Democratic,5228,57.086700152871806
TX,COLLIN,G4800850,9158,Republican,3865,42.20353789036908
TX,COLLIN,G4800850,9158,Other,63,0.6879231273203756
TX,COLLINGSWORTH,G4800870,1782,Democratic,691,38.77665544332211
TX,COLLINGSWORTH,G4800870,1782,Republican,1084,60.83052749719416
TX,COLLINGSWORTH,G4800870,1782,Other,7,0.3928170594837262
TX,COLORADO,G4800890,4247,Democratic,2299,54.132328702613606
TX,COLORADO,G4800890,4247,Republican,1909,44.94937603013892
TX,COLORADO,G4800890,4247,Other,39,0.9182952672474688
TX,COMAL,G4800910,4941,Democratic,1845,37.340619307832426
TX,COMAL,G4800910,4941,Republican,3082,62.376037239425216
TX,COMAL,G4800910,4941,Other,14,0.28334345274235984
TX,COMANCHE,G4800930,3830,Democratic,1979,51.6710182767624
TX,COMANCHE,G4800930,3830,Republican,1828,47.72845953002611
TX,COMANCHE,G4800930,3830,Other,23,0.6005221932114883
TX,CONCHO,G4800950,1242,Democratic,718,57.80998389694042
TX,CONCHO,G4800950,1242,Republican,522,42.028985507246375
TX,CONCHO,G4800950,1242,Other,2,0.1610305958132045
TX,COOKE,G4800970,7176,Democratic,3167,44.133221850613154
TX,COOKE,G4800970,7176,Republican,3983,55.50445930880713
TX,COOKE,G4800970,7176,Other,24,0.33444816053511706
TX,CORYELL,G4800990,4192,Democratic,2700,64.40839694656488
TX,CORYELL,G4800990,4192,Republican,1477,35.2337786259542
TX,CORYELL,G4800990,4192,Other,15,0.35782442748091603
TX,COTTLE,G4801010,1361,Democratic,986,72.44673034533432
TX,COTTLE,G4801010,1361,Republican,370,27.18589272593681
TX,COTTLE,G4801010,1361,Other,5,0.36737692872887584
TX,CRANE,G4801030,1568,Democratic,848,54.08163265306123
TX,CRANE,G4801030,1568,Republican,678,43.23979591836735
TX,CRANE,G4801030,1568,Other,42,2.6785714285714284
TX,CROCKETT,G4801050,1156,Democratic,517,44.72318339100346
TX,CROCKETT,G4801050,1156,Republican,635,54.93079584775087
TX,CROCKETT,G4801050,1156,Other,4,0.34602076124567477
TX,CROSBY,G4801070,2683,Democratic,1783,66.45546030562804
TX,CROSBY,G4801070,2683,Republican,889,33.1345508758852
TX,CROSBY,G4801070,2683,Other,11,0.40998881848676855
TX,CULBERSON,G4801090,650,Democratic,343,52.76923076923077
TX,CULBERSON,G4801090,650,Republican,300,46.15384615384615
TX,CULBERSON,G4801090,650,Other,7,1.0769230769230769
TX,DALLAM,G4801110,1808,Democratic,835,46.18362831858407
TX,DALLAM,G4801110,1808,Republican,961,53.15265486725663
TX,DALLAM,G4801110,1808,Other,12,0.6637168141592921
TX,DALLAS,G4801130,240299,Democratic,88863,36.98017886050295
TX,DALLAS,G4801130,240299,Republican,149346,62.15007136941894
TX,DALLAS,G4801130,240299,Other,2043,0.8501908039567373
TX,DAWSON,G4801150,4246,Democratic,2063,48.58690532265662
TX,DAWSON,G4801150,4246,Republican,2161,50.89495996231748
TX,DAWSON,G4801150,4246,Other,22,0.5181347150259068
TX,DEAF SMITH,G4801170,3349,Democratic,1299,38.78769782024485
TX,DEAF SMITH,G4801170,3349,Republican,2024,60.43595103015825
TX,DEAF SMITH,G4801170,3349,Other,26,0.7763511495968947
TX,DELTA,G4801190,1832,Democratic,1360,74.235807860262
TX,DELTA,G4801190,1832,Republican,460,25.109170305676855
TX,DELTA,G4801190,1832,Other,12,0.6550218340611353
TX,DENTON,G4801210,11119,Democratic,5365,48.25074197319903
TX,DENTON,G4801210,11119,Republican,5723,51.47045597625686
TX,DENTON,G4801210,11119,Other,29,0.2608148214767515
TX,DE WITT,G4801230,5029,Democratic,2253,44.80015907735137
TX,DE WITT,G4801230,5029,Republican,2763,54.94134022668522
TX,DE WITT,G4801230,5029,Other,13,0.2585006959634122
TX,DICKENS,G4801250,1607,Democratic,1075,66.89483509645302
TX,DICKENS,G4801250,1607,Republican,521,32.42065961418793
TX,DICKENS,G4801250,1607,Other,11,0.6845052893590542
TX,DIMMIT,G4801270,1537,Democratic,886,57.644762524398175
TX,DIMMIT,G4801270,1537,Republican,648,42.160052049446975
TX,DIMMIT,G4801270,1537,Other,3,0.1951854261548471
TX,DONLEY,G4801290,1720,Democratic,764,44.41860465116279
TX,DONLEY,G4801290,1720,Republican,951,55.29069767441861
TX,DONLEY,G4801290,1720,Other,5,0.29069767441860467
TX,DUVAL,G4801310,4614,Democratic,3803,82.42306025140876
TX,DUVAL,G4801310,4614,Republican,809,17.53359341135674
TX,DUVAL,G4801310,4614,Other,2,0.043346337234503686
TX,EASTLAND,G4801330,6449,Democratic,3057,47.402698092727555
TX,EASTLAND,G4801330,6449,Republican,3359,52.085594665839665
TX,EASTLAND,G4801330,6449,Other,32,0.49620096138936265
TX,ECTOR,G4801350,20672,Democratic,8994,43.50812693498452
TX,ECTOR,G4801350,20672,Republican,11144,53.908668730650156
TX,ECTOR,G4801350,20672,Other,529,2.559017027863777
TX,EDWARDS,G4801370,639,Democratic,168,26.291079812206576
TX,EDWARDS,G4801370,639,Republican,463,72.45696400625978
TX,EDWARDS,G4801370,639,Other,8,1.2519561815336464
TX,ELLIS,G4801390,9543,Democratic,5840,61.19668867232526
TX,ELLIS,G4801390,9543,Republican,3665,38.405113695902756
TX,ELLIS,G4801390,9543,Other,35,0.36676097663208634
TX,EL PASO,G4801410,47677,Democratic,26027,54.59026364913899
TX,EL PASO,G4801410,47677,Republican,21550,45.19999161021037
TX,EL PASO,G4801410,47677,Other,95,0.1992575036180968
TX,ERATH,G4801430,5216,Democratic,2490,47.737730061349694
TX,ERATH,G4801430,5216,Republican,2696,51.68711656441718
TX,ERATH,G4801430,5216,Other,30,0.5751533742331288
TX,FALLS,G4801450,4965,Democratic,3399,68.45921450151057
TX,FALLS,G4801450,4965,Republican,1559,31.399798590130917
TX,FALLS,G4801450,4965,Other,7,0.14098690835850958
TX,FANNIN,G4801470,6138,Democratic,4282,69.76213750407298
TX,FANNIN,G4801470,6138,Republican,1844,30.042359074617135
TX,FANNIN,G4801470,6138,Other,12,0.19550342130987292
TX,FAYETTE,G4801490,5699,Democratic,3462,60.74749956132655
TX,FAYETTE,G4801490,5699,Republican,2213,38.83137392525005
TX,FAYETTE,G4801490,5699,Other,24,0.42112651342340757
TX,FISHER,G4801510,2655,Democratic,1966,74.04896421845575
TX,FISHER,G4801510,2655,Republican,679,25.574387947269305
TX,FISHER,G4801510,2655,Other,10,0.3766478342749529
TX,FLOYD,G4801530,3042,Democratic,1437,47.23865877712032
TX,FLOYD,G4801530,3042,Republican,1580,51.93951347797502
TX,FLOYD,G4801530,3042,Other,25,0.8218277449046679
TX,FOARD,G4801550,995,Democratic,723,72.66331658291458
TX,FOARD,G4801550,995,Republican,270,27.1356783919598
TX,FOARD,G4801550,995,Other,2,0.20100502512562815
TX,FORT BEND,G4801570,7711,Democratic,4339,56.27026326027753
TX,FORT BEND,G4801570,7711,Republican,3300,42.796005706134096
TX,FORT BEND,G4801570,7711,Other,71,0.9207625470107639
TX,FRANKLIN,G4801590,1774,Democratic,1148,64.71251409244645
TX,FRANKLIN,G4801590,1774,Republican,620,34.94926719278467
TX,FRANKLIN,G4801590,1774,Other,6,0.3382187147688839
TX,FREESTONE,G4801610,3650,Democratic,1997,54.71232876712329
TX,FREESTONE,G4801610,3650,Republican,1629,44.63013698630137
TX,FREESTONE,G4801610,3650,Other,24,0.6575342465753425
TX,FRIO,G4801630,1790,Democratic,1068,59.66480446927375
TX,FRIO,G4801630,1790,Republican,713,39.832402234636874
TX,FRIO,G4801630,1790,Other,9,0.5027932960893855
TX,GAINES,G4801650,3041,Democratic,1498,49.26011180532719
TX,GAINES,G4801650,3041,Republican,1520,49.98355804011838
TX,GAINES,G4801650,3041,Other,23,0.756330154554423
TX,GALVESTON,G4801670,40828,Democratic,23937,58.62888213970804
TX,GALVESTON,G4801670,40828,Republican,16372,40.09993141961399
TX,GALVESTON,G4801670,40828,Other,514,1.2589399431762516
TX,GARZA,G4801690,1576,Democratic,829,52.60152284263959
TX,GARZA,G4801690,1576,Republican,737,46.763959390862944
TX,GARZA,G4801690,1576,Other,10,0.6345177664974619
TX,GILLESPIE,G4801710,3507,Democratic,816,23.267750213857997
TX,GILLESPIE,G4801710,3507,Republican,2687,76.61819218705446
TX,GILLESPIE,G4801710,3507,Other,4,0.11405759908753922
TX,GLASSCOCK,G4801730,366,Democratic,207,56.557377049180324
TX,GLASSCOCK,G4801730,366,Republican,152,41.53005464480874
TX,GLASSCOCK,G4801730,366,Other,7,1.912568306010929
TX,GOLIAD,G4801750,1455,Democratic,711,48.865979381443296
TX,GOLIAD,G4801750,1455,Republican,741,50.92783505154639
TX,GOLIAD,G4801750,1455,Other,3,0.2061855670103093
TX,GONZALES,G4801770,4291,Democratic,2730,63.621533442088094
TX,GONZALES,G4801770,4291,Republican,1554,36.215334420880914
TX,GONZALES,G4801770,4291,Other,7,0.1631321370309951
TX,GRAY,G4801790,9013,Democratic,2801,31.077332741595477
TX,GRAY,G4801790,9013,Republican,6196,68.74514590036614
TX,GRAY,G4801790,9013,Other,14,0.15533118828359038
TX,GRAYSON,G4801810,17231,Democratic,9865,57.25146538216006
TX,GRAYSON,G4801810,17231,Republican,7311,42.429342464163426
TX,GRAYSON,G4801810,17231,Other,52,0.30178167256688526
TX,GREGG,G4801830,18737,Democratic,7765,41.44206649943961
TX,GREGG,G4801830,18737,Republican,10678,56.988845599615736
TX,GREGG,G4801830,18737,Other,292,1.5584138335912898
TX,GRIMES,G4801850,2778,Democratic,1713,61.66306695464363
TX,GRIMES,G4801850,2778,Republican,1053,37.904967602591796
TX,GRIMES,G4801850,2778,Other,12,0.4319654427645789
TX,GUADALUPE,G4801870,6787,Democratic,3116,45.911301016649475
TX,GUADALUPE,G4801870,6787,Republican,3657,53.88242227788419
TX,GUADALUPE,G4801870,6787,Other,14,0.2062767054663327
TX,HALE,G4801890,8532,Democratic,3694,43.295827473042664
TX,HALE,G4801890,8532,Republican,4784,56.07126113455227
TX,HALE,G4801890,8532,Other,53,0.6211908110642288
TX,HALL,G4801910,2133,Democratic,1192,55.88373183309893
TX,HALL,G4801910,2133,Republican,939,44.0225035161744
TX,HALL,G4801910,2133,Other,2,0.09376465072667604
TX,HAMILTON,G4801930,2737,Democratic,1136,41.50529777128242
TX,HAMILTON,G4801930,2737,Republican,1592,58.16587504567045
TX,HAMILTON,G4801930,2737,Other,9,0.3288271830471319
TX,HANSFORD,G4801950,1839,Democratic,512,27.84121805328983
TX,HANSFORD,G4801950,1839,Republican,1322,71.88689505165851
TX,HANSFORD,G4801950,1839,Other,5,0.27188689505165853
TX,HARDEMAN,G4801970,2655,Democratic,1182,44.51977401129943
TX,HARDEMAN,G4801970,2655,Republican,1472,55.442561205273066
TX,HARDEMAN,G4801970,2655,Other,1,0.03766478342749529
TX,HARDIN,G4801990,6451,Democratic,4314,66.873352968532
TX,HARDIN,G4801990,6451,Republican,2115,32.78561463339017
TX,HARDIN,G4801990,6451,Other,21,0.3255309254379166
TX,HARRIS,G4802010,325399,Democratic,148252,45.56006625711818
TX,HARRIS,G4802010,325399,Republican,168166,51.679937553588054
TX,HARRIS,G4802010,325399,Other,8948,2.74985479365333
TX,HARRISON,G4802030,9945,Democratic,5108,51.36249371543489
TX,HARRISON,G4802030,9945,Republican,4612,46.37506284565108
TX,HARRISON,G4802030,9945,Other,224,2.252388134741076
TX,HARTLEY,G4802050,815,Democratic,397,48.71165644171779
TX,HARTLEY,G4802050,815,Republican,413,50.67484662576687
TX,HARTLEY,G4802050,815,Other,5,0.6134969325153374
TX,HASKELL,G4802070,3650,Democratic,2776,76.05479452054794
TX,HASKELL,G4802070,3650,Republican,866,23.726027397260275
TX,HASKELL,G4802070,3650,Other,8,0.2191780821917808
TX,HAYS,G4802090,4523,Democratic,2916,64.47048419190803
TX,HAYS,G4802090,4523,Republican,1600,35.374751271280125
TX,HAYS,G4802090,4523,Other,7,0.15476453681185054
TX,HEMPHILL,G4802110,1181,Democratic,333,28.19644369178662
TX,HEMPHILL,G4802110,1181,Republican,847,71.71888230313293
TX,HEMPHILL,G4802110,1181,Other,1,0.0846740050804403
TX,HENDERSON,G4802130,5970,Democratic,3411,57.1356783919598
TX,HENDERSON,G4802130,5970,Republican,2521,42.22780569514238
TX,HENDERSON,G4802130,5970,Other,38,0.6365159128978224
TX,HIDALGO,G4802150,32409,Democratic,18664,57.58894134345398
TX,HIDALGO,G4802150,32409,Republican,13628,42.05004782622111
TX,HIDALGO,G4802150,32409,Other,113,0.34866857971551113
TX,HILL,G4802170,6593,Democratic,4340,65.82739268921584
TX,HILL,G4802170,6593,Republican,2226,33.76308205672684
TX,HILL,G4802170,6593,Other,26,0.39435765205521006
TX,HOCKLEY,G4802190,5358,Democratic,3169,59.145203434117214
TX,HOCKLEY,G4802190,5358,Republican,2159,40.294886151549086
TX,HOCKLEY,G4802190,5358,Other,29,0.5412467338559164
TX,HOOD,G4802210,2187,Democratic,1238,56.607224508459076
TX,HOOD,G4802210,2187,Republican,943,43.11842706904435
TX,HOOD,G4802210,2187,Other,6,0.2743484224965706
TX,HOPKINS,G4802230,5357,Democratic,3228,60.25760686951652
TX,HOPKINS,G4802230,5357,Republican,2117,39.518387156990855
TX,HOPKINS,G4802230,5357,Other,12,0.22400597349262646
TX,HOUSTON,G4802250,4383,Democratic,2703,61.67008898015058
TX,HOUSTON,G4802250,4383,Republican,1591,36.299338352726444
TX,HOUSTON,G4802250,4383,Other,89,2.0305726671229753
TX,HOWARD,G4802270,8335,Democratic,4843,58.10437912417517
TX,HOWARD,G4802270,8335,Republican,3402,40.81583683263347
TX,HOWARD,G4802270,8335,Other,88,1.0557888422315536
TX,HUDSPETH,G4802290,685,Democratic,409,59.70802919708029
TX,HUDSPETH,G4802290,685,Republican,267,38.97810218978102
TX,HUDSPETH,G4802290,685,Other,9,1.313868613138686
TX,HUNT,G4802310,8242,Democratic,4115,49.92720213540403
TX,HUNT,G4802310,8242,Republican,4084,49.551079834991505
TX,HUNT,G4802310,8242,Other,41,0.497452074739141
TX,HUTCHINSON,G4802330,9747,Democratic,3294,33.795013850415515
TX,HUTCHINSON,G4802330,9747,Republican,6431,65.97927567456652
TX,HUTCHINSON,G4802330,9747,Other,19,0.1949317738791423
TX,IRION,G4802350,487,Democratic,246,50.513347022587276
TX,IRION,G4802350,487,Republican,238,48.870636550308014
TX,IRION,G4802350,487,Other,3,0.6160164271047228
TX,JACK,G4802370,2432,Democratic,1079,44.36677631578947
TX,JACK,G4802370,2432,Republican,1342,55.18092105263158
TX,JACK,G4802370,2432,Other,11,0.4523026315789474
TX,JACKSON,G4802390,3972,Democratic,2268,57.09969788519638
TX,JACKSON,G4802390,3972,Republican,1670,42.04431017119839
TX,JACKSON,G4802390,3972,Other,34,0.8559919436052367
TX,JASPER,G4802410,5123,Democratic,3004,58.63751707983603
TX,JASPER,G4802410,5123,Republican,2102,41.03064610579739
TX,JASPER,G4802410,5123,Other,17,0.3318368143665821
TX,JEFF DAVIS,G4802430,381,Democratic,195,51.181102362204726
TX,JEFF DAVIS,G4802430,381,Republican,182,47.76902887139108
TX,JEFF DAVIS,G4802430,381,Other,4,1.0498687664041995
TX,JEFFERSON,G4802450,70331,Democratic,40532,57.63034792623451
TX,JEFFERSON,G4802450,70331,Republican,29391,41.7895380415464
TX,JEFFERSON,G4802450,70331,Other,401,0.5701610953917903
TX,JIM HOGG,G4802470,1479,Democratic,1255,84.85463150777552
TX,JIM HOGG,G4802470,1479,Republican,224,15.145368492224476
TX,JIM HOGG,G4802470,1479,Other,0,0
TX,JIM WELLS,G4802490,8112,Democratic,5330,65.7051282051282
TX,JIM WELLS,G4802490,8112,Republican,2773,34.183925049309664
TX,JIM WELLS,G4802490,8112,Other,9,0.11094674556213018
TX,JOHNSON,G4802510,8431,Democratic,3844,45.59364250978531
TX,JOHNSON,G4802510,8431,Republican,4510,53.493061321314194
TX,JOHNSON,G4802510,8431,Other,77,0.9132961689004864
TX,JONES,G4802530,4986,Democratic,2772,55.5956678700361
TX,JONES,G4802530,4986,Republican,2196,44.04332129963899
TX,JONES,G4802530,4986,Other,18,0.36101083032490977
TX,KARNES,G4802550,4085,Democratic,2556,62.57037943696451
TX,KARNES,G4802550,4085,Republican,1526,37.356181150550796
TX,KARNES,G4802550,4085,Other,3,0.07343941248470012
TX,KAUFMAN,G4802570,5768,Democratic,3007,52.13245492371706
TX,KAUFMAN,G4802570,5768,Republican,2717,47.10471567267684
TX,KAUFMAN,G4802570,5768,Other,43,0.7454923717059639
TX,KENDALL,G4802590,2100,Democratic,549,26.142857142857146
TX,KENDALL,G4802590,2100,Republican,1544,73.52380952380952
TX,KENDALL,G4802590,2100,Other,7,0.33333333333333337
TX,KENEDY,G4802610,152,Democratic,78,51.31578947368421
TX,KENEDY,G4802610,152,Republican,74,48.68421052631579
TX,KENEDY,G4802610,152,Other,0,0
TX,KENT,G4802630,698,Democratic,491,70.34383954154728
TX,KENT,G4802630,698,Republican,205,29.369627507163326
TX,KENT,G4802630,698,Other,2,0.28653295128939826
TX,KERR,G4802650,4596,Democratic,1323,28.78590078328982
TX,KERR,G4802650,4596,Republican,3252,70.75718015665797
TX,KERR,G4802650,4596,Other,21,0.45691906005221933
TX,KIMBLE,G4802670,1253,Democratic,550,43.89465283320032
TX,KIMBLE,G4802670,1253,Republican,699,55.78611332801277
TX,KIMBLE,G4802670,1253,Other,4,0.3192338387869114
TX,KING,G4802690,173,Democratic,133,76.878612716763
TX,KING,G4802690,173,Republican,39,22.54335260115607
TX,KING,G4802690,173,Other,1,0.5780346820809248
TX,KINNEY,G4802710,569,Democratic,358,62.91739894551846
TX,KINNEY,G4802710,569,Republican,211,37.08260105448154
TX,KINNEY,G4802710,569,Other,0,0
TX,KLEBERG,G4802730,5866,Democratic,3772,64.30276167746335
TX,KLEBERG,G4802730,5866,Republican,2092,35.66314353903853
TX,KLEBERG,G4802730,5866,Other,1,0.017047391749062394
TX,KNOX,G4802750,2098,Democratic,1365,65.06196377502384
TX,KNOX,G4802750,2098,Republican,729,34.74737845567207
TX,KNOX,G4802750,2098,Other,4,0.19065776930409914
TX,LAMAR,G4802770,9076,Democratic,5083,56.004847950639046
TX,LAMAR,G4802770,9076,Republican,3963,43.66460996033495
TX,LAMAR,G4802770,9076,Other,27,0.2974878801234024
TX,LAMB,G4802790,6007,Democratic,3089,51.42333943732312
TX,LAMB,G4802790,6007,Republican,2764,46.01298485100716
TX,LAMB,G4802790,6007,Other,154,2.5636757116697186
TX,LAMPASAS,G4802810,2609,Democratic,1372,52.58719816021464
TX,LAMPASAS,G4802810,2609,Republican,1222,46.83786891529322
TX,LAMPASAS,G4802810,2609,Other,15,0.5749329244921426
TX,LA SALLE,G4802830,1046,Democratic,718,68.64244741873804
TX,LA SALLE,G4802830,1046,Republican,326,31.166347992351817
TX,LA SALLE,G4802830,1046,Other,2,0.19120458891013384
TX,LAVACA,G4802850,5522,Democratic,4002,72.47374139804418
TX,LAVACA,G4802850,5522,Republican,1507,27.290836653386453
TX,LAVACA,G4802850,5522,Other,13,0.23542194856935894
TX,LEE,G4802870,2451,Democratic,1369,55.8547531619747
TX,LEE,G4802870,2451,Republican,1048,42.75805793553651
TX,LEE,G4802870,2451,Other,34,1.38718890248878
TX,LEON,G4802890,2684,Democratic,1803,67.17585692995529
TX,LEON,G4802890,2684,Republican,868,32.3397913561848
TX,LEON,G4802890,2684,Other,13,0.48435171385991055
TX,LIBERTY,G4802910,7345,Democratic,3902,53.124574540503744
TX,LIBERTY,G4802910,7345,Republican,3360,45.745405037440435
TX,LIBERTY,G4802910,7345,Other,82,1.1164057181756297
TX,LIMESTONE,G4802930,5511,Democratic,3472,63.00127018689893
TX,LIMESTONE,G4802930,5511,Republican,2023,36.708401379060064
TX,LIMESTONE,G4802930,5511,Other,16,0.2903284340410089
TX,LIPSCOMB,G4802950,1209,Democratic,267,22.084367245657567
TX,LIPSCOMB,G4802950,1209,Republican,939,77.66749379652606
TX,LIPSCOMB,G4802950,1209,Other,3,0.24813895781637718
TX,LIVE OAK,G4802970,1822,Democratic,770,42.26125137211855
TX,LIVE OAK,G4802970,1822,Republican,1048,57.5192096597146
TX,LIVE OAK,G4802970,1822,Other,4,0.21953896816684962
TX,LLANO,G4802990,1840,Democratic,1131,61.46739130434783
TX,LLANO,G4802990,1840,Republican,704,38.26086956521739
TX,LLANO,G4802990,1840,Other,5,0.2717391304347826
TX,LOVING,G4803010,95,Democratic,46,48.421052631578945
TX,LOVING,G4803010,95,Republican,42,44.21052631578947
TX,LOVING,G4803010,95,Other,7,7.368421052631578
TX,LUBBOCK,G4803030,35607,Democratic,15339,43.0786081388491
TX,LUBBOCK,G4803030,35607,Republican,20065,56.35127924284551
TX,LUBBOCK,G4803030,35607,Other,199,0.5588788721318841
TX,LYNN,G4803050,2843,Democratic,1872,65.8459373900809
TX,LYNN,G4803050,2843,Republican,953,33.520928596552935
TX,LYNN,G4803050,2843,Other,18,0.6331340133661625
TX,MCCULLOCH,G4803070,2748,Democratic,1579,57.45997088791849
TX,MCCULLOCH,G4803070,2748,Republican,1165,42.39446870451237
TX,MCCULLOCH,G4803070,2748,Other,4,0.1455604075691412
TX,MCLENNAN,G4803090,35156,Democratic,20099,57.17089543747866
TX,MCLENNAN,G4803090,35156,Republican,14924,42.450790761178745
TX,MCLENNAN,G4803090,35156,Other,127,0.36124701331209463
TX,MCMULLEN,G4803110,481,Democratic,240,49.8960498960499
TX,MCMULLEN,G4803110,481,Republican,241,50.1039501039501
TX,MCMULLEN,G4803110,481,Other,0,0
TX,MADISON,G4803130,1552,Democratic,909,58.56958762886598
TX,MADISON,G4803130,1552,Republican,607,39.11082474226804
TX,MADISON,G4803130,1552,Other,36,2.3195876288659796
TX,MARION,G4803150,1691,Democratic,904,53.4594914251922
TX,MARION,G4803150,1691,Republican,742,43.87936132465997
TX,MARION,G4803150,1691,Other,45,2.6611472501478417
TX,MARTIN,G4803170,1203,Democratic,831,69.07730673316709
TX,MARTIN,G4803170,1203,Republican,350,29.09393183707398
TX,MARTIN,G4803170,1203,Other,22,1.828761429758936
TX,MASON,G4803190,1417,Democratic,575,40.57868736767819
TX,MASON,G4803190,1417,Republican,833,58.78616796047989
TX,MASON,G4803190,1417,Other,9,0.6351446718419196
TX,MATAGORDA,G4803210,5998,Democratic,2971,49.53317772590864
TX,MATAGORDA,G4803210,5998,Republican,2974,49.58319439813271
TX,MATAGORDA,G4803210,5998,Other,52,0.8669556518839614
TX,MAVERICK,G4803230,2139,Democratic,1498,70.03272557269752
TX,MAVERICK,G4803230,2139,Republican,639,29.873772791023846
TX,MAVERICK,G4803230,2139,Other,2,0.09350163627863488
TX,MEDINA,G4803250,4368,Democratic,2325,53.22802197802198
TX,MEDINA,G4803250,4368,Republican,2028,46.42857142857143
TX,MEDINA,G4803250,4368,Other,15,0.3434065934065934
TX,MENARD,G4803270,1099,Democratic,491,44.67697907188353
TX,MENARD,G4803270,1099,Republican,608,55.32302092811647
TX,MENARD,G4803270,1099,Other,0,0
TX,MIDLAND,G4803290,17645,Democratic,5840,33.097194672711815
TX,MIDLAND,G4803290,17645,Republican,11342,64.27883253046188
TX,MIDLAND,G4803290,17645,Other,459,2.601303485406631
TX,MILAM,G4803310,5556,Democratic,3640,65.51475881929446
TX,MILAM,G4803310,5556,Republican,1898,34.16126709863211
TX,MILAM,G4803310,5556,Other,18,0.32397408207343414
TX,MILLS,G4803330,1887,Democratic,869,46.051934287228406
TX,MILLS,G4803330,1887,Republican,1012,53.63010068892422
TX,MILLS,G4803330,1887,Other,6,0.3179650238473768
TX,MITCHELL,G4803350,3350,Democratic,2131,63.61194029850746
TX,MITCHELL,G4803350,3350,Republican,1208,36.059701492537314
TX,MITCHELL,G4803350,3350,Other,11,0.3283582089552239
TX,MONTAGUE,G4803370,4465,Democratic,2346,52.54199328107503
TX,MONTAGUE,G4803370,4465,Republican,2101,47.0548712206047
TX,MONTAGUE,G4803370,4465,Other,18,0.4031354983202688
TX,MONTGOMERY,G4803390,6937,Democratic,3509,50.58382586132334
TX,MONTGOMERY,G4803390,6937,Republican,3309,47.70073518812167
TX,MONTGOMERY,G4803390,6937,Other,118,1.7010234971889866
TX,MOORE,G4803410,4025,Democratic,1547,38.43478260869565
TX,MOORE,G4803410,4025,Republican,2463,61.19254658385093
TX,MOORE,G4803410,4025,Other,15,0.37267080745341613
TX,MORRIS,G4803430,3544,Democratic,1952,55.07900677200903
TX,MORRIS,G4803430,3544,Republican,1569,44.27200902934537
TX,MORRIS,G4803430,3544,Other,23,0.6489841986455982
TX,MOTLEY,G4803450,932,Democratic,439,47.103004291845494
TX,MOTLEY,G4803450,932,Republican,480,51.50214592274678
TX,MOTLEY,G4803450,932,Other,13,1.3948497854077253
TX,NACOGDOCHES,G4803470,6732,Democratic,3522,52.31729055258467
TX,NACOGDOCHES,G4803470,6732,Republican,3042,45.18716577540107
TX,NACOGDOCHES,G4803470,6732,Other,168,2.4955436720142603
TX,NAVARRO,G4803490,8901,Democratic,5540,62.24019773059207
TX,NAVARRO,G4803490,8901,Republican,3360,37.74856757667678
TX,NAVARRO,G4803490,8901,Other,0,0
TX,NEWTON,G4803510,2590,Democratic,1815,70.07722007722008
TX,NEWTON,G4803510,2590,Republican,756,29.18918918918919
TX,NEWTON,G4803510,2590,Other,19,0.7335907335907336
TX,NOLAN,G4803530,5675,Democratic,3247,57.215859030837
TX,NOLAN,G4803530,5675,Republican,2421,42.66079295154185
TX,NOLAN,G4803530,5675,Other,7,0.12334801762114538
TX,NUECES,G4803550,48368,Democratic,29359,60.69922262652994
TX,NUECES,G4803550,48368,Republican,18902,39.07955673172345
TX,NUECES,G4803550,48368,Other,97,0.2005458154151505
TX,OCHILTREE,G4803570,2394,Democratic,521,21.762740183792815
TX,OCHILTREE,G4803570,2394,Republican,1870,78.11194653299917
TX,OCHILTREE,G4803570,2394,Other,3,0.12531328320802004
TX,OLDHAM,G4803590,643,Democratic,326,50.69984447900466
TX,OLDHAM,G4803590,643,Republican,313,48.67807153965785
TX,OLDHAM,G4803590,643,Other,4,0.6220839813374806
TX,ORANGE,G4803610,14637,Democratic,9078,62.02090592334495
TX,ORANGE,G4803610,14637,Republican,5482,37.4530299924848
TX,ORANGE,G4803610,14637,Other,75,0.5124000819840131
TX,PALO PINTO,G4803630,5742,Democratic,3021,52.612330198537094
TX,PALO PINTO,G4803630,5742,Republican,2695,46.934865900383144
TX,PALO PINTO,G4803630,5742,Other,25,0.43538836642284917
TX,PANOLA,G4803650,4518,Democratic,2187,48.40637450199203
TX,PANOLA,G4803650,4518,Republican,2264,50.11066843736166
TX,PANOLA,G4803650,4518,Other,67,1.4829570606463036
TX,PARKER,G4803670,7148,Democratic,3628,50.75545607162842
TX,PARKER,G4803670,7148,Republican,3467,48.50307778399552
TX,PARKER,G4803670,7148,Other,51,0.7134862898712927
TX,PARMER,G4803690,2786,Democratic,1090,39.12419239052405
TX,PARMER,G4803690,2786,Republican,1674,60.08614501076812
TX,PARMER,G4803690,2786,Other,22,0.7896625987078248
TX,PECOS,G4803710,3167,Democratic,1724,54.436375118408584
TX,PECOS,G4803710,3167,Republican,1412,44.584780549415854
TX,PECOS,G4803710,3167,Other,31,0.9788443321755604
TX,POLK,G4803730,3360,Democratic,2037,60.62499999999999
TX,POLK,G4803730,3360,Republican,1268,37.73809523809524
TX,POLK,G4803730,3360,Other,55,1.636904761904762
TX,POTTER,G4803750,23229,Democratic,8987,38.688708080416724
TX,POTTER,G4803750,23229,Republican,14200,61.130483447414875
TX,POTTER,G4803750,23229,Other,37,0.15928365405312325
TX,PRESIDIO,G4803770,1248,Democratic,866,69.39102564102564
TX,PRESIDIO,G4803770,1248,Republican,376,30.128205128205128
TX,PRESIDIO,G4803770,1248,Other,6,0.4807692307692308
TX,RAINS,G4803790,1081,Democratic,680,62.904717853839045
TX,RAINS,G4803790,1081,Republican,401,37.09528214616096
TX,RAINS,G4803790,1081,Other,0,0
TX,RANDALL,G4803810,10269,Democratic,3282,31.96026877008472
TX,RANDALL,G4803810,10269,Republican,6957,67.74758983347941
TX,RANDALL,G4803810,10269,Other,29,0.28240334988801247
TX,REAGAN,G4803830,1131,Democratic,621,54.907161803713535
TX,REAGAN,G4803830,1131,Republican,489,43.236074270557026
TX,REAGAN,G4803830,1131,Other,21,1.8567639257294428
TX,REAL,G4803850,653,Democratic,273,41.807044410413475
TX,REAL,G4803850,653,Republican,377,57.733537519142416
TX,REAL,G4803850,653,Other,3,0.45941807044410415
TX,RED RIVER,G4803870,4389,Democratic,2850,64.93506493506493
TX,RED RIVER,G4803870,4389,Republican,1527,34.79152426520847
TX,RED RIVER,G4803870,4389,Other,12,0.2734107997265892
TX,REEVES,G4803890,3822,Democratic,2235,58.47723704866562
TX,REEVES,G4803890,3822,Republican,1549,40.52851909994767
TX,REEVES,G4803890,3822,Other,38,0.9942438513867086
TX,REFUGIO,G4803910,2841,Democratic,1777,62.54839845124957
TX,REFUGIO,G4803910,2841,Republican,1062,37.38120380147835
TX,REFUGIO,G4803910,2841,Other,2,0.0703977472720873
TX,ROBERTS,G4803930,445,Democratic,104,23.370786516853933
TX,ROBERTS,G4803930,445,Republican,339,76.17977528089888
TX,ROBERTS,G4803930,445,Other,2,0.44943820224719105
TX,ROBERTSON,G4803950,3616,Democratic,2669,73.8108407079646
TX,ROBERTSON,G4803950,3616,Republican,935,25.85730088495575
TX,ROBERTSON,G4803950,3616,Other,12,0.33185840707964603
TX,ROCKWALL,G4803970,1583,Democratic,917,57.92798483891346
TX,ROCKWALL,G4803970,1583,Republican,652,41.187618445988626
TX,ROCKWALL,G4803970,1583,Other,14,0.8843967150979154
TX,RUNNELS,G4803990,4075,Democratic,1938,47.558282208588956
TX,RUNNELS,G4803990,4075,Republican,2128,52.220858895705526
TX,RUNNELS,G4803990,4075,Other,9,0.22085889570552147
TX,RUSK,G4804010,10840,Democratic,4389,40.488929889298895
TX,RUSK,G4804010,10840,Republican,6000,55.35055350553506
TX,RUSK,G4804010,10840,Other,449,4.142066420664206
TX,SABINE,G4804030,1843,Democratic,1208,65.54530656538253
TX,SABINE,G4804030,1843,Republican,619,33.586543678784594
TX,SABINE,G4804030,1843,Other,16,0.8681497558328812
TX,SAN AUGUSTINE,G4804050,1962,Democratic,1269,64.6788990825688
TX,SAN AUGUSTINE,G4804050,1962,Republican,638,32.51783893985729
TX,SAN AUGUSTINE,G4804050,1962,Other,55,2.803261977573904
TX,SAN JACINTO,G4804070,1570,Democratic,1115,71.01910828025477
TX,SAN JACINTO,G4804070,1570,Republican,448,28.53503184713376
TX,SAN JACINTO,G4804070,1570,Other,7,0.445859872611465
TX,SAN PATRICIO,G4804090,8391,Democratic,5245,62.50744845667977
TX,SAN PATRICIO,G4804090,8391,Republican,3128,37.278035990942676
TX,SAN PATRICIO,G4804090,8391,Other,16,0.19068049100226434
TX,SAN SABA,G4804110,2108,Democratic,1251,59.34535104364327
TX,SAN SABA,G4804110,2108,Republican,849,40.27514231499051
TX,SAN SABA,G4804110,2108,Other,8,0.3795066413662239
TX,SCHLEICHER,G4804130,809,Democratic,351,43.38689740420272
TX,SCHLEICHER,G4804130,809,Republican,455,56.24227441285537
TX,SCHLEICHER,G4804130,809,Other,3,0.3708281829419036
TX,SCURRY,G4804150,5290,Democratic,3020,57.088846880907376
TX,SCURRY,G4804150,5290,Republican,2234,42.23062381852552
TX,SCURRY,G4804150,5290,Other,35,0.6616257088846881
TX,SHACKELFORD,G4804170,1397,Democratic,713,51.03793843951324
TX,SHACKELFORD,G4804170,1397,Republican,684,48.96206156048676
TX,SHACKELFORD,G4804170,1397,Other,0,0
TX,SHELBY,G4804190,4993,Democratic,3266,65.41157620668938
TX,SHELBY,G4804190,4993,Republican,1679,33.6270779090727
TX,SHELBY,G4804190,4993,Other,48,0.9613458842379331
TX,SHERMAN,G4804210,993,Democratic,305,30.71500503524673
TX,SHERMAN,G4804210,993,Republican,686,69.08358509566969
TX,SHERMAN,G4804210,993,Other,2,0.2014098690835851
TX,SMITH,G4804230,20821,Democratic,8493,40.79054800441861
TX,SMITH,G4804230,20821,Republican,12041,57.831035973296196
TX,SMITH,G4804230,20821,Other,283,1.3592046491522982
TX,SOMERVELL,G4804250,800,Democratic,345,43.125
TX,SOMERVELL,G4804250,800,Republican,441,55.125
TX,SOMERVELL,G4804250,800,Other,14,1.7500000000000002
TX,STARR,G4804270,4333,Democratic,4051,93.4918070620817
TX,STARR,G4804270,4333,Republican,280,6.462035541195476
TX,STARR,G4804270,4333,Other,2,0.04615739672282484
TX,STEPHENS/BUCHANAN,G4804290,3029,Democratic,1357,44.80026411356883
TX,STEPHENS/BUCHANAN,G4804290,3029,Republican,1664,54.93562231759657
TX,STEPHENS/BUCHANAN,G4804290,3029,Other,8,0.2641135688345989
TX,STERLING,G4804310,375,Democratic,193,51.46666666666667
TX,STERLING,G4804310,375,Republican,182,48.53333333333333
TX,STERLING,G4804310,375,Other,0,0
TX,STONEWALL,G4804330,1173,Democratic,864,73.65728900255755
TX,STONEWALL,G4804330,1173,Republican,306,26.08695652173913
TX,STONEWALL,G4804330,1173,Other,3,0.2557544757033248
TX,SUTTON,G4804350,911,Democratic,474,52.030735455543365
TX,SUTTON,G4804350,911,Republican,437,47.96926454445664
TX,SUTTON,G4804350,911,Other,0,0
TX,SWISHER,G4804370,3103,Democratic,1777,57.267160812117304
TX,SWISHER,G4804370,3103,Republican,1310,42.21720915243313
TX,SWISHER,G4804370,3103,Other,16,0.515630035449565
TX,TARRANT,G4804390,132986,Democratic,59378,44.64981276224565
TX,TARRANT,G4804390,132986,Republican,72810,54.75012407321071
TX,TARRANT,G4804390,132986,Other,785,0.5902876994570857
TX,TAYLOR,G4804410,21650,Democratic,9346,43.16859122401848
TX,TAYLOR,G4804410,21650,Republican,12256,56.609699769053115
TX,TAYLOR,G4804410,21650,Other,43,0.19861431870669743
TX,TERRELL,G4804430,646,Democratic,352,54.4891640866873
TX,TERRELL,G4804430,646,Republican,291,45.04643962848297
TX,TERRELL,G4804430,646,Other,3,0.46439628482972134
TX,TERRY,G4804450,4162,Democratic,2237,53.748197981739544
TX,TERRY,G4804450,4162,Republican,1908,45.8433445458914
TX,TERRY,G4804450,4162,Other,17,0.40845747236905333
TX,THROCKMORTON,G4804470,1134,Democratic,689,60.758377425044095
TX,THROCKMORTON,G4804470,1134,Republican,442,38.97707231040564
TX,THROCKMORTON,G4804470,1134,Other,3,0.26455026455026454
TX,TITUS,G4804490,4946,Democratic,2701,54.60978568540234
TX,TITUS,G4804490,4946,Republican,2216,44.80388192478771
TX,TITUS,G4804490,4946,Other,29,0.5863323898099474
TX,TOM GREEN,G4804510,15246,Democratic,7030,46.11045520136429
TX,TOM GREEN,G4804510,15246,Republican,8175,53.620621802439985
TX,TOM GREEN,G4804510,15246,Other,38,0.24924570379115832
TX,TRAVIS,G4804530,49264,Democratic,27021,54.84938291653134
TX,TRAVIS,G4804530,49264,Republican,22105,44.87049366677493
TX,TRAVIS,G4804530,49264,Other,133,0.26997401753816175
TX,TRINITY,G4804550,2264,Democratic,1521,67.18197879858657
TX,TRINITY,G4804550,2264,Republican,707,31.227915194346288
TX,TRINITY,G4804550,2264,Other,36,1.5901060070671376
TX,TYLER,G4804570,2656,Democratic,1242,46.76204819277108
TX,TYLER,G4804570,2656,Republican,1401,52.74849397590361
TX,TYLER,G4804570,2656,Other,13,0.48945783132530124
TX,UPSHUR,G4804590,5554,Democratic,3248,58.480374504861366
TX,UPSHUR,G4804590,5554,Republican,2262,40.72740367302845
TX,UPSHUR,G4804590,5554,Other,44,0.7922218221101909
TX,UPTON,G4804610,1760,Democratic,930,52.84090909090909
TX,UPTON,G4804610,1760,Republican,798,45.34090909090909
TX,UPTON,G4804610,1760,Other,32,1.8181818181818181
TX,UVALDE,G4804630,3552,Democratic,1324,37.27477477477478
TX,UVALDE,G4804630,3552,Republican,2214,62.33108108108109
TX,UVALDE,G4804630,3552,Other,14,0.3941441441441441
TX,VAL VERDE,G4804650,3603,Democratic,2049,56.86927560366362
TX,VAL VERDE,G4804650,3603,Republican,1551,43.04746044962531
TX,VAL VERDE,G4804650,3603,Other,3,0.08326394671107411
TX,VAN ZANDT,G4804670,4967,Democratic,2825,56.87537749144352
TX,VAN ZANDT,G4804670,4967,Republican,2120,42.6816992148178
TX,VAN ZANDT,G4804670,4967,Other,22,0.44292329373867523
TX,VICTORIA,G4804690,10397,Democratic,5779,55.58334134846591
TX,VICTORIA,G4804690,10397,Republican,4590,44.147350197172265
TX,VICTORIA,G4804690,10397,Other,26,0.2500721361931327
TX,WALKER,G4804710,3603,Democratic,1832,50.84651679156259
TX,WALKER,G4804710,3603,Republican,1750,48.57063558145989
TX,WALKER,G4804710,3603,Other,21,0.5828476269775187
TX,WALLER,G4804730,2267,Democratic,1101,48.566387295985884
TX,WALLER,G4804730,2267,Republican,1115,49.18394353771504
TX,WALLER,G4804730,2267,Other,51,2.249669166299074
TX,WARD,G4804750,3852,Democratic,2018,52.388369678089305
TX,WARD,G4804750,3852,Republican,1763,45.768431983385256
TX,WARD,G4804750,3852,Other,71,1.8431983385254413
TX,WASHINGTON,G4804770,4489,Democratic,1864,41.523724660280685
TX,WASHINGTON,G4804770,4489,Republican,2613,58.2089552238806
TX,WASHINGTON,G4804770,4489,Other,12,0.26732011583871684
TX,WEBB,G4804790,11865,Democratic,10058,84.77033291192583
TX,WEBB,G4804790,11865,Republican,1801,15.179098187947746
TX,WEBB,G4804790,11865,Other,4,0.0337126000842815
TX,WHARTON,G4804810,8458,Democratic,5004,59.162922676755734
TX,WHARTON,G4804810,8458,Republican,3387,40.04492787893119
TX,WHARTON,G4804810,8458,Other,67,0.7921494443130764
TX,WHEELER,G4804830,2444,Democratic,1011,41.36661211129296
TX,WHEELER,G4804830,2444,Republican,1428,58.42880523731587
TX,WHEELER,G4804830,2444,Other,5,0.20458265139116205
TX,WICHITA,G4804850,27213,Democratic,14586,53.599382647999114
TX,WICHITA,G4804850,27213,Republican,12586,46.24995406607136
TX,WICHITA,G4804850,27213,Other,38,0.13963914305662734
TX,WILBARGER,G4804870,5129,Democratic,2319,45.21349190875414
TX,WILBARGER,G4804870,5129,Republican,2796,54.51355039968805
TX,WILBARGER,G4804870,5129,Other,14,0.2729576915578085
TX,WILLACY,G4804890,3487,Democratic,2109,60.48178950387152
TX,WILLACY,G4804890,3487,Republican,1367,39.20275308287927
TX,WILLACY,G4804890,3487,Other,11,0.31545741324921134
TX,WILLIAMSON,G4804910,7870,Democratic,5410,68.7420584498094
TX,WILLIAMSON,G4804910,7870,Republican,2429,30.864040660736975
TX,WILLIAMSON,G4804910,7870,Other,31,0.39390088945362134
TX,WILSON,G4804930,4157,Democratic,2905,69.88212653355785
TX,WILSON,G4804930,4157,Republican,1248,30.021650228530188
TX,WILSON,G4804930,4157,Other,4,0.09622323791195574
TX,WINKLER,G4804950,3253,Democratic,1642,50.47648324623425
TX,WINKLER,G4804950,3253,Republican,1562,48.017214878573625
TX,WINKLER,G4804950,3253,Other,49,1.5063018751921304
TX,WISE,G4804970,5051,Democratic,2470,48.90120768164719
TX,WISE,G4804970,5051,Republican,2562,50.72262918234013
TX,WISE,G4804970,5051,Other,19,0.37616313601267076
TX,WOOD,G4804990,5112,Democratic,2633,51.50625978090767
TX,WOOD,G4804990,5112,Republican,2400,46.948356807511736
TX,WOOD,G4804990,5112,Other,79,1.5453834115805947
TX,YOAKUM,G4805010,2215,Democratic,994,44.87584650112867
TX,YOAKUM,G4805010,2215,Republican,1207,54.49209932279909
TX,YOAKUM,G4805010,2215,Other,14,0.6320541760722348
TX,YOUNG,G4805030,4509,Democratic,2419,53.64825903748059
TX,YOUNG,G4805030,4509,Republican,2067,45.8416500332668
TX,YOUNG,G4805030,4509,Other,23,0.5100909292526059
TX,ZAPATA,G4805050,935,Democratic,675,72.19251336898395
TX,ZAPATA,G4805050,935,Republican,260,27.807486631016044
TX,ZAPATA,G4805050,935,Other,0,0
TX,ZAVALA,G4805070,1475,Democratic,706,47.86440677966102
TX,ZAVALA,G4805070,1475,Republican,761,51.593220338983045
TX,ZAVALA,G4805070,1475,Other,8,0.5423728813559322
KY,ADAIR,G2100010,6890,Democratic,2269,32.93178519593614
KY,ADAIR,G2100010,6890,Republican,4620,67.05370101596516
KY,ADAIR,G2100010,6890,Other,0,0
KY,ALLEN,G2100030,5073,Democratic,1663,32.78139168145081
KY,ALLEN,G2100030,5073,Republican,3410,67.21860831854917
KY,ALLEN,G2100030,5073,Other,0,0
KY,ANDERSON,G2100050,4071,Democratic,2038,50.06140997297961
KY,ANDERSON,G2100050,4071,Republican,2033,49.93859002702039
KY,ANDERSON,G2100050,4071,Other,0,0
KY,BALLARD,G2100070,3867,Democratic,2746,71.01111973105768
KY,BALLARD,G2100070,3867,Republican,1121,28.988880268942335
KY,BALLARD,G2100070,3867,Other,0,0
KY,BARREN,G2100090,10133,Democratic,4946,48.810816145267935
KY,BARREN,G2100090,10133,Republican,5186,51.17931510904964
KY,BARREN,G2100090,10133,Other,0,0
KY,BATH,G2100110,3954,Democratic,2066,52.250885179564996
KY,BATH,G2100110,3954,Republican,1888,47.749114820435004
KY,BATH,G2100110,3954,Other,0,0
KY,BELL,G2100130,11986,Democratic,5180,43.21708660103454
KY,BELL,G2100130,11986,Republican,6804,56.76622726514267
KY,BELL,G2100130,11986,Other,0,0
KY,BOONE,G2100150,7800,Democratic,2965,38.01282051282051
KY,BOONE,G2100150,7800,Republican,4834,61.97435897435898
KY,BOONE,G2100150,7800,Other,0,0
KY,BOURBON,G2100170,5535,Democratic,3156,57.0189701897019
KY,BOURBON,G2100170,5535,Republican,2379,42.981029810298104
KY,BOURBON,G2100170,5535,Other,0,0
KY,BOYD,G2100190,20399,Democratic,9094,44.58061669689691
KY,BOYD,G2100190,20399,Republican,11303,55.40957890092651
KY,BOYD,G2100190,20399,Other,0,0
KY,BOYLE,G2100210,6932,Democratic,3308,47.72071552221581
KY,BOYLE,G2100210,6932,Republican,3623,52.26485862665897
KY,BOYLE,G2100210,6932,Other,0,0
KY,BRACKEN,G2100230,3328,Democratic,1326,39.84375
KY,BRACKEN,G2100230,3328,Republican,2002,60.15625
KY,BRACKEN,G2100230,3328,Other,0,0
KY,BREATHITT,G2100250,5303,Democratic,3307,62.36092777673016
KY,BREATHITT,G2100250,5303,Republican,1996,37.63907222326985
KY,BREATHITT,G2100250,5303,Other,0,0
KY,BRECKINRIDGE,G2100270,7115,Democratic,3136,44.07589599437807
KY,BRECKINRIDGE,G2100270,7115,Republican,3979,55.92410400562192
KY,BRECKINRIDGE,G2100270,7115,Other,0,0
KY,BULLITT,G2100290,5120,Democratic,2437,47.59765625
KY,BULLITT,G2100290,5120,Republican,2683,52.40234375
KY,BULLITT,G2100290,5120,Other,0,0
KY,BUTLER,G2100310,4648,Democratic,992,21.34251290877797
KY,BUTLER,G2100310,4648,Republican,3656,78.65748709122204
KY,BUTLER,G2100310,4648,Other,0,0
KY,CALDWELL,G2100330,5579,Democratic,2137,38.30435561928661
KY,CALDWELL,G2100330,5579,Republican,3442,61.69564438071339
KY,CALDWELL,G2100330,5579,Other,0,0
KY,CALLOWAY,G2100350,8049,Democratic,4693,58.305379550254685
KY,CALLOWAY,G2100350,8049,Republican,3356,41.694620449745315
KY,CALLOWAY,G2100350,8049,Other,0,0
KY,CAMPBELL,G2100370,32078,Democratic,14689,45.791508198765506
KY,CAMPBELL,G2100370,32078,Republican,17386,54.19913959723175
KY,CAMPBELL,G2100370,32078,Other,0,0
KY,CARLISLE,G2100390,2748,Democratic,1770,64.41048034934498
KY,CARLISLE,G2100390,2748,Republican,978,35.58951965065502
KY,CARLISLE,G2100390,2748,Other,0,0
KY,CARROLL,G2100410,3360,Democratic,2225,66.22023809523809
KY,CARROLL,G2100410,3360,Republican,1135,33.779761904761905
KY,CARROLL,G2100410,3360,Other,0,0
KY,CARTER,G2100430,8435,Democratic,3479,41.244813278008294
KY,CARTER,G2100430,8435,Republican,4956,58.755186721991706
KY,CARTER,G2100430,8435,Other,0,0
KY,CASEY,G2100450,6224,Democratic,1413,22.702442159383033
KY,CASEY,G2100450,6224,Republican,4811,77.29755784061697
KY,CASEY,G2100450,6224,Other,0,0
KY,CHRISTIAN,G2100470,12125,Democratic,6874,56.692783505154644
KY,CHRISTIAN,G2100470,12125,Republican,5250,43.29896907216495
KY,CHRISTIAN,G2100470,12125,Other,0,0
KY,CLARK,G2100490,6341,Democratic,3023,47.67386847500394
KY,CLARK,G2100490,6341,Republican,3317,52.31036114177574
KY,CLARK,G2100490,6341,Other,0,0
KY,CLAY,G2100510,6303,Democratic,1381,21.910201491353323
KY,CLAY,G2100510,6303,Republican,4921,78.07393304775503
KY,CLAY,G2100510,6303,Other,0,0
KY,CLINTON,G2100530,4190,Democratic,666,15.894988066825777
KY,CLINTON,G2100530,4190,Republican,3524,84.10501193317423
KY,CLINTON,G2100530,4190,Other,0,0
KY,CRITTENDEN,G2100550,4089,Democratic,1319,32.257275617510395
KY,CRITTENDEN,G2100550,4089,Republican,2770,67.7427243824896
KY,CRITTENDEN,G2100550,4089,Other,0,0
KY,CUMBERLAND,G2100570,3537,Democratic,840,23.74893977947413
KY,CUMBERLAND,G2100570,3537,Republican,2697,76.25106022052587
KY,CUMBERLAND,G2100570,3537,Other,0,0
KY,DAVIESS,G2100590,23231,Democratic,9845,42.37871809220438
KY,DAVIESS,G2100590,23231,Republican,13383,57.608368128793416
KY,DAVIESS,G2100590,23231,Other,0,0
KY,EDMONSON,G2100610,3960,Democratic,1076,27.17171717171717
KY,EDMONSON,G2100610,3960,Republican,2884,72.82828282828284
KY,EDMONSON,G2100610,3960,Other,0,0
KY,ELLIOTT,G2100630,2523,Democratic,1734,68.72770511296076
KY,ELLIOTT,G2100630,2523,Republican,789,31.272294887039237
KY,ELLIOTT,G2100630,2523,Other,0,0
KY,ESTILL,G2100650,4993,Democratic,1755,35.14920889244943
KY,ESTILL,G2100650,4993,Republican,3238,64.85079110755058
KY,ESTILL,G2100650,4993,Other,0,0
KY,FAYETTE,G2100670,41647,Democratic,16476,39.56107282637405
KY,FAYETTE,G2100670,41647,Republican,25167,60.42932264028622
KY,FAYETTE,G2100670,41647,Other,0,0
KY,FLEMING,G2100690,4993,Democratic,2216,44.382134988984575
KY,FLEMING,G2100690,4993,Republican,2777,55.617865011015425
KY,FLEMING,G2100690,4993,Other,0,0
KY,FLOYD,G2100710,14886,Democratic,9875,66.33749832056967
KY,FLOYD,G2100710,14886,Republican,5009,33.6490662367325
KY,FLOYD,G2100710,14886,Other,0,0
KY,FRANKLIN,G2100730,11794,Democratic,7052,59.79311514329319
KY,FRANKLIN,G2100730,11794,Republican,4741,40.19840596913685
KY,FRANKLIN,G2100730,11794,Other,0,0
KY,FULTON,G2100750,4275,Democratic,2708,63.345029239766085
KY,FULTON,G2100750,4275,Republican,1567,36.654970760233915
KY,FULTON,G2100750,4275,Other,0,0
KY,GALLATIN,G2100770,1784,Democratic,1028,57.62331838565022
KY,GALLATIN,G2100770,1784,Republican,756,42.37668161434978
KY,GALLATIN,G2100770,1784,Other,0,0
KY,GARRARD,G2100790,4539,Democratic,1780,39.21568627450981
KY,GARRARD,G2100790,4539,Republican,2759,60.78431372549019
KY,GARRARD,G2100790,4539,Other,0,0
KY,GRANT,G2100810,4062,Democratic,1899,46.75036927621861
KY,GRANT,G2100810,4062,Republican,2163,53.249630723781394
KY,GRANT,G2100810,4062,Other,0,0
KY,GRAVES,G2100830,12543,Democratic,7689,61.301124132982544
KY,GRAVES,G2100830,12543,Republican,4853,38.690903292673205
KY,GRAVES,G2100830,12543,Other,0,0
KY,GRAYSON,G2100850,7162,Democratic,2355,32.88187657079028
KY,GRAYSON,G2100850,7162,Republican,4806,67.10416084892488
KY,GRAYSON,G2100850,7162,Other,0,0
KY,GREEN,G2100870,5186,Democratic,1580,30.46664095642113
KY,GREEN,G2100870,5186,Republican,3606,69.53335904357887
KY,GREEN,G2100870,5186,Other,0,0
KY,GREENUP,G2100890,11346,Democratic,5244,46.218931782125864
KY,GREENUP,G2100890,11346,Republican,6101,53.772254539044596
KY,GREENUP,G2100890,11346,Other,0,0
KY,HANCOCK,G2100910,2506,Democratic,1018,40.622505985634476
KY,HANCOCK,G2100910,2506,Republican,1488,59.37749401436552
KY,HANCOCK,G2100910,2506,Other,0,0
KY,HARDIN,G2100930,11332,Democratic,5140,45.358277444405225
KY,HARDIN,G2100930,11332,Republican,6191,54.63289798799858
KY,HARDIN,G2100930,11332,Other,0,0
KY,HARLAN,G2100950,16696,Democratic,9210,55.162913272640154
KY,HARLAN,G2100950,16696,Republican,7485,44.8310972688069
KY,HARLAN,G2100950,16696,Other,0,0
KY,HARRISON,G2100970,5787,Democratic,3481,60.15206497321582
KY,HARRISON,G2100970,5787,Republican,2306,39.84793502678417
KY,HARRISON,G2100970,5787,Other,0,0
KY,HART,G2100990,6739,Democratic,3129,46.43122124944354
KY,HART,G2100990,6739,Republican,3609,53.55393975367265
KY,HART,G2100990,6739,Other,0,0
KY,HENDERSON,G2101010,10867,Democratic,5565,51.21008558019693
KY,HENDERSON,G2101010,10867,Republican,5301,48.78071224809055
KY,HENDERSON,G2101010,10867,Other,0,0
KY,HENRY,G2101030,4683,Democratic,2969,63.399530215673714
KY,HENRY,G2101030,4683,Republican,1714,36.600469784326286
KY,HENRY,G2101030,4683,Other,0,0
KY,HICKMAN,G2101050,3144,Democratic,2176,69.21119592875317
KY,HICKMAN,G2101050,3144,Republican,968,30.788804071246815
KY,HICKMAN,G2101050,3144,Other,0,0
KY,HOPKINS,G2101070,12010,Democratic,6435,53.58034970857619
KY,HOPKINS,G2101070,12010,Republican,5574,46.411323896752705
KY,HOPKINS,G2101070,12010,Other,0,0
KY,JACKSON,G2101090,4342,Democratic,419,9.649930907415937
KY,JACKSON,G2101090,4342,Republican,3923,90.35006909258406
KY,JACKSON,G2101090,4342,Other,0,0
KY,JEFFERSON,G2101110,235755,Democratic,117170,49.699900320247714
KY,JEFFERSON,G2101110,235755,Republican,118561,50.289919619944435
KY,JEFFERSON,G2101110,235755,Other,0,0
KY,JESSAMINE,G2101130,4809,Democratic,2022,42.04616344354336
KY,JESSAMINE,G2101130,4809,Republican,2787,57.953836556456636
KY,JESSAMINE,G2101130,4809,Other,0,0
KY,JOHNSON,G2101150,7939,Democratic,2621,33.01423353067137
KY,JOHNSON,G2101150,7939,Republican,5317,66.97317042448671
KY,JOHNSON,G2101150,7939,Other,0,0
KY,KENTON,G2101170,41323,Democratic,19463,47.099678145342786
KY,KENTON,G2101170,41323,Republican,21856,52.89064201534255
KY,KENTON,G2101170,41323,Other,0,0
KY,KNOTT,G2101190,5369,Democratic,3957,73.70087539579066
KY,KNOTT,G2101190,5369,Republican,1412,26.29912460420935
KY,KNOTT,G2101190,5369,Other,0,0
KY,KNOX,G2101210,8770,Democratic,2955,33.69441277080958
KY,KNOX,G2101210,8770,Republican,5814,66.29418472063854
KY,KNOX,G2101210,8770,Other,0,0
KY,LARUE,G2101230,4381,Democratic,1713,39.100661949326636
KY,LARUE,G2101230,4381,Republican,2668,60.89933805067336
KY,LARUE,G2101230,4381,Other,0,0
KY,LAUREL,G2101250,9794,Democratic,2308,23.565448233612415
KY,LAUREL,G2101250,9794,Republican,7485,76.42434143353073
KY,LAUREL,G2101250,9794,Other,0,0
KY,LAWRENCE,G2101270,5540,Democratic,2510,45.30685920577617
KY,LAWRENCE,G2101270,5540,Republican,3030,54.69314079422383
KY,LAWRENCE,G2101270,5540,Other,0,0
KY,LEE,G2101290,2970,Democratic,958,32.255892255892256
KY,LEE,G2101290,2970,Republican,2012,67.74410774410774
KY,LEE,G2101290,2970,Other,0,0
KY,LESLIE,G2101310,4689,Democratic,795,16.95457453614843
KY,LESLIE,G2101310,4689,Republican,3894,83.04542546385156
KY,LESLIE,G2101310,4689,Other,0,0
KY,LETCHER,G2101330,8666,Democratic,4258,49.13454881144703
KY,LETCHER,G2101330,8666,Republican,4408,50.86545118855297
KY,LETCHER,G2101330,8666,Other,0,0
KY,LEWIS,G2101350,5498,Democratic,1682,30.592942888323027
KY,LEWIS,G2101350,5498,Republican,3816,69.40705711167698
KY,LEWIS,G2101350,5498,Other,0,0
KY,LINCOLN,G2101370,6128,Democratic,2381,38.85443864229765
KY,LINCOLN,G2101370,6128,Republican,3747,61.14556135770235
KY,LINCOLN,G2101370,6128,Other,0,0
KY,LIVINGSTON,G2101390,3157,Democratic,1518,48.08362369337979
KY,LIVINGSTON,G2101390,3157,Republican,1639,51.91637630662021
KY,LIVINGSTON,G2101390,3157,Other,0,0
KY,LOGAN,G2101410,8836,Democratic,4718,53.39520144861929
KY,LOGAN,G2101410,8836,Republican,4117,46.59348121321865
KY,LOGAN,G2101410,8836,Other,0,0
KY,LYON,G2101430,2403,Democratic,1379,57.3866000832293
KY,LYON,G2101430,2403,Republican,1024,42.6133999167707
KY,LYON,G2101430,2403,Other,0,0
KY,MCCRACKEN,G2101450,22228,Democratic,12539,56.41083318337232
KY,MCCRACKEN,G2101450,22228,Republican,9687,43.58016915601943
KY,MCCRACKEN,G2101450,22228,Other,0,0
KY,MCCREARY,G2101470,4595,Democratic,924,20.10881392818281
KY,MCCREARY,G2101470,4595,Republican,3671,79.89118607181719
KY,MCCREARY,G2101470,4595,Other,0,0
KY,MCLEAN,G2101490,3985,Democratic,1716,43.061480552070265
KY,MCLEAN,G2101490,3985,Republican,2269,56.938519447929735
KY,MCLEAN,G2101490,3985,Other,0,0
KY,MADISON,G2101510,12313,Democratic,5621,45.65093803297328
KY,MADISON,G2101510,12313,Republican,6691,54.34094046942256
KY,MADISON,G2101510,12313,Other,0,0
KY,MAGOFFIN,G2101530,5207,Democratic,2471,47.45534856923372
KY,MAGOFFIN,G2101530,5207,Republican,2736,52.54465143076628
KY,MAGOFFIN,G2101530,5207,Other,0,0
KY,MARION,G2101550,6495,Democratic,4292,66.0816012317167
KY,MARION,G2101550,6495,Republican,2202,33.903002309468825
KY,MARION,G2101550,6495,Other,0,0
KY,MARSHALL,G2101570,6872,Democratic,3483,50.68393480791619
KY,MARSHALL,G2101570,6872,Republican,3388,49.301513387660066
KY,MARSHALL,G2101570,6872,Other,0,0
KY,MARTIN,G2101590,3925,Democratic,1116,28.43312101910828
KY,MARTIN,G2101590,3925,Republican,2809,71.56687898089173
KY,MARTIN,G2101590,3925,Other,0,0
KY,MASON,G2101610,7487,Democratic,3153,42.112995859489786
KY,MASON,G2101610,7487,Republican,4333,57.873647655936956
KY,MASON,G2101610,7487,Other,0,0
KY,MEADE,G2101630,4211,Democratic,2385,56.63737829494182
KY,MEADE,G2101630,4211,Republican,1826,43.36262170505818
KY,MEADE,G2101630,4211,Other,0,0
KY,MENIFEE,G2101650,1806,Democratic,989,54.761904761904766
KY,MENIFEE,G2101650,1806,Republican,817,45.23809523809524
KY,MENIFEE,G2101650,1806,Other,0,0
KY,MERCER,G2101670,6282,Democratic,2713,43.18688315822986
KY,MERCER,G2101670,6282,Republican,3569,56.81311684177014
KY,MERCER,G2101670,6282,Other,0,0
KY,METCALFE,G2101690,3699,Democratic,1553,41.98432008650987
KY,METCALFE,G2101690,3699,Republican,2146,58.01567991349014
KY,METCALFE,G2101690,3699,Other,0,0
KY,MONROE,G2101710,5307,Democratic,970,18.27774637271528
KY,MONROE,G2101710,5307,Republican,4337,81.72225362728472
KY,MONROE,G2101710,5307,Other,0,0
KY,MONTGOMERY,G2101730,5080,Democratic,2629,51.75196850393701
KY,MONTGOMERY,G2101730,5080,Republican,2451,48.24803149606299
KY,MONTGOMERY,G2101730,5080,Other,0,0
KY,MORGAN,G2101750,4628,Democratic,2910,62.87813310285221
KY,MORGAN,G2101750,4628,Republican,1718,37.1218668971478
KY,MORGAN,G2101750,4628,Other,0,0
KY,MUHLENBERG,G2101770,10395,Democratic,4426,42.578162578162576
KY,MUHLENBERG,G2101770,10395,Republican,5968,57.412217412217416
KY,MUHLENBERG,G2101770,10395,Other,0,0
KY,NELSON,G2101790,7734,Democratic,4712,60.92578226014999
KY,NELSON,G2101790,7734,Republican,3021,39.061287820015515
KY,NELSON,G2101790,7734,Other,0,0
KY,NICHOLAS,G2101810,2513,Democratic,1455,57.89892558694787
KY,NICHOLAS,G2101810,2513,Republican,1058,42.10107441305213
KY,NICHOLAS,G2101810,2513,Other,0,0
KY,OHIO,G2101830,7650,Democratic,2420,31.633986928104573
KY,OHIO,G2101830,7650,Republican,5230,68.36601307189542
KY,OHIO,G2101830,7650,Other,0,0
KY,OLDHAM,G2101850,4181,Democratic,1960,46.87873714422387
KY,OLDHAM,G2101850,4181,Republican,2221,53.12126285577613
KY,OLDHAM,G2101850,4181,Other,0,0
KY,OWEN,G2101870,3658,Democratic,2446,66.86714051394205
KY,OWEN,G2101870,3658,Republican,1212,33.13285948605795
KY,OWEN,G2101870,3658,Other,0,0
KY,OWSLEY,G2101890,2515,Democratic,346,13.757455268389663
KY,OWSLEY,G2101890,2515,Republican,2169,86.24254473161034
KY,OWSLEY,G2101890,2515,Other,0,0
KY,PENDLETON,G2101910,3884,Democratic,1497,38.5427394438723
KY,PENDLETON,G2101910,3884,Republican,2387,61.4572605561277
KY,PENDLETON,G2101910,3884,Other,0,0
KY,PERRY,G2101930,10725,Democratic,4970,46.340326340326335
KY,PERRY,G2101930,10725,Republican,5754,53.650349650349646
KY,PERRY,G2101930,10725,Other,0,0
KY,PIKE,G2101950,22995,Democratic,13038,56.69928245270711
KY,PIKE,G2101950,22995,Republican,9955,43.29202000434877
KY,PIKE,G2101950,22995,Other,0,0
KY,POWELL,G2101970,2630,Democratic,1122,42.66159695817491
KY,POWELL,G2101970,2630,Republican,1508,57.33840304182509
KY,POWELL,G2101970,2630,Other,0,0
KY,PULASKI,G2101990,14996,Democratic,3097,20.652173913043477
KY,PULASKI,G2101990,14996,Republican,11898,79.34115764203787
KY,PULASKI,G2101990,14996,Other,0,0
KY,ROBERTSON,G2102010,1246,Democratic,652,52.32744783306581
KY,ROBERTSON,G2102010,1246,Republican,594,47.67255216693419
KY,ROBERTSON,G2102010,1246,Other,0,0
KY,ROCKCASTLE,G2102030,5123,Democratic,1141,22.272106187780597
KY,ROCKCASTLE,G2102030,5123,Republican,3982,77.7278938122194
KY,ROCKCASTLE,G2102030,5123,Other,0,0
KY,ROWAN,G2102050,4970,Democratic,2412,48.53118712273642
KY,ROWAN,G2102050,4970,Republican,2558,51.46881287726358
KY,ROWAN,G2102050,4970,Other,0,0
KY,RUSSELL,G2102070,4866,Democratic,1230,25.27743526510481
KY,RUSSELL,G2102070,4866,Republican,3636,74.72256473489519
KY,RUSSELL,G2102070,4866,Other,0,0
KY,SCOTT,G2102090,4798,Democratic,2598,54.14756148395165
KY,SCOTT,G2102090,4798,Republican,2200,45.85243851604835
KY,SCOTT,G2102090,4798,Other,0,0
KY,SHELBY,G2102110,6756,Democratic,3822,56.57193605683837
KY,SHELBY,G2102110,6756,Republican,2933,43.413262285375964
KY,SHELBY,G2102110,6756,Other,0,0
KY,SIMPSON,G2102130,4569,Democratic,2642,57.82446924928868
KY,SIMPSON,G2102130,4569,Republican,1927,42.17553075071132
KY,SIMPSON,G2102130,4569,Other,0,0
KY,SPENCER,G2102150,2182,Democratic,1048,48.02933088909258
KY,SPENCER,G2102150,2182,Republican,1134,51.97066911090742
KY,SPENCER,G2102150,2182,Other,0,0
KY,TAYLOR,G2102170,6855,Democratic,2185,31.87454412837345
KY,TAYLOR,G2102170,6855,Republican,4669,68.11086797957695
KY,TAYLOR,G2102170,6855,Other,0,0
KY,TODD,G2102190,4673,Democratic,2827,60.496469077680295
KY,TODD,G2102190,4673,Republican,1846,39.503530922319705
KY,TODD,G2102190,4673,Other,0,0
KY,TRIGG,G2102210,3911,Democratic,2411,61.64663768857069
KY,TRIGG,G2102210,3911,Republican,1500,38.3533623114293
KY,TRIGG,G2102210,3911,Other,0,0
KY,TRIMBLE,G2102230,2330,Democratic,1587,68.11158798283262
KY,TRIMBLE,G2102230,2330,Republican,743,31.888412017167383
KY,TRIMBLE,G2102230,2330,Other,0,0
KY,UNION,G2102250,5246,Democratic,3457,65.89782691574533
KY,UNION,G2102250,5246,Republican,1789,34.10217308425467
KY,UNION,G2102250,5246,Other,0,0
KY,WARREN,G2102270,16531,Democratic,7455,45.097090315165445
KY,WARREN,G2102270,16531,Republican,9074,54.890811203194
KY,WARREN,G2102270,16531,Other,0,0
KY,WASHINGTON,G2102290,5023,Democratic,2391,47.601035237905634
KY,WASHINGTON,G2102290,5023,Republican,2632,52.398964762094366
KY,WASHINGTON,G2102290,5023,Other,0,0
KY,WAYNE,G2102310,5937,Democratic,1964,33.08068047835607
KY,WAYNE,G2102310,5937,Republican,3972,66.90247599797877
KY,WAYNE,G2102310,5937,Other,0,0
KY,WEBSTER,G2102330,5677,Democratic,3179,55.99788620750397
KY,WEBSTER,G2102330,5677,Republican,2498,44.00211379249604
KY,WEBSTER,G2102330,5677,Other,0,0
KY,WHITLEY,G2102350,10514,Democratic,2961,28.1624500665779
KY,WHITLEY,G2102350,10514,Republican,7552,71.82803880540231
KY,WHITLEY,G2102350,10514,Other,0,0
KY,WOLFE,G2102370,2813,Democratic,1554,55.24351226448631
KY,WOLFE,G2102370,2813,Republican,1259,44.75648773551369
KY,WOLFE,G2102370,2813,Other,0,0
KY,WOODFORD,G2102390,4177,Democratic,1950,46.68422312664592
KY,WOODFORD,G2102390,4177,Republican,2227,53.31577687335408
KY,WOODFORD,G2102390,4177,Other,0,0
MD,ALLEGANY,G2400010,34190,Democratic,13700,40.07019596373208
MD,ALLEGANY,G2400010,34190,Republican,20487,59.921029540801406
MD,ALLEGANY,G2400010,34190,Other,0,0
MD,ANNE ARUNDEL,G2400030,56658,Democratic,26063,46.000564792262345
MD,ANNE ARUNDEL,G2400030,56658,Republican,30590,53.990610328638496
MD,ANNE ARUNDEL,G2400030,56658,Other,0,0
MD,BALTIMORE,G2400050,190423,Democratic,94393,49.57016746926579
MD,BALTIMORE,G2400050,190423,Republican,96011,50.41985474443739
MD,BALTIMORE,G2400050,190423,Other,0,0
MD,CALVERT,G2400090,4708,Democratic,2535,53.84451996601529
MD,CALVERT,G2400090,4708,Republican,2173,46.15548003398471
MD,CALVERT,G2400090,4708,Other,0,0
MD,CAROLINE,G2400110,7079,Democratic,3381,47.76098318971606
MD,CAROLINE,G2400110,7079,Republican,3697,52.22489052126007
MD,CAROLINE,G2400110,7079,Other,0,0
MD,CARROLL,G2400130,17208,Democratic,5763,33.49023709902371
MD,CARROLL,G2400130,17208,Republican,11443,66.49814039981405
MD,CARROLL,G2400130,17208,Other,0,0
MD,CECIL,G2400150,13433,Democratic,6064,45.14255936871883
MD,CECIL,G2400150,13433,Republican,7367,54.84255192436537
MD,CECIL,G2400150,13433,Other,0,0
MD,CHARLES,G2400170,10042,Democratic,5482,54.590718980282816
MD,CHARLES,G2400170,10042,Republican,4559,45.399322844054964
MD,CHARLES,G2400170,10042,Other,0,0
MD,DORCHESTER,G2400190,9590,Democratic,4964,51.76225234619395
MD,DORCHESTER,G2400190,9590,Republican,4625,48.22732012513035
MD,DORCHESTER,G2400190,9590,Other,0,0
MD,FREDERICK,G2400210,23319,Democratic,9908,42.4889575024658
MD,FREDERICK,G2400210,23319,Republican,13406,57.48960075474935
MD,FREDERICK,G2400210,23319,Other,0,0
MD,GARRETT,G2400230,7414,Democratic,2357,31.791205826814135
MD,GARRETT,G2400230,7414,Republican,5056,68.19530617750202
MD,GARRETT,G2400230,7414,Other,0,0
MD,HARFORD,G2400250,21383,Democratic,9291,43.45040452696067
MD,HARFORD,G2400250,21383,Republican,12090,56.54024224851517
MD,HARFORD,G2400250,21383,Other,0,0
MD,HOWARD,G2400270,12465,Democratic,5411,43.40954673084637
MD,HOWARD,G2400270,12465,Republican,7050,56.55836341756919
MD,HOWARD,G2400270,12465,Other,1,0.008022462896109105
MD,KENT,G2400290,6343,Democratic,3079,48.54169951127227
MD,KENT,G2400290,6343,Republican,3263,51.44253507803879
MD,KENT,G2400290,6343,Other,0,0
MD,MONTGOMERY,G2400310,128704,Democratic,66012,51.2897812033814
MD,MONTGOMERY,G2400310,128704,Republican,62679,48.70011810044754
MD,MONTGOMERY,G2400310,128704,Other,0,0
MD,PRINCE GEORGES,G2400330,106830,Democratic,62004,58.03987643920247
MD,PRINCE GEORGES,G2400330,106830,Republican,44815,41.94982682767013
MD,PRINCE GEORGES,G2400330,106830,Other,0,0
MD,QUEEN ANNES,G2400350,6032,Democratic,3126,51.823607427055705
MD,QUEEN ANNES,G2400350,6032,Republican,2906,48.1763925729443
MD,QUEEN ANNES,G2400350,6032,Other,0,0
MD,SOMERSET,G2400390,7978,Democratic,3948,49.48608673853096
MD,SOMERSET,G2400390,7978,Republican,4030,50.513913261469035
MD,SOMERSET,G2400390,7978,Other,0,0
MD,ST MARYS,G2400370,8832,Democratic,5751,65.11548913043478
MD,ST MARYS,G2400370,8832,Republican,3080,34.8731884057971
MD,ST MARYS,G2400370,8832,Other,0,0
MD,TALBOT,G2400410,8457,Democratic,3461,40.92467778171929
MD,TALBOT,G2400410,8457,Republican,4995,59.0634976942178
MD,TALBOT,G2400410,8457,Other,0,0
MD,WASHINGTON,G2400430,33460,Democratic,15629,46.7095038852361
MD,WASHINGTON,G2400430,33460,Republican,17827,53.27854154213987
MD,WASHINGTON,G2400430,33460,Other,0,0
MD,WICOMICO,G2400450,16021,Democratic,7349,45.87104425441608
MD,WICOMICO,G2400450,16021,Republican,8671,54.12271393795643
MD,WICOMICO,G2400450,16021,Other,0,0
MD,WORCESTER,G2400470,7323,Democratic,3347,45.70531203058856
MD,WORCESTER,G2400470,7323,Republican,3976,54.29468796941145
MD,WORCESTER,G2400470,7323,Other,0,0
MD,BALTIMORE CITY,G2405100,317457,Democratic,202728,63.859987336867675
MD,BALTIMORE CITY,G2405100,317457,Republican,114697,36.12993255779523
MD,BALTIMORE CITY,G2405100,317457,Other,0,0
OK,ADAIR,G4000010,5558,Democratic,1903,34.238934868657786
OK,ADAIR,G4000010,5558,Republican,3655,65.7610651313422
OK,ADAIR,G4000010,5558,Other,0,0
OK,ALFALFA,G4000030,4399,Democratic,1067,24.25551261650375
OK,ALFALFA,G4000030,4399,Republican,3332,75.74448738349625
OK,ALFALFA,G4000030,4399,Other,0,0
OK,ATOKA,G4000050,3651,Democratic,1759,48.17858121062722
OK,ATOKA,G4000050,3651,Republican,1892,51.82141878937278
OK,ATOKA,G4000050,3651,Other,0,0
OK,BEAVER,G4000070,3329,Democratic,887,26.644638029438273
OK,BEAVER,G4000070,3329,Republican,2442,73.35536197056173
OK,BEAVER,G4000070,3329,Other,0,0
OK,BECKHAM,G4000090,6979,Democratic,2720,38.97406505229976
OK,BECKHAM,G4000090,6979,Republican,4258,61.01160624731337
OK,BECKHAM,G4000090,6979,Other,0,0
OK,BLAINE,G4000110,5371,Democratic,1725,32.11692422267734
OK,BLAINE,G4000110,5371,Republican,3646,67.88307577732266
OK,BLAINE,G4000110,5371,Other,0,0
OK,BRYAN,G4000130,8273,Democratic,4428,53.52351021394899
OK,BRYAN,G4000130,8273,Republican,3844,46.46440227245255
OK,BRYAN,G4000130,8273,Other,0,0
OK,CADDO,G4000150,11035,Democratic,5115,46.352514725872226
OK,CADDO,G4000150,11035,Republican,5919,53.638423198912555
OK,CADDO,G4000150,11035,Other,0,0
OK,CANADIAN,G4000170,9931,Democratic,4234,42.63417581311047
OK,CANADIAN,G4000170,9931,Republican,5696,57.35575470748162
OK,CANADIAN,G4000170,9931,Other,0,0
OK,CARTER,G4000190,14729,Democratic,8440,57.30192137959128
OK,CARTER,G4000190,14729,Republican,6288,42.69128929323104
OK,CARTER,G4000190,14729,Other,0,0
OK,CHEROKEE,G4000210,6258,Democratic,2687,42.937040588047296
OK,CHEROKEE,G4000210,6258,Republican,3571,57.0629594119527
OK,CHEROKEE,G4000210,6258,Other,0,0
OK,CHOCTAW,G4000230,5472,Democratic,2941,53.74634502923976
OK,CHOCTAW,G4000230,5472,Republican,2531,46.25365497076023
OK,CHOCTAW,G4000230,5472,Other,0,0
OK,CIMARRON,G4000250,2012,Democratic,696,34.59244532803181
OK,CIMARRON,G4000250,2012,Republican,1316,65.4075546719682
OK,CIMARRON,G4000250,2012,Other,0,0
OK,CLEVELAND,G4000270,15689,Democratic,6396,40.767416661355085
OK,CLEVELAND,G4000270,15689,Republican,9291,59.219835553572565
OK,CLEVELAND,G4000270,15689,Other,0,0
OK,COAL,G4000290,2288,Democratic,1269,55.463286713286706
OK,COAL,G4000290,2288,Republican,1019,44.53671328671329
OK,COAL,G4000290,2288,Other,0,0
OK,COMANCHE,G4000310,20253,Democratic,9561,47.20782106354614
OK,COMANCHE,G4000310,20253,Republican,10690,52.782303856218824
OK,COMANCHE,G4000310,20253,Other,0,0
OK,COTTON,G4000330,3253,Democratic,1634,50.230556409468186
OK,COTTON,G4000330,3253,Republican,1619,49.769443590531814
OK,COTTON,G4000330,3253,Other,0,0
OK,CRAIG,G4000350,6562,Democratic,2791,42.532764401097225
OK,CRAIG,G4000350,6562,Republican,3770,57.45199634257848
OK,CRAIG,G4000350,6562,Other,0,0
OK,CREEK,G4000370,14990,Democratic,6204,41.387591727818545
OK,CREEK,G4000370,14990,Republican,8784,58.59906604402936
OK,CREEK,G4000370,14990,Other,0,0
OK,CUSTER,G4000390,7793,Democratic,2742,35.1854228153471
OK,CUSTER,G4000390,7793,Republican,5050,64.80174515590915
OK,CUSTER,G4000390,7793,Other,0,0
OK,DELAWARE,G4000410,5921,Democratic,2282,38.54078702921804
OK,DELAWARE,G4000410,5921,Republican,3638,61.442323931768286
OK,DELAWARE,G4000410,5921,Other,0,0
OK,DEWEY,G4000430,3197,Democratic,1082,33.84422896465436
OK,DEWEY,G4000430,3197,Republican,2115,66.15577103534564
OK,DEWEY,G4000430,3197,Other,0,0
OK,ELLIS,G4000450,2794,Democratic,709,25.375805297065142
OK,ELLIS,G4000450,2794,Republican,2085,74.62419470293486
OK,ELLIS,G4000450,2794,Other,0,0
OK,GARFIELD,G4000470,21442,Democratic,6581,30.69209961757299
OK,GARFIELD,G4000470,21442,Republican,14859,69.29857289431955
OK,GARFIELD,G4000470,21442,Other,0,0
OK,GARVIN,G4000490,9920,Democratic,4794,48.32661290322581
OK,GARVIN,G4000490,9920,Republican,5125,51.6633064516129
OK,GARVIN,G4000490,9920,Other,0,0
OK,GRADY,G4000510,11359,Democratic,5446,47.94436129941016
OK,GRADY,G4000510,11359,Republican,5912,52.04683510872435
OK,GRADY,G4000510,11359,Other,0,0
OK,GRANT,G4000530,4533,Democratic,1723,38.010147804985664
OK,GRANT,G4000530,4533,Republican,2810,61.989852195014336
OK,GRANT,G4000530,4533,Other,0,0
OK,GREER,G4000550,3856,Democratic,1698,44.03526970954357
OK,GREER,G4000550,3856,Republican,2158,55.96473029045643
OK,GREER,G4000550,3856,Other,0,0
OK,HARMON,G4000570,2407,Democratic,1265,52.55504777731617
OK,HARMON,G4000570,2407,Republican,1142,47.44495222268384
OK,HARMON,G4000570,2407,Other,0,0
OK,HARPER,G4000590,2801,Democratic,744,26.56194216351303
OK,HARPER,G4000590,2801,Republican,2057,73.43805783648698
OK,HARPER,G4000590,2801,Other,0,0
OK,HASKELL,G4000610,3570,Democratic,1712,47.95518207282913
OK,HASKELL,G4000610,3570,Republican,1858,52.044817927170875
OK,HASKELL,G4000610,3570,Other,0,0
OK,HUGHES,G4000630,6174,Democratic,3057,49.51409135082604
OK,HUGHES,G4000630,6174,Republican,3117,50.48590864917396
OK,HUGHES,G4000630,6174,Other,0,0
OK,JACKSON,G4000650,7136,Democratic,3761,52.70459641255605
OK,JACKSON,G4000650,7136,Republican,3375,47.29540358744394
OK,JACKSON,G4000650,7136,Other,0,0
OK,JEFFERSON,G4000670,3288,Democratic,1945,59.15450121654501
OK,JEFFERSON,G4000670,3288,Republican,1343,40.845498783454985
OK,JEFFERSON,G4000670,3288,Other,0,0
OK,JOHNSTON,G4000690,3263,Democratic,1822,55.8381857186638
OK,JOHNSTON,G4000690,3263,Republican,1441,44.16181428133619
OK,JOHNSTON,G4000690,3263,Other,0,0
OK,KAY,G4000710,23405,Democratic,8248,35.24033326212348
OK,KAY,G4000710,23405,Republican,15155,64.75112155522325
OK,KAY,G4000710,23405,Other,0,0
OK,KINGFISHER,G4000730,5322,Democratic,1821,34.21645997745208
OK,KINGFISHER,G4000730,5322,Republican,3501,65.78354002254791
OK,KINGFISHER,G4000730,5322,Other,0,0
OK,KIOWA,G4000750,6153,Democratic,2638,42.87339509182513
OK,KIOWA,G4000750,6153,Republican,3515,57.12660490817487
OK,KIOWA,G4000750,6153,Other,0,0
OK,LATIMER,G4000770,2988,Democratic,1534,51.33868808567604
OK,LATIMER,G4000770,2988,Republican,1454,48.66131191432396
OK,LATIMER,G4000770,2988,Other,0,0
OK,LE FLORE,G4000790,10146,Democratic,4844,47.74295288783757
OK,LE FLORE,G4000790,10146,Republican,5301,52.24719101123596
OK,LE FLORE,G4000790,10146,Other,0,0
OK,LINCOLN,G4000810,8783,Democratic,3255,37.060229989752926
OK,LINCOLN,G4000810,8783,Republican,5527,62.92838437891382
OK,LINCOLN,G4000810,8783,Other,0,0
OK,LOGAN,G4000830,7941,Democratic,2820,35.51190026445032
OK,LOGAN,G4000830,7941,Republican,5120,64.47550686311547
OK,LOGAN,G4000830,7941,Other,0,0
OK,LOVE,G4000850,2375,Democratic,1443,60.75789473684211
OK,LOVE,G4000850,2375,Republican,932,39.242105263157896
OK,LOVE,G4000850,2375,Other,0,0
OK,MCCLAIN,G4000870,4912,Democratic,2365,48.14739413680782
OK,MCCLAIN,G4000870,4912,Republican,2547,51.85260586319218
OK,MCCLAIN,G4000870,4912,Other,0,0
OK,MCCURTAIN,G4000890,7764,Democratic,4202,54.12158681092221
OK,MCCURTAIN,G4000890,7764,Republican,3561,45.865533230293664
OK,MCCURTAIN,G4000890,7764,Other,0,0
OK,MCINTOSH,G4000910,4406,Democratic,2185,49.59146618247844
OK,MCINTOSH,G4000910,4406,Republican,2221,50.40853381752156
OK,MCINTOSH,G4000910,4406,Other,0,0
OK,MAJOR,G4000930,3608,Democratic,716,19.844789356984478
OK,MAJOR,G4000930,3608,Republican,2892,80.15521064301552
OK,MAJOR,G4000930,3608,Other,0,0
OK,MARSHALL,G4000950,3118,Democratic,1793,57.50481077613855
OK,MARSHALL,G4000950,3118,Republican,1325,42.49518922386145
OK,MARSHALL,G4000950,3118,Other,0,0
OK,MAYES,G4000970,8915,Democratic,3720,41.7274256870443
OK,MAYES,G4000970,8915,Republican,5194,58.26135726303983
OK,MAYES,G4000970,8915,Other,0,0
OK,MURRAY,G4000990,4122,Democratic,2129,51.64968461911693
OK,MURRAY,G4000990,4122,Republican,1993,48.35031538088307
OK,MURRAY,G4000990,4122,Other,0,0
OK,MUSKOGEE,G4001010,23485,Democratic,11080,47.17905045773898
OK,MUSKOGEE,G4001010,23485,Republican,12402,52.808175431126244
OK,MUSKOGEE,G4001010,23485,Other,0,0
OK,NOBLE,G4001030,5108,Democratic,1910,37.392325763508225
OK,NOBLE,G4001030,5108,Republican,3198,62.607674236491775
OK,NOBLE,G4001030,5108,Other,0,0
OK,NOWATA,G4001050,5139,Democratic,2125,41.35045728741
OK,NOWATA,G4001050,5139,Republican,3014,58.64954271259
OK,NOWATA,G4001050,5139,Other,0,0
OK,OKFUSKEE,G4001070,4478,Democratic,1968,43.94819115676641
OK,OKFUSKEE,G4001070,4478,Republican,2510,56.05180884323359
OK,OKFUSKEE,G4001070,4478,Other,0,0
OK,OKLAHOMA,G4001090,167640,Democratic,64642,38.56000954426151
OK,OKLAHOMA,G4001090,167640,Republican,102981,61.42984967788118
OK,OKLAHOMA,G4001090,167640,Other,0,0
OK,OKMULGEE,G4001110,14369,Democratic,7261,50.532396130558844
OK,OKMULGEE,G4001110,14369,Republican,7107,49.4606444428979
OK,OKMULGEE,G4001110,14369,Other,0,0
OK,OSAGE,G4001130,13309,Democratic,5800,43.579532647080924
OK,OSAGE,G4001130,13309,Republican,7508,56.41295364039372
OK,OSAGE,G4001130,13309,Other,0,0
OK,OTTAWA,G4001150,12225,Democratic,5704,46.65848670756646
OK,OTTAWA,G4001150,12225,Republican,6520,53.333333333333336
OK,OTTAWA,G4001150,12225,Other,0,0
OK,PAWNEE,G4001170,4792,Democratic,1639,34.20283806343907
OK,PAWNEE,G4001170,4792,Republican,3153,65.79716193656094
OK,PAWNEE,G4001170,4792,Other,0,0
OK,PAYNE,G4001190,15637,Democratic,5693,36.40723924026348
OK,PAYNE,G4001190,15637,Republican,9942,63.57997058259257
OK,PAYNE,G4001190,15637,Other,0,0
OK,PITTSBURG,G4001210,13144,Democratic,7309,55.607121119902615
OK,PITTSBURG,G4001210,13144,Republican,5833,44.3776628119294
OK,PITTSBURG,G4001210,13144,Other,0,0
OK,PONTOTOC,G4001230,10517,Democratic,4654,44.25216316440049
OK,PONTOTOC,G4001230,10517,Republican,5862,55.73832842065227
OK,PONTOTOC,G4001230,10517,Other,0,0
OK,POTTAWATOMIE,G4001250,17488,Democratic,8065,46.11733760292772
OK,POTTAWATOMIE,G4001250,17488,Republican,9421,53.871225983531566
OK,POTTAWATOMIE,G4001250,17488,Other,0,0
OK,PUSHMATAHA,G4001270,3358,Democratic,1630,48.540798094103636
OK,PUSHMATAHA,G4001270,3358,Republican,1728,51.459201905896364
OK,PUSHMATAHA,G4001270,3358,Other,0,0
OK,ROGER MILLS,G4001290,2272,Democratic,809,35.607394366197184
OK,ROGER MILLS,G4001290,2272,Republican,1463,64.39260563380282
OK,ROGER MILLS,G4001290,2272,Other,0,0
OK,ROGERS,G4001310,8579,Democratic,3167,36.91572444340832
OK,ROGERS,G4001310,8579,Republican,5412,63.08427555659167
OK,ROGERS,G4001310,8579,Other,0,0
OK,SEMINOLE,G4001330,9761,Democratic,4256,43.602089949800224
OK,SEMINOLE,G4001330,9761,Republican,5504,56.38766519823789
OK,SEMINOLE,G4001330,9761,Other,0,0
OK,SEQUOYAH,G4001350,6804,Democratic,2941,43.22457378012934
OK,SEQUOYAH,G4001350,6804,Republican,3862,56.7607289829512
OK,SEQUOYAH,G4001350,6804,Other,0,0
OK,STEPHENS,G4001370,14983,Democratic,6898,46.038844023226325
OK,STEPHENS,G4001370,14983,Republican,8083,53.947807515183875
OK,STEPHENS,G4001370,14983,Other,0,0
OK,TEXAS,G4001390,5863,Democratic,1548,26.402865427255673
OK,TEXAS,G4001390,5863,Republican,4314,73.58007845812725
OK,TEXAS,G4001390,5863,Other,0,0
OK,TILLMAN,G4001410,5414,Democratic,2736,50.53564831917251
OK,TILLMAN,G4001410,5414,Republican,2678,49.464351680827484
OK,TILLMAN,G4001410,5414,Other,0,0
OK,TULSA,G4001430,142624,Democratic,52714,36.960118914067756
OK,TULSA,G4001430,142624,Republican,89896,63.03006506618802
OK,TULSA,G4001430,142624,Other,0,0
OK,WAGONER,G4001450,6277,Democratic,2707,43.12569698900749
OK,WAGONER,G4001450,6277,Republican,3570,56.87430301099251
OK,WAGONER,G4001450,6277,Other,0,0
OK,WASHINGTON,G4001470,19179,Democratic,5478,28.56249022368215
OK,WASHINGTON,G4001470,19179,Republican,13700,71.43229574013243
OK,WASHINGTON,G4001470,19179,Other,0,0
OK,WASHITA,G4001490,5623,Democratic,2414,42.93081984705673
OK,WASHITA,G4001490,5623,Republican,3208,57.05139605192957
OK,WASHITA,G4001490,5623,Other,0,0
OK,WOODS,G4001510,5966,Democratic,1902,31.88065705665438
OK,WOODS,G4001510,5966,Republican,4063,68.10258129399934
OK,WOODS,G4001510,5966,Other,0,0
OK,WOODWARD,G4001530,5672,Democratic,1487,26.216502115655853
OK,WOODWARD,G4001530,5672,Republican,4185,73.78349788434416
OK,WOODWARD,G4001530,5672,Other,0,0
TN,ANDERSON,G4700010,21221,Democratic,9876,46.53880589981622
TN,ANDERSON,G4700010,21221,Republican,11152,52.55171763818859
TN,ANDERSON,G4700010,21221,Other,189,0.8906272088968474
TN,BEDFORD,G4700030,7152,Democratic,4456,62.304250559284114
TN,BEDFORD,G4700030,7152,Republican,2633,36.814876957494405
TN,BEDFORD,G4700030,7152,Other,62,0.8668903803131992
TN,BENTON,G4700050,3923,Democratic,2030,51.74611266887587
TN,BENTON,G4700050,3923,Republican,1773,45.19500382360439
TN,BENTON,G4700050,3923,Other,120,3.058883507519755
TN,BLEDSOE,G4700070,2452,Democratic,981,40.00815660685155
TN,BLEDSOE,G4700070,2452,Republican,1439,58.686786296900486
TN,BLEDSOE,G4700070,2452,Other,32,1.3050570962479608
TN,BLOUNT,G4700090,19872,Democratic,6212,31.260064412238325
TN,BLOUNT,G4700090,19872,Republican,13551,68.19142512077295
TN,BLOUNT,G4700090,19872,Other,105,0.5283816425120773
TN,BRADLEY,G4700110,11285,Democratic,3307,29.30438635356668
TN,BRADLEY,G4700110,11285,Republican,7865,69.6942844483828
TN,BRADLEY,G4700110,11285,Other,113,1.0013291980505097
TN,CAMPBELL,G4700130,8297,Democratic,3134,37.77268892370736
TN,CAMPBELL,G4700130,8297,Republican,5079,61.214896950705075
TN,CAMPBELL,G4700130,8297,Other,84,1.0124141255875618
TN,CANNON,G4700150,2487,Democratic,1275,51.26658624849216
TN,CANNON,G4700150,2487,Republican,1195,48.04985926819461
TN,CANNON,G4700150,2487,Other,17,0.6835544833132288
TN,CARROLL,G4700170,7609,Democratic,2961,38.91444342226311
TN,CARROLL,G4700170,7609,Republican,4517,59.3639111578394
TN,CARROLL,G4700170,7609,Other,131,1.7216454198974898
TN,CARTER,G4700190,15798,Democratic,3411,21.591340676034942
TN,CARTER,G4700190,15798,Republican,12213,77.3072540827953
TN,CARTER,G4700190,15798,Other,171,1.0824154956323586
TN,CHEATHAM,G4700210,2607,Democratic,1883,72.22861526658994
TN,CHEATHAM,G4700210,2607,Republican,683,26.198695818948988
TN,CHEATHAM,G4700210,2607,Other,41,1.5726889144610665
TN,CHESTER,G4700230,3060,Democratic,1192,38.954248366013076
TN,CHESTER,G4700230,3060,Republican,1807,59.052287581699346
TN,CHESTER,G4700230,3060,Other,61,1.9934640522875815
TN,CLAIBORNE,G4700250,6056,Democratic,2141,35.35336856010568
TN,CLAIBORNE,G4700250,6056,Republican,3888,64.20079260237782
TN,CLAIBORNE,G4700250,6056,Other,25,0.4128137384412154
TN,CLAY,G4700270,2106,Democratic,976,46.34377967711301
TN,CLAY,G4700270,2106,Republican,1098,52.13675213675214
TN,CLAY,G4700270,2106,Other,32,1.519468186134853
TN,COCKE,G4700290,8095,Democratic,1442,17.813465101914762
TN,COCKE,G4700290,8095,Republican,6580,81.28474366893144
TN,COCKE,G4700290,8095,Other,71,0.8770846201358864
TN,COFFEE,G4700310,7686,Democratic,4555,59.26359614884205
TN,COFFEE,G4700310,7686,Republican,3057,39.7736143637783
TN,COFFEE,G4700310,7686,Other,72,0.936768149882904
TN,CROCKETT,G4700330,3013,Democratic,1438,47.726518420179225
TN,CROCKETT,G4700330,3013,Republican,1467,48.68901427149021
TN,CROCKETT,G4700330,3013,Other,108,3.5844673083305674
TN,CUMBERLAND,G4700350,5804,Democratic,2189,37.71536871123363
TN,CUMBERLAND,G4700350,5804,Republican,3522,60.682288077188154
TN,CUMBERLAND,G4700350,5804,Other,92,1.5851137146795313
TN,DAVIDSON,G4700370,112597,Democratic,59643,52.970327806247056
TN,DAVIDSON,G4700370,112597,Republican,52076,46.249900086147946
TN,DAVIDSON,G4700370,112597,Other,867,0.7700027531817011
TN,DECATUR,G4700390,3075,Democratic,1321,42.95934959349593
TN,DECATUR,G4700390,3075,Republican,1684,54.76422764227642
TN,DECATUR,G4700390,3075,Other,70,2.2764227642276422
TN,DE KALB,G4700410,3026,Democratic,1547,51.12359550561798
TN,DE KALB,G4700410,3026,Republican,1440,47.587574355584934
TN,DE KALB,G4700410,3026,Other,39,1.288830138797092
TN,DICKSON,G4700430,5894,Democratic,3930,66.6779776043434
TN,DICKSON,G4700430,5894,Republican,1928,32.711231761113
TN,DICKSON,G4700430,5894,Other,36,0.6107906345436036
TN,DYER,G4700450,8203,Democratic,3868,47.15348043398757
TN,DYER,G4700450,8203,Republican,4097,49.94514202121175
TN,DYER,G4700450,8203,Other,238,2.901377544800683
TN,FAYETTE,G4700470,2799,Democratic,892,31.868524473026085
TN,FAYETTE,G4700470,2799,Republican,1370,48.94605216148625
TN,FAYETTE,G4700470,2799,Other,537,19.185423365487676
TN,FENTRESS,G4700490,3792,Democratic,1014,26.740506329113924
TN,FENTRESS,G4700490,3792,Republican,2726,71.88818565400844
TN,FENTRESS,G4700490,3792,Other,52,1.3713080168776373
TN,FRANKLIN,G4700510,7139,Democratic,5041,70.61213055049727
TN,FRANKLIN,G4700510,7139,Republican,2040,28.575430732595603
TN,FRANKLIN,G4700510,7139,Other,56,0.7844235887379185
TN,GIBSON,G4700530,11329,Democratic,5796,51.160737929208224
TN,GIBSON,G4700530,11329,Republican,5173,45.661576485126666
TN,GIBSON,G4700530,11329,Other,359,3.168858681260482
TN,GILES,G4700550,6513,Democratic,4879,74.91171503147551
TN,GILES,G4700550,6513,Republican,1598,24.53554429602334
TN,GILES,G4700550,6513,Other,36,0.5527406725011516
TN,GRAINGER,G4700570,3977,Democratic,939,23.610761880814685
TN,GRAINGER,G4700570,3977,Republican,3017,75.86120191098819
TN,GRAINGER,G4700570,3977,Other,21,0.5280362081971335
TN,GREENE,G4700590,13276,Democratic,4405,33.18017475143115
TN,GREENE,G4700590,13276,Republican,8834,66.54112684543537
TN,GREENE,G4700590,13276,Other,35,0.2636336245857186
TN,GRUNDY,G4700610,2960,Democratic,2143,72.39864864864865
TN,GRUNDY,G4700610,2960,Republican,786,26.554054054054056
TN,GRUNDY,G4700610,2960,Other,31,1.0472972972972974
TN,HAMBLEN,G4700630,10245,Democratic,3122,30.473401659346024
TN,HAMBLEN,G4700630,10245,Republican,7093,69.23377257198634
TN,HAMBLEN,G4700630,10245,Other,30,0.29282576866764276
TN,HAMILTON,G4700650,71277,Democratic,30478,42.759936585434296
TN,HAMILTON,G4700650,71277,Republican,39701,55.69959453961306
TN,HAMILTON,G4700650,71277,Other,1091,1.530648035130547
TN,HANCOCK,G4700670,2552,Democratic,438,17.163009404388717
TN,HANCOCK,G4700670,2552,Republican,2107,82.5626959247649
TN,HANCOCK,G4700670,2552,Other,7,0.274294670846395
TN,HARDEMAN,G4700690,3604,Democratic,1711,47.47502774694784
TN,HARDEMAN,G4700690,3604,Republican,1601,44.42286348501665
TN,HARDEMAN,G4700690,3604,Other,292,8.102108768035517
TN,HARDIN,G4700710,5098,Democratic,1690,33.150255001961554
TN,HARDIN,G4700710,5098,Republican,3323,65.1824244801883
TN,HARDIN,G4700710,5098,Other,85,1.6673205178501374
TN,HAWKINS,G4700730,9672,Democratic,2585,26.726633581472292
TN,HAWKINS,G4700730,9672,Republican,7009,72.46691480562448
TN,HAWKINS,G4700730,9672,Other,75,0.7754342431761787
TN,HAYWOOD,G4700750,3334,Democratic,1867,55.998800239952004
TN,HAYWOOD,G4700750,3334,Republican,1188,35.63287342531494
TN,HAYWOOD,G4700750,3334,Other,279,8.368326334733053
TN,HENDERSON,G4700770,5128,Democratic,1490,29.05616224648986
TN,HENDERSON,G4700770,5128,Republican,3597,70.14430577223088
TN,HENDERSON,G4700770,5128,Other,41,0.7995319812792511
TN,HENRY,G4700790,8213,Democratic,5049,61.47570924144649
TN,HENRY,G4700790,8213,Republican,3032,36.917082673809816
TN,HENRY,G4700790,8213,Other,131,1.595032265919883
TN,HICKMAN,G4700810,3687,Democratic,2401,65.12069433143478
TN,HICKMAN,G4700810,3687,Republican,1224,33.19772172497966
TN,HICKMAN,G4700810,3687,Other,62,1.6815839435855708
TN,HOUSTON,G4700830,1533,Democratic,1150,75.01630789302021
TN,HOUSTON,G4700830,1533,Republican,366,23.874755381604697
TN,HOUSTON,G4700830,1533,Other,17,1.1089367253750815
TN,HUMPHREYS,G4700850,3766,Democratic,2592,68.82634094530006
TN,HUMPHREYS,G4700850,3766,Republican,1126,29.899097185342537
TN,HUMPHREYS,G4700850,3766,Other,48,1.2745618693574083
TN,JACKSON,G4700870,2636,Democratic,1539,58.383915022761755
TN,JACKSON,G4700870,2636,Republican,1049,39.795144157814875
TN,JACKSON,G4700870,2636,Other,48,1.8209408194233687
TN,JEFFERSON,G4700890,7794,Democratic,1620,20.785219399538107
TN,JEFFERSON,G4700890,7794,Republican,6141,78.7913779830639
TN,JEFFERSON,G4700890,7794,Other,33,0.4234026173979984
TN,JOHNSON,G4700910,4443,Democratic,571,12.851676794958362
TN,JOHNSON,G4700910,4443,Republican,3854,86.74319153724961
TN,JOHNSON,G4700910,4443,Other,18,0.4051316677920324
TN,KNOX,G4700930,83300,Democratic,31987,38.39975990396158
TN,KNOX,G4700930,83300,Republican,50805,60.99039615846339
TN,KNOX,G4700930,83300,Other,491,0.5894357743097238
TN,LAKE,G4700950,2151,Democratic,1346,62.57554625755463
TN,LAKE,G4700950,2151,Republican,732,34.03068340306834
TN,LAKE,G4700950,2151,Other,73,3.3937703393770344
TN,LAUDERDALE,G4700970,4832,Democratic,3462,71.64735099337747
TN,LAUDERDALE,G4700970,4832,Republican,1322,27.35927152317881
TN,LAUDERDALE,G4700970,4832,Other,48,0.9933774834437087
TN,LAWRENCE,G4700990,10639,Democratic,4861,45.69038443462731
TN,LAWRENCE,G4700990,10639,Republican,5709,53.66105837014757
TN,LAWRENCE,G4700990,10639,Other,67,0.6297584359432278
TN,LEWIS,G4701010,2312,Democratic,1723,74.5242214532872
TN,LEWIS,G4701010,2312,Republican,580,25.08650519031142
TN,LEWIS,G4701010,2312,Other,9,0.38927335640138405
TN,LINCOLN,G4701030,6338,Democratic,4862,76.71189649731777
TN,LINCOLN,G4701030,6338,Republican,1428,22.530766803408014
TN,LINCOLN,G4701030,6338,Other,48,0.757336699274219
TN,LOUDON,G4701050,8181,Democratic,2722,33.27221611049994
TN,LOUDON,G4701050,8181,Republican,5355,65.45654565456546
TN,LOUDON,G4701050,8181,Other,102,1.2467913458012467
TN,MCMINN,G4701070,10766,Democratic,4110,38.175738435816456
TN,MCMINN,G4701070,10766,Republican,6584,61.155489503994055
TN,MCMINN,G4701070,10766,Other,70,0.6501950585175552
TN,MCNAIRY,G4701090,5596,Democratic,2173,38.831308077198
TN,MCNAIRY,G4701090,5596,Republican,3309,59.13152251608291
TN,MCNAIRY,G4701090,5596,Other,112,2.0014295925661187
TN,MACON,G4701110,3782,Democratic,915,24.193548387096776
TN,MACON,G4701110,3782,Republican,2829,74.80169222633528
TN,MACON,G4701110,3782,Other,38,1.0047593865679536
TN,MADISON,G4701130,17693,Democratic,8082,45.67908212287345
TN,MADISON,G4701130,17693,Republican,8862,50.08760526761996
TN,MADISON,G4701130,17693,Other,747,4.2220087040072345
TN,MARION,G4701150,5865,Democratic,3124,53.265132139812444
TN,MARION,G4701150,5865,Republican,2657,45.30264279624893
TN,MARION,G4701150,5865,Other,84,1.432225063938619
TN,MARSHALL,G4701170,5387,Democratic,3625,67.29162799331725
TN,MARSHALL,G4701170,5387,Republican,1717,31.873027659179503
TN,MARSHALL,G4701170,5387,Other,45,0.8353443475032486
TN,MAURY,G4701190,10879,Democratic,6614,60.79602904678739
TN,MAURY,G4701190,10879,Republican,4133,37.990624138248
TN,MAURY,G4701190,10879,Other,131,1.2041547936391213
TN,MEIGS,G4701210,1605,Democratic,691,43.05295950155763
TN,MEIGS,G4701210,1605,Republican,901,56.137071651090345
TN,MEIGS,G4701210,1605,Other,13,0.809968847352025
TN,MONROE,G4701230,8452,Democratic,3375,39.93137718883105
TN,MONROE,G4701230,8452,Republican,4991,59.0511121628017
TN,MONROE,G4701230,8452,Other,85,1.0056791292001894
TN,MONTGOMERY,G4701250,10270,Democratic,7635,74.3427458617332
TN,MONTGOMERY,G4701250,10270,Republican,2549,24.819863680623175
TN,MONTGOMERY,G4701250,10270,Other,84,0.8179162609542356
TN,MOORE,G4701270,1187,Democratic,863,72.70429654591408
TN,MOORE,G4701270,1187,Republican,313,26.36899747262005
TN,MOORE,G4701270,1187,Other,11,0.9267059814658803
TN,MORGAN,G4701290,3855,Democratic,1576,40.88197146562905
TN,MORGAN,G4701290,3855,Republican,2241,58.132295719844365
TN,MORGAN,G4701290,3855,Other,38,0.9857328145265888
TN,OBION,G4701310,8196,Democratic,4244,51.781356759394825
TN,OBION,G4701310,8196,Republican,3800,46.364080039043436
TN,OBION,G4701310,8196,Other,152,1.8545632015617375
TN,OVERTON,G4701330,4252,Democratic,2389,56.18532455315146
TN,OVERTON,G4701330,4252,Republican,1831,43.0620884289746
TN,OVERTON,G4701330,4252,Other,32,0.7525870178739417
TN,PERRY,G4701350,1737,Democratic,1076,61.94588370754174
TN,PERRY,G4701350,1737,Republican,645,37.13298791018998
TN,PERRY,G4701350,1737,Other,16,0.9211283822682788
TN,PICKETT,G4701370,1721,Democratic,567,32.94596165020337
TN,PICKETT,G4701370,1721,Republican,1154,67.05403834979663
TN,PICKETT,G4701370,1721,Other,0,0
TN,POLK,G4701390,3751,Democratic,1532,40.842442015462545
TN,POLK,G4701390,3751,Republican,2187,58.30445214609438
TN,POLK,G4701390,3751,Other,32,0.8531058384430819
TN,PUTNAM,G4701410,8715,Democratic,4443,50.98106712564544
TN,PUTNAM,G4701410,8715,Republican,4240,48.65174985656913
TN,PUTNAM,G4701410,8715,Other,31,0.35570854847963285
TN,RHEA,G4701430,4552,Democratic,1761,38.68629173989455
TN,RHEA,G4701430,4552,Republican,2721,59.77592267135326
TN,RHEA,G4701430,4552,Other,70,1.5377855887521967
TN,ROANE,G4701450,11626,Democratic,4953,42.602786857044556
TN,ROANE,G4701450,11626,Republican,6540,56.253225528986746
TN,ROANE,G4701450,11626,Other,133,1.1439876139686909
TN,ROBERTSON,G4701470,5891,Democratic,4052,68.78288915294517
TN,ROBERTSON,G4701470,5891,Republican,1776,30.147682906127994
TN,ROBERTSON,G4701470,5891,Other,62,1.0524528942454592
TN,RUTHERFORD,G4701490,11052,Democratic,6409,57.9895041621426
TN,RUTHERFORD,G4701490,11052,Republican,4526,40.9518639160333
TN,RUTHERFORD,G4701490,11052,Other,115,1.0405356496561708
TN,SCOTT,G4701510,4411,Democratic,1098,24.892314667875766
TN,SCOTT,G4701510,4411,Republican,3301,74.83563817728405
TN,SCOTT,G4701510,4411,Other,12,0.2720471548401723
TN,SEQUATCHIE,G4701530,1655,Democratic,930,56.19335347432024
TN,SEQUATCHIE,G4701530,1655,Republican,703,42.477341389728096
TN,SEQUATCHIE,G4701530,1655,Other,22,1.3293051359516617
TN,SEVIER,G4701550,9192,Democratic,1340,14.577893820713664
TN,SEVIER,G4701550,9192,Republican,7818,85.05221932114883
TN,SEVIER,G4701550,9192,Other,32,0.34812880765883375
TN,SHELBY,G4701570,176607,Democratic,86255,48.840079951530804
TN,SHELBY,G4701570,176607,Republican,87191,49.370070269015386
TN,SHELBY,G4701570,176607,Other,3144,1.780223886935399
TN,SMITH,G4701590,4060,Democratic,2411,59.384236453201964
TN,SMITH,G4701590,4060,Republican,1601,39.43349753694581
TN,SMITH,G4701590,4060,Other,48,1.1822660098522169
TN,STEWART,G4701610,2386,Democratic,1810,75.85917854149203
TN,STEWART,G4701610,2386,Republican,539,22.59010896898575
TN,STEWART,G4701610,2386,Other,37,1.5507124895222129
TN,SULLIVAN,G4701630,37598,Democratic,14731,39.18027554657162
TN,SULLIVAN,G4701630,37598,Republican,22352,59.44997074312464
TN,SULLIVAN,G4701630,37598,Other,511,1.35911484653439
TN,SUMNER,G4701650,10261,Democratic,6686,65.15934119481533
TN,SUMNER,G4701650,10261,Republican,3491,34.02202514374817
TN,SUMNER,G4701650,10261,Other,82,0.799142383783257
TN,TIPTON,G4701670,5917,Democratic,3853,65.11745817137063
TN,TIPTON,G4701670,5917,Republican,1829,30.910934595234068
TN,TIPTON,G4701670,5917,Other,235,3.9716072333953014
TN,TROUSDALE,G4701690,1356,Democratic,1036,76.40117994100295
TN,TROUSDALE,G4701690,1356,Republican,308,22.71386430678466
TN,TROUSDALE,G4701690,1356,Other,12,0.8849557522123894
TN,UNICOI,G4701710,5336,Democratic,1322,24.77511244377811
TN,UNICOI,G4701710,5336,Republican,4004,75.03748125937032
TN,UNICOI,G4701710,5336,Other,10,0.1874062968515742
TN,UNION,G4701730,2753,Democratic,652,23.683254631311296
TN,UNION,G4701730,2753,Republican,2082,75.62658917544496
TN,UNION,G4701730,2753,Other,19,0.6901561932437341
TN,VAN BUREN,G4701750,995,Democratic,577,57.98994974874372
TN,VAN BUREN,G4701750,995,Republican,401,40.301507537688444
TN,VAN BUREN,G4701750,995,Other,17,1.7085427135678393
TN,WARREN,G4701770,5841,Democratic,3119,53.39839068652628
TN,WARREN,G4701770,5841,Republican,2682,45.91679506933744
TN,WARREN,G4701770,5841,Other,40,0.684814244136278
TN,WASHINGTON,G4701790,21236,Democratic,6282,29.581842154831417
TN,WASHINGTON,G4701790,21236,Republican,14850,69.92842343190809
TN,WASHINGTON,G4701790,21236,Other,102,0.48031644377472216
TN,WAYNE,G4701810,3872,Democratic,931,24.04442148760331
TN,WAYNE,G4701810,3872,Republican,2912,75.20661157024794
TN,WAYNE,G4701810,3872,Other,29,0.7489669421487604
TN,WEAKLEY,G4701830,8109,Democratic,4488,55.34591194968554
TN,WEAKLEY,G4701830,8109,Republican,3543,43.692193858675545
TN,WEAKLEY,G4701830,8109,Other,78,0.9618941916389198
TN,WHITE,G4701850,3998,Democratic,2207,55.20260130065032
TN,WHITE,G4701850,3998,Republican,1725,43.14657328664332
TN,WHITE,G4701850,3998,Other,66,1.6508254127063533
TN,WILLIAMSON,G4701870,7228,Democratic,4471,61.85666851134477
TN,WILLIAMSON,G4701870,7228,Republican,2699,37.340896513558384
TN,WILLIAMSON,G4701870,7228,Other,58,0.8024349750968456
TN,WILSON,G4701890,8297,Democratic,4856,58.52717849825238
TN,WILSON,G4701890,8297,Republican,3383,40.773773653127634
TN,WILSON,G4701890,8297,Other,56,0.6749427503917079
WV,BARBOUR,G5400010,7824,Democratic,3817,48.785787321063395
WV,BARBOUR,G5400010,7824,Republican,4006,51.20143149284253
WV,BARBOUR,G5400010,7824,Other,0,0
WV,BERKELEY,G5400030,15441,Democratic,7072,45.800142477818795
WV,BERKELEY,G5400030,15441,Republican,8367,54.186904993199924
WV,BERKELEY,G5400030,15441,Other,0,0
WV,BOONE,G5400050,12162,Democratic,8057,66.24732774214768
WV,BOONE,G5400050,12162,Republican,4103,33.7362275941457
WV,BOONE,G5400050,12162,Other,0,0
WV,BRAXTON,G5400070,7162,Democratic,4185,58.433398492041334
WV,BRAXTON,G5400070,7162,Republican,2977,41.56660150795867
WV,BRAXTON,G5400070,7162,Other,0,0
WV,BROOKE,G5400090,13592,Democratic,7837,57.65891701000589
WV,BROOKE,G5400090,13592,Republican,5753,42.32636845203061
WV,BROOKE,G5400090,13592,Other,0,0
WV,CABELL,G5400110,47899,Democratic,20908,43.650180588321255
WV,CABELL,G5400110,47899,Republican,26986,56.33938078039208
WV,CABELL,G5400110,47899,Other,0,0
WV,CALHOUN,G5400130,3921,Democratic,1975,50.36980362152512
WV,CALHOUN,G5400130,3921,Republican,1946,49.63019637847488
WV,CALHOUN,G5400130,3921,Other,0,0
WV,CLAY,G5400150,5265,Democratic,2859,54.301994301994306
WV,CLAY,G5400150,5265,Republican,2406,45.6980056980057
WV,CLAY,G5400150,5265,Other,0,0
WV,DODDRIDGE,G5400170,3455,Democratic,1053,30.477568740955135
WV,DODDRIDGE,G5400170,3455,Republican,2402,69.52243125904486
WV,DODDRIDGE,G5400170,3455,Other,0,0
WV,FAYETTE,G5400190,25646,Democratic,18109,70.6114013881307
WV,FAYETTE,G5400190,25646,Republican,7535,29.380800124775792
WV,FAYETTE,G5400190,25646,Other,0,0
WV,GILMER,G5400210,3521,Democratic,2075,58.932121556376025
WV,GILMER,G5400210,3521,Republican,1446,41.067878443623975
WV,GILMER,G5400210,3521,Other,0,0
WV,GRANT,G5400230,4241,Democratic,908,21.410044800754537
WV,GRANT,G5400230,4241,Republican,3333,78.58995519924547
WV,GRANT,G5400230,4241,Other,0,0
WV,GREENBRIER,G5400250,14976,Democratic,8342,55.70245726495726
WV,GREENBRIER,G5400250,14976,Republican,6633,44.29086538461539
WV,GREENBRIER,G5400250,14976,Other,0,0
WV,HAMPSHIRE,G5400270,5390,Democratic,2849,52.85714285714286
WV,HAMPSHIRE,G5400270,5390,Republican,2541,47.14285714285714
WV,HAMPSHIRE,G5400270,5390,Other,0,0
WV,HANCOCK,G5400290,19207,Democratic,11175,58.18191284427553
WV,HANCOCK,G5400290,19207,Republican,8030,41.80767428541677
WV,HANCOCK,G5400290,19207,Other,0,0
WV,HARDY,G5400310,4507,Democratic,2465,54.69270024406478
WV,HARDY,G5400310,4507,Republican,2042,45.30729975593521
WV,HARDY,G5400310,4507,Other,0,0
WV,HARRISON,G5400330,39105,Democratic,20726,53.00089502621148
WV,HARRISON,G5400330,39105,Republican,18375,46.988876102800155
WV,HARRISON,G5400330,39105,Other,0,0
WV,JACKSON,G5400350,9150,Democratic,3614,39.497267759562845
WV,JACKSON,G5400350,9150,Republican,5535,60.49180327868853
WV,JACKSON,G5400350,9150,Other,0,0
WV,JEFFERSON,G5400370,7239,Democratic,4351,60.10498687664042
WV,JEFFERSON,G5400370,7239,Republican,2887,39.88119906064374
WV,JEFFERSON,G5400370,7239,Other,0,0
WV,KANAWHA,G5400390,111614,Democratic,54479,48.81018510222732
WV,KANAWHA,G5400390,111614,Republican,57124,51.17995950328812
WV,KANAWHA,G5400390,111614,Other,0,0
WV,LEWIS,G5400410,8806,Democratic,3648,41.42630024982966
WV,LEWIS,G5400410,8806,Republican,5157,58.56234385646151
WV,LEWIS,G5400410,8806,Other,0,0
WV,LINCOLN,G5400430,9602,Democratic,5023,52.312018329514686
WV,LINCOLN,G5400430,9602,Republican,4578,47.67756717350552
WV,LINCOLN,G5400430,9602,Other,0,0
WV,LOGAN,G5400450,24196,Democratic,16359,67.61034881798645
WV,LOGAN,G5400450,24196,Republican,7835,32.3813853529509
WV,LOGAN,G5400450,24196,Other,0,0
WV,MCDOWELL,G5400470,26056,Democratic,19500,74.83880871968069
WV,MCDOWELL,G5400470,26056,Republican,6553,25.14967761743936
WV,MCDOWELL,G5400470,26056,Other,0,0
WV,MARION,G5400490,32041,Democratic,17901,55.86904278892669
WV,MARION,G5400490,32041,Republican,14136,44.11847320620455
WV,MARION,G5400490,32041,Other,0,0
WV,MARSHALL,G5400510,18344,Democratic,9196,50.13083296990841
WV,MARSHALL,G5400510,18344,Republican,9146,49.858264282599215
WV,MARSHALL,G5400510,18344,Other,0,0
WV,MASON,G5400530,10946,Democratic,4522,41.311894756075276
WV,MASON,G5400530,10946,Republican,6423,58.67896948657043
WV,MASON,G5400530,10946,Other,0,0
WV,MERCER,G5400550,29008,Democratic,17289,59.60079977937121
WV,MERCER,G5400550,29008,Republican,11716,40.3888582460011
WV,MERCER,G5400550,29008,Other,0,0
WV,MINERAL,G5400570,10463,Democratic,4163,39.787823759915895
WV,MINERAL,G5400570,10463,Republican,6299,60.20261875179202
WV,MINERAL,G5400570,10463,Other,0,0
WV,MINGO,G5400590,16162,Democratic,11258,69.65722064100977
WV,MINGO,G5400590,16162,Republican,4902,30.33040465288949
WV,MINGO,G5400590,16162,Other,0,0
WV,MONONGALIA,G5400610,24626,Democratic,13101,53.199870056038336
WV,MONONGALIA,G5400610,24626,Republican,11523,46.79200844635751
WV,MONONGALIA,G5400610,24626,Other,0,0
WV,MONROE,G5400630,6049,Democratic,2910,48.10712514465201
WV,MONROE,G5400630,6049,Republican,3139,51.89287485534799
WV,MONROE,G5400630,6049,Other,0,0
WV,MORGAN,G5400650,4121,Democratic,1369,33.220092210628486
WV,MORGAN,G5400650,4121,Republican,2752,66.7799077893715
WV,MORGAN,G5400650,4121,Other,0,0
WV,NICHOLAS,G5400670,10071,Democratic,5774,57.332936153311486
WV,NICHOLAS,G5400670,10071,Republican,4296,42.65713434614239
WV,NICHOLAS,G5400670,10071,Other,0,0
WV,OHIO,G5400690,35790,Democratic,18421,51.46968426934898
WV,OHIO,G5400690,35790,Republican,17365,48.519139424420224
WV,OHIO,G5400690,35790,Other,0,0
WV,PENDLETON,G5400710,3987,Democratic,2057,51.59267619764234
WV,PENDLETON,G5400710,3987,Republican,1930,48.40732380235766
WV,PENDLETON,G5400710,3987,Other,0,0
WV,PLEASANTS,G5400730,3724,Democratic,1742,46.777658431793775
WV,PLEASANTS,G5400730,3724,Republican,1982,53.22234156820623
WV,PLEASANTS,G5400730,3724,Other,0,0
WV,POCAHONTAS,G5400750,5291,Democratic,2822,53.335853335853336
WV,POCAHONTAS,G5400750,5291,Republican,2469,46.664146664146664
WV,POCAHONTAS,G5400750,5291,Other,0,0
WV,PRESTON,G5400770,11129,Democratic,4220,37.91895048971157
WV,PRESTON,G5400770,11129,Republican,6908,62.072063976997036
WV,PRESTON,G5400770,11129,Other,0,0
WV,PUTNAM,G5400790,10670,Democratic,4968,46.56044985941893
WV,PUTNAM,G5400790,10670,Republican,5701,53.43017806935333
WV,PUTNAM,G5400790,10670,Other,0,0
WV,RALEIGH,G5400810,32536,Democratic,20446,62.84116056060979
WV,RALEIGH,G5400810,32536,Republican,12087,37.14961888369806
WV,RALEIGH,G5400810,32536,Other,0,0
WV,RANDOLPH,G5400830,12007,Democratic,6988,58.19938369284584
WV,RANDOLPH,G5400830,12007,Republican,5018,41.79228783209794
WV,RANDOLPH,G5400830,12007,Other,0,0
WV,RITCHIE,G5400850,5563,Democratic,1590,28.581700521301457
WV,RITCHIE,G5400850,5563,Republican,3972,71.400323566421
WV,RITCHIE,G5400850,5563,Other,0,0
WV,ROANE,G5400870,7723,Democratic,3280,42.47054253528422
WV,ROANE,G5400870,7723,Republican,4442,57.51650912857698
WV,ROANE,G5400870,7723,Other,0,0
WV,SUMMERS,G5400890,7759,Democratic,4621,59.55664389740946
WV,SUMMERS,G5400890,7759,Republican,3137,40.430467843794304
WV,SUMMERS,G5400890,7759,Other,0,0
WV,TAYLOR,G5400910,7481,Democratic,3488,46.62478278305039
WV,TAYLOR,G5400910,7481,Republican,3992,53.361850020050795
WV,TAYLOR,G5400910,7481,Other,0,0
WV,TUCKER,G5400930,3977,Democratic,2090,52.55217500628615
WV,TUCKER,G5400930,3977,Republican,1887,47.44782499371386
WV,TUCKER,G5400930,3977,Other,0,0
WV,TYLER,G5400950,5095,Democratic,1558,30.57899901864573
WV,TYLER,G5400950,5095,Republican,3537,69.42100098135427
WV,TYLER,G5400950,5095,Other,0,0
WV,UPSHUR,G5400970,7713,Democratic,2589,33.566705562038116
WV,UPSHUR,G5400970,7713,Republican,5123,66.42032931414495
WV,UPSHUR,G5400970,7713,Other,0,0
WV,WAYNE,G5400990,17268,Democratic,9140,52.930275654389625
WV,WAYNE,G5400990,17268,Republican,8126,47.058142228399355
WV,WAYNE,G5400990,17268,Other,0,0
WV,WEBSTER,G5401010,5168,Democratic,3479,67.31811145510835
WV,WEBSTER,G5401010,5168,Republican,1689,32.68188854489164
WV,WEBSTER,G5401010,5168,Other,0,0
WV,WETZEL,G5401030,9487,Democratic,4337,45.71518920628228
WV,WETZEL,G5401030,9487,Republican,5149,54.274270053757775
WV,WETZEL,G5401030,9487,Other,0,0
WV,WIRT,G5401050,2392,Democratic,1045,43.687290969899664
WV,WIRT,G5401050,2392,Republican,1347,56.312709030100336
WV,WIRT,G5401050,2392,Other,0,0
WV,WOOD,G5401070,37527,Democratic,15394,41.02113145202121
WV,WOOD,G5401070,37527,Republican,22130,58.97087430383458
WV,WOOD,G5401070,37527,Other,0,0
WV,WYOMING,G5401090,13686,Democratic,8602,62.85255005114716
WV,WYOMING,G5401090,13686,Republican,5083,37.1401432120415
WV,WYOMING,G5401090,13686,Other,0,0
AZ,APACHE,G0400010,3030,Democratic,1459,48.15181518151815
AZ,APACHE,G0400010,3030,Republican,1568,51.74917491749175
AZ,APACHE,G0400010,3030,Other,3,0.09900990099009901
AZ,COCHISE,G0400030,15007,Democratic,7418,49.43026587592457
AZ,COCHISE,G0400030,15007,Republican,7571,50.449790097954285
AZ,COCHISE,G0400030,15007,Other,15,0.09995335510095289
AZ,COCONINO,G0400050,8944,Democratic,4064,45.43828264758497
AZ,COCONINO,G0400050,8944,Republican,4869,54.438729874776385
AZ,COCONINO,G0400050,8944,Other,9,0.10062611806797854
AZ,GILA,G0400070,9065,Democratic,5250,57.91505791505791
AZ,GILA,G0400070,9065,Republican,3805,41.9746276889134
AZ,GILA,G0400070,9065,Other,7,0.07722007722007722
AZ,GRAHAM,G0400090,4583,Democratic,2091,45.62513637355444
AZ,GRAHAM,G0400090,4583,Republican,2491,54.35304385773511
AZ,GRAHAM,G0400090,4583,Other,1,0.02181976871045167
AZ,GREENLEE,G0400110,4386,Democratic,3069,69.97264021887824
AZ,GREENLEE,G0400110,4386,Republican,1313,29.936160510715915
AZ,GREENLEE,G0400110,4386,Other,4,0.09119927040583675
AZ,MARICOPA,G0400130,214059,Democratic,86822,40.559845650031065
AZ,MARICOPA,G0400130,214059,Republican,127087,59.370080211530464
AZ,MARICOPA,G0400130,214059,Other,128,0.05979659813415927
AZ,MOHAVE,G0400150,2952,Democratic,1303,44.139566395663955
AZ,MOHAVE,G0400150,2952,Republican,1641,55.58943089430895
AZ,MOHAVE,G0400150,2952,Other,8,0.27100271002710025
AZ,NAVAJO,G0400170,7151,Democratic,3051,42.665361487903795
AZ,NAVAJO,G0400170,7151,Republican,4090,57.194797930359385
AZ,NAVAJO,G0400170,7151,Other,9,0.125856523563138
AZ,PIMA,G0400190,89144,Democratic,42165,47.29987436058512
AZ,PIMA,G0400190,89144,Republican,46729,52.41968051691644
AZ,PIMA,G0400190,89144,Other,232,0.26025307367854256
AZ,PINAL,G0400210,13684,Democratic,7232,52.85004384682841
AZ,PINAL,G0400210,13684,Republican,6440,47.062262496346094
AZ,PINAL,G0400210,13684,Other,11,0.08038585209003216
AZ,SANTA CRUZ,G0400230,3135,Democratic,1868,59.58532695374801
AZ,SANTA CRUZ,G0400230,3135,Republican,1265,40.35087719298245
AZ,SANTA CRUZ,G0400230,3135,Other,2,0.06379585326953748
AZ,YAVAPAI,G0400250,11147,Democratic,4324,38.79070601955683
AZ,YAVAPAI,G0400250,11147,Republican,6812,61.11061272091146
AZ,YAVAPAI,G0400250,11147,Other,9,0.08073921234412847
AZ,YUMA,G0400270,12204,Democratic,6641,54.416584726319236
AZ,YUMA,G0400270,12204,Republican,5547,45.452310717797445
AZ,YUMA,G0400270,12204,Other,15,0.12291052114060963
CO,ADAMS,G0800010,39798,Democratic,21165,53.18106437509422
CO,ADAMS,G0800010,39798,Republican,18450,46.35911352329263
CO,ADAMS,G0800010,39798,Other,175,0.4397205889743203
CO,ALAMOSA,G0800030,4086,Democratic,1811,44.3220753793441
CO,ALAMOSA,G0800030,4086,Republican,2271,55.58002936857562
CO,ALAMOSA,G0800030,4086,Other,4,0.09789525208027411
CO,ARAPAHOE,G0800050,43916,Democratic,17400,39.62109481737863
CO,ARAPAHOE,G0800050,43916,Republican,26376,60.06011476455051
CO,ARAPAHOE,G0800050,43916,Other,136,0.309682120411695
CO,ARCHULETA,G0800070,1057,Democratic,567,53.64238410596026
CO,ARCHULETA,G0800070,1057,Republican,489,46.26300851466414
CO,ARCHULETA,G0800070,1057,Other,1,0.0946073793755913
CO,BACA,G0800090,2772,Democratic,952,34.34343434343434
CO,BACA,G0800090,2772,Republican,1815,65.47619047619048
CO,BACA,G0800090,2772,Other,5,0.18037518037518038
CO,BENT,G0800110,2904,Democratic,1228,42.28650137741047
CO,BENT,G0800110,2904,Republican,1671,57.541322314049594
CO,BENT,G0800110,2904,Other,5,0.17217630853994492
CO,BOULDER,G0800130,32197,Democratic,12273,38.118458241451066
CO,BOULDER,G0800130,32197,Republican,19788,61.4591421561015
CO,BOULDER,G0800130,32197,Other,129,0.4006584464391092
CO,CHAFFEE,G0800150,4016,Democratic,1918,47.7589641434263
CO,CHAFFEE,G0800150,4016,Republican,2094,52.1414342629482
CO,CHAFFEE,G0800150,4016,Other,4,0.099601593625498
CO,CHEYENNE,G0800170,1227,Democratic,419,34.14832925835371
CO,CHEYENNE,G0800170,1227,Republican,806,65.68867155664222
CO,CHEYENNE,G0800170,1227,Other,2,0.16299918500407498
CO,CLEAR CREEK,G0800190,1652,Democratic,688,41.64648910411623
CO,CLEAR CREEK,G0800190,1652,Republican,964,58.35351089588377
CO,CLEAR CREEK,G0800190,1652,Other,0,0
CO,CONEJOS,G0800210,3523,Democratic,2069,58.72835651433438
CO,CONEJOS,G0800210,3523,Republican,1367,38.80215725234176
CO,CONEJOS,G0800210,3523,Other,87,2.4694862333238716
CO,COSTILLA,G0800230,2001,Democratic,1351,67.51624187906047
CO,COSTILLA,G0800230,2001,Republican,637,31.83408295852074
CO,COSTILLA,G0800230,2001,Other,13,0.6496751624187905
CO,CROWLEY,G0800250,1805,Democratic,705,39.05817174515235
CO,CROWLEY,G0800250,1805,Republican,1099,60.88642659279778
CO,CROWLEY,G0800250,1805,Other,1,0.0554016620498615
CO,CUSTER,G0800270,823,Democratic,314,38.15309842041312
CO,CUSTER,G0800270,823,Republican,509,61.84690157958688
CO,CUSTER,G0800270,823,Other,0,0
CO,DELTA,G0800290,7343,Democratic,2688,36.60629170638703
CO,DELTA,G0800290,7343,Republican,4644,63.24390576058831
CO,DELTA,G0800290,7343,Other,10,0.1361841209314994
CO,DENVER,G0800310,220701,Democratic,109622,49.66991540591116
CO,DENVER,G0800310,220701,Republican,109446,49.59016950534886
CO,DENVER,G0800310,220701,Other,1611,0.729946851169682
CO,DOLORES,G0800330,862,Democratic,386,44.779582366589324
CO,DOLORES,G0800330,862,Republican,476,55.22041763341067
CO,DOLORES,G0800330,862,Other,0,0
CO,DOUGLAS,G0800350,2313,Democratic,823,35.58149589277994
CO,DOUGLAS,G0800350,2313,Republican,1490,64.41850410722006
CO,DOUGLAS,G0800350,2313,Other,0,0
CO,EAGLE,G0800370,1871,Democratic,880,47.033671833244256
CO,EAGLE,G0800370,1871,Republican,989,52.859433458043824
CO,EAGLE,G0800370,1871,Other,2,0.10689470871191875
CO,ELBERT,G0800390,1928,Democratic,686,35.58091286307054
CO,ELBERT,G0800390,1928,Republican,1240,64.31535269709543
CO,ELBERT,G0800390,1928,Other,2,0.1037344398340249
CO,EL PASO,G0800410,48704,Democratic,17017,34.93963534822602
CO,EL PASO,G0800410,48704,Republican,31624,64.93101182654402
CO,EL PASO,G0800410,48704,Other,58,0.11908672798948752
CO,FREMONT,G0800430,9454,Democratic,3730,39.454199280727735
CO,FREMONT,G0800430,9454,Republican,5689,60.17558705309922
CO,FREMONT,G0800430,9454,Other,33,0.3490585995345885
CO,GARFIELD,G0800450,5539,Democratic,2313,41.75844015165192
CO,GARFIELD,G0800450,5539,Republican,3215,58.042968044773424
CO,GARFIELD,G0800450,5539,Other,11,0.19859180357465248
CO,GILPIN,G0800470,538,Democratic,223,41.44981412639405
CO,GILPIN,G0800470,538,Republican,315,58.550185873605955
CO,GILPIN,G0800470,538,Other,0,0
CO,GRAND,G0800490,1763,Democratic,657,37.266023823028924
CO,GRAND,G0800490,1763,Republican,1104,62.62053318207601
CO,GRAND,G0800490,1763,Other,2,0.11344299489506524
CO,GUNNISON,G0800510,2343,Democratic,1044,44.558258642765686
CO,GUNNISON,G0800510,2343,Republican,1296,55.313700384122924
CO,GUNNISON,G0800510,2343,Other,3,0.12804097311139565
CO,HINSDALE,G0800530,220,Democratic,82,37.27272727272727
CO,HINSDALE,G0800530,220,Republican,138,62.727272727272734
CO,HINSDALE,G0800530,220,Other,0,0
CO,HUERFANO,G0800550,4053,Democratic,2673,65.95114729829756
CO,HUERFANO,G0800550,4053,Republican,1367,33.728102640019735
CO,HUERFANO,G0800550,4053,Other,13,0.32075006168270415
CO,JACKSON,G0800570,865,Democratic,360,41.61849710982659
CO,JACKSON,G0800570,865,Republican,504,58.26589595375723
CO,JACKSON,G0800570,865,Other,1,0.11560693641618498
CO,JEFFERSON,G0800590,57204,Democratic,22962,40.14054961191525
CO,JEFFERSON,G0800590,57204,Republican,34099,59.60946786937976
CO,JEFFERSON,G0800590,57204,Other,132,0.23075309418921752
CO,KIOWA,G0800610,1364,Democratic,498,36.510263929618766
CO,KIOWA,G0800610,1364,Republican,865,63.41642228739003
CO,KIOWA,G0800610,1364,Other,1,0.07331378299120235
CO,KIT CARSON,G0800630,3361,Democratic,1103,32.81761380541505
CO,KIT CARSON,G0800630,3361,Republican,2248,66.88485569770901
CO,KIT CARSON,G0800630,3361,Other,10,0.2975304968759298
CO,LAKE,G0800650,2803,Democratic,1842,65.71530503032466
CO,LAKE,G0800650,2803,Republican,954,34.034962540135574
CO,LAKE,G0800650,2803,Other,7,0.2497324295397788
CO,LA PLATA,G0800670,8111,Democratic,3329,41.04302798668475
CO,LA PLATA,G0800670,8111,Republican,4772,58.833682653187026
CO,LA PLATA,G0800670,8111,Other,10,0.12328936012822095
CO,LARIMER,G0800690,23255,Democratic,7549,32.46183616426575
CO,LARIMER,G0800690,23255,Republican,15669,67.37905826703935
CO,LARIMER,G0800690,23255,Other,33,0.1419049666738336
CO,LAS ANIMAS,G0800710,9722,Democratic,6703,68.94671878214359
CO,LAS ANIMAS,G0800710,9722,Republican,2989,30.74470273606254
CO,LAS ANIMAS,G0800710,9722,Other,28,0.2880065830076116
CO,LINCOLN,G0800730,2542,Democratic,1041,40.95200629425649
CO,LINCOLN,G0800730,2542,Republican,1498,58.929976396538166
CO,LINCOLN,G0800730,2542,Other,3,0.11801730920535011
CO,LOGAN,G0800750,8341,Democratic,3334,39.97122647164609
CO,LOGAN,G0800750,8341,Republican,5001,59.956839707469136
CO,LOGAN,G0800750,8341,Other,4,0.04795588058985733
CO,MESA,G0800770,22132,Democratic,9072,40.9904211097054
CO,MESA,G0800770,22132,Republican,13014,58.80173504427978
CO,MESA,G0800770,22132,Other,44,0.19880715705765406
CO,MINERAL,G0800790,305,Democratic,158,51.80327868852459
CO,MINERAL,G0800790,305,Republican,146,47.868852459016395
CO,MINERAL,G0800790,305,Other,1,0.32786885245901637
CO,MOFFAT,G0800810,2957,Democratic,1200,40.58167061210686
CO,MOFFAT,G0800810,2957,Republican,1754,59.31687521136286
CO,MOFFAT,G0800810,2957,Other,3,0.10145417653026716
CO,MONTEZUMA,G0800830,4900,Democratic,2115,43.16326530612245
CO,MONTEZUMA,G0800830,4900,Republican,2778,56.693877551020414
CO,MONTEZUMA,G0800830,4900,Other,7,0.14285714285714285
CO,MONTROSE,G0800850,6925,Democratic,2861,41.31407942238267
CO,MONTROSE,G0800850,6925,Republican,4039,58.324909747292416
CO,MONTROSE,G0800850,6925,Other,24,0.34657039711191334
CO,MORGAN,G0800870,8259,Democratic,3151,38.15231868264923
CO,MORGAN,G0800870,8259,Republican,5092,61.65395326310691
CO,MORGAN,G0800870,8259,Other,16,0.1937280542438552
CO,OTERO,G0800890,10229,Democratic,4198,41.04017988073125
CO,OTERO,G0800890,10229,Republican,6015,58.80340209209112
CO,OTERO,G0800890,10229,Other,14,0.1368657737804282
CO,OURAY,G0800910,940,Democratic,432,45.95744680851064
CO,OURAY,G0800910,940,Republican,508,54.04255319148936
CO,OURAY,G0800910,940,Other,0,0
CO,PARK,G0800930,1082,Democratic,438,40.48059149722736
CO,PARK,G0800930,1082,Republican,642,59.33456561922365
CO,PARK,G0800930,1082,Other,2,0.18484288354898337
CO,PHILLIPS,G0800950,2318,Democratic,862,37.18723037100949
CO,PHILLIPS,G0800950,2318,Republican,1455,62.76962899050906
CO,PHILLIPS,G0800950,2318,Other,1,0.04314063848144953
CO,PITKIN,G0800970,1167,Democratic,488,41.816623821765205
CO,PITKIN,G0800970,1167,Republican,679,58.183376178234795
CO,PITKIN,G0800970,1167,Other,0,0
CO,PROWERS,G0800990,6030,Democratic,2457,40.74626865671642
CO,PROWERS,G0800990,6030,Republican,3567,59.15422885572139
CO,PROWERS,G0800990,6030,Other,5,0.08291873963515754
CO,PUEBLO,G0801010,48582,Democratic,27420,56.440657033469186
CO,PUEBLO,G0801010,48582,Republican,20574,42.34901815487218
CO,PUEBLO,G0801010,48582,Other,578,1.1897410563583222
CO,RIO BLANCO,G0801030,2188,Democratic,794,36.28884826325412
CO,RIO BLANCO,G0801030,2188,Republican,1391,63.574040219378425
CO,RIO BLANCO,G0801030,2188,Other,3,0.13711151736745886
CO,RIO GRANDE,G0801050,4312,Democratic,1782,41.3265306122449
CO,RIO GRANDE,G0801050,4312,Republican,2524,58.53432282003711
CO,RIO GRANDE,G0801050,4312,Other,6,0.13914656771799627
CO,ROUTT,G0801070,3067,Democratic,1414,46.10368438213238
CO,ROUTT,G0801070,3067,Republican,1651,53.831105314639714
CO,ROUTT,G0801070,3067,Other,2,0.06521030322791001
CO,SAGUACHE,G0801090,1949,Democratic,984,50.48742945100051
CO,SAGUACHE,G0801090,1949,Republican,956,49.050795279630584
CO,SAGUACHE,G0801090,1949,Other,9,0.46177526936890717
CO,SAN JUAN,G0801110,482,Democratic,261,54.149377593360995
CO,SAN JUAN,G0801110,482,Republican,218,45.22821576763486
CO,SAN JUAN,G0801110,482,Other,3,0.6224066390041494
CO,SAN MIGUEL,G0801130,1139,Democratic,612,53.73134328358209
CO,SAN MIGUEL,G0801130,1139,Republican,525,46.093064091308165
CO,SAN MIGUEL,G0801130,1139,Other,2,0.17559262510974538
CO,SEDGWICK,G0801150,2003,Democratic,769,38.39241138292561
CO,SEDGWICK,G0801150,2003,Republican,1230,61.40788816774838
CO,SEDGWICK,G0801150,2003,Other,4,0.199700449326011
CO,SUMMIT,G0801170,828,Democratic,400,48.309178743961354
CO,SUMMIT,G0801170,828,Republican,424,51.20772946859904
CO,SUMMIT,G0801170,828,Other,4,0.4830917874396135
CO,TELLER,G0801190,1349,Democratic,622,46.10822831727205
CO,TELLER,G0801190,1349,Republican,723,53.595255744996294
CO,TELLER,G0801190,1349,Other,4,0.2965159377316531
CO,WASHINGTON,G0801210,3022,Democratic,1039,34.38120450033091
CO,WASHINGTON,G0801210,3022,Republican,1979,65.48643282594308
CO,WASHINGTON,G0801210,3022,Other,4,0.13236267372600927
CO,WELD,G0801230,28790,Democratic,11176,38.81903438693991
CO,WELD,G0801230,28790,Republican,17556,60.979506773185136
CO,WELD,G0801230,28790,Other,52,0.1806182702327197
CO,YUMA,G0801250,4305,Democratic,1489,34.587688734030195
CO,YUMA,G0801250,4305,Republican,2806,65.18002322880372
CO,YUMA,G0801250,4305,Other,10,0.23228803716608595
ID,ADA,G1600010,44720,Democratic,17016,38.05008944543828
ID,ADA,G1600010,44720,Republican,27700,61.940966010733455
ID,ADA,G1600010,44720,Other,0,0
ID,ADAMS,G1600030,1523,Democratic,724,47.53775443204202
ID,ADAMS,G1600030,1523,Republican,799,52.46224556795798
ID,ADAMS,G1600030,1523,Other,0,0
ID,BANNOCK,G1600050,21743,Democratic,12585,57.88069723589201
ID,BANNOCK,G1600050,21743,Republican,9156,42.11010440141655
ID,BANNOCK,G1600050,21743,Other,0,0
ID,BEAR LAKE,G1600070,3526,Democratic,1563,44.32785025524674
ID,BEAR LAKE,G1600070,3526,Republican,1963,55.67214974475326
ID,BEAR LAKE,G1600070,3526,Other,0,0
ID,BENEWAH,G1600090,3030,Democratic,1756,57.95379537953795
ID,BENEWAH,G1600090,3030,Republican,1274,42.04620462046205
ID,BENEWAH,G1600090,3030,Other,0,0
ID,BINGHAM,G1600110,10777,Democratic,4842,44.929015495963625
ID,BINGHAM,G1600110,10777,Republican,5934,55.0617054839009
ID,BINGHAM,G1600110,10777,Other,0,0
ID,BLAINE,G1600130,2468,Democratic,1252,50.72933549432739
ID,BLAINE,G1600130,2468,Republican,1216,49.270664505672606
ID,BLAINE,G1600130,2468,Other,0,0
ID,BOISE,G1600150,888,Democratic,432,48.64864864864865
ID,BOISE,G1600150,888,Republican,456,51.35135135135135
ID,BOISE,G1600150,888,Other,0,0
ID,BONNER,G1600170,7639,Democratic,4064,53.200680717371384
ID,BONNER,G1600170,7639,Republican,3574,46.786228563948164
ID,BONNER,G1600170,7639,Other,0,0
ID,BONNEVILLE,G1600190,19956,Democratic,8844,44.31749849669273
ID,BONNEVILLE,G1600190,19956,Republican,11110,55.67247945480056
ID,BONNEVILLE,G1600190,19956,Other,0,0
ID,BOUNDARY,G1600210,2738,Democratic,1501,54.82103725346968
ID,BOUNDARY,G1600210,2738,Republican,1237,45.17896274653032
ID,BOUNDARY,G1600210,2738,Other,0,0
ID,BUTTE,G1600230,1681,Democratic,1001,59.54788816180845
ID,BUTTE,G1600230,1681,Republican,680,40.45211183819155
ID,BUTTE,G1600230,1681,Other,0,0
ID,CAMAS,G1600250,606,Democratic,322,53.135313531353134
ID,CAMAS,G1600250,606,Republican,284,46.864686468646866
ID,CAMAS,G1600250,606,Other,0,0
ID,CANYON,G1600270,25546,Democratic,9679,37.88851483598215
ID,CANYON,G1600270,25546,Republican,15864,62.099741642527206
ID,CANYON,G1600270,25546,Other,0,0
ID,CARIBOU,G1600290,2837,Democratic,1293,45.57631300669722
ID,CARIBOU,G1600290,2837,Republican,1544,54.42368699330279
ID,CARIBOU,G1600290,2837,Other,0,0
ID,CASSIA,G1600310,6742,Democratic,2445,36.26520320379709
ID,CASSIA,G1600310,6742,Republican,4297,63.73479679620291
ID,CASSIA,G1600310,6742,Other,0,0
ID,CLARK,G1600330,459,Democratic,176,38.344226579520694
ID,CLARK,G1600330,459,Republican,283,61.6557734204793
ID,CLARK,G1600330,459,Other,0,0
ID,CLEARWATER,G1600350,3600,Democratic,2407,66.86111111111111
ID,CLEARWATER,G1600350,3600,Republican,1193,33.13888888888889
ID,CLEARWATER,G1600350,3600,Other,0,0
ID,CUSTER,G1600370,1489,Democratic,838,56.279382135661514
ID,CUSTER,G1600370,1489,Republican,651,43.720617864338486
ID,CUSTER,G1600370,1489,Other,0,0
ID,ELMORE,G1600390,4666,Democratic,2440,52.29318474067723
ID,ELMORE,G1600390,4666,Republican,2226,47.70681525932276
ID,ELMORE,G1600390,4666,Other,0,0
ID,FRANKLIN,G1600410,3985,Democratic,1352,33.92722710163112
ID,FRANKLIN,G1600410,3985,Republican,2633,66.07277289836888
ID,FRANKLIN,G1600410,3985,Other,0,0
ID,FREMONT,G1600430,4117,Democratic,1887,45.83434539713384
ID,FREMONT,G1600430,4117,Republican,2230,54.16565460286616
ID,FREMONT,G1600430,4117,Other,0,0
ID,GEM,G1600450,4404,Democratic,1976,44.868301544050865
ID,GEM,G1600450,4404,Republican,2428,55.13169845594914
ID,GEM,G1600450,4404,Other,0,0
ID,GOODING,G1600470,4528,Democratic,2005,44.28003533568904
ID,GOODING,G1600470,4528,Republican,2523,55.71996466431095
ID,GOODING,G1600470,4528,Other,0,0
ID,IDAHO,G1600490,5504,Democratic,3256,59.15697674418605
ID,IDAHO,G1600490,5504,Republican,2248,40.843023255813954
ID,IDAHO,G1600490,5504,Other,0,0
ID,JEFFERSON,G1600510,4999,Democratic,2374,47.489497899579916
ID,JEFFERSON,G1600510,4999,Republican,2625,52.510502100420084
ID,JEFFERSON,G1600510,4999,Other,0,0
ID,JEROME,G1600530,5182,Democratic,2151,41.50906985719799
ID,JEROME,G1600530,5182,Republican,3031,58.490930142802014
ID,JEROME,G1600530,5182,Other,0,0
ID,KOOTENAI,G1600550,14448,Democratic,7743,53.59219269102991
ID,KOOTENAI,G1600550,14448,Republican,6704,46.40088593576966
ID,KOOTENAI,G1600550,14448,Other,0,0
ID,LATAH,G1600570,9425,Democratic,4635,49.17771883289125
ID,LATAH,G1600570,9425,Republican,4789,50.81167108753316
ID,LATAH,G1600570,9425,Other,0,0
ID,LEMHI,G1600590,2638,Democratic,1283,48.63532979529947
ID,LEMHI,G1600590,2638,Republican,1355,51.36467020470054
ID,LEMHI,G1600590,2638,Other,0,0
ID,LEWIS,G1600610,2213,Democratic,1432,64.70854044283779
ID,LEWIS,G1600610,2213,Republican,781,35.29145955716223
ID,LEWIS,G1600610,2213,Other,0,0
ID,LINCOLN,G1600630,1753,Democratic,783,44.66628636622932
ID,LINCOLN,G1600630,1753,Republican,970,55.33371363377068
ID,LINCOLN,G1600630,1753,Other,0,0
ID,MADISON,G1600650,4052,Democratic,1678,41.41164856860809
ID,MADISON,G1600650,4052,Republican,2374,58.58835143139191
ID,MADISON,G1600650,4052,Other,0,0
ID,MINIDOKA,G1600670,5827,Democratic,2467,42.337394885876094
ID,MINIDOKA,G1600670,5827,Republican,3360,57.66260511412391
ID,MINIDOKA,G1600670,5827,Other,0,0
ID,NEZ PERCE,G1600690,13147,Democratic,7943,60.41682513120864
ID,NEZ PERCE,G1600690,13147,Republican,5202,39.56796227276185
ID,NEZ PERCE,G1600690,13147,Other,0,0
ID,ONEIDA,G1600710,1910,Democratic,799,41.832460732984295
ID,ONEIDA,G1600710,1910,Republican,1111,58.16753926701571
ID,ONEIDA,G1600710,1910,Other,0,0
ID,OWYHEE,G1600730,2629,Democratic,1129,42.94408520349943
ID,OWYHEE,G1600730,2629,Republican,1500,57.05591479650057
ID,OWYHEE,G1600730,2629,Other,0,0
ID,PAYETTE,G1600750,5605,Democratic,2133,38.05530776092774
ID,PAYETTE,G1600750,5605,Republican,3472,61.94469223907225
ID,PAYETTE,G1600750,5605,Other,0,0
ID,POWER,G1600770,2025,Democratic,960,47.40740740740741
ID,POWER,G1600770,2025,Republican,1065,52.59259259259259
ID,POWER,G1600770,2025,Other,0,0
ID,SHOSHONE,G1600790,8433,Democratic,5001,59.30273923870508
ID,SHOSHONE,G1600790,8433,Republican,3431,40.685402585082414
ID,SHOSHONE,G1600790,8433,Other,0,0
ID,TETON,G1600810,1283,Democratic,569,44.34918160561185
ID,TETON,G1600810,1283,Republican,714,55.65081839438816
ID,TETON,G1600810,1283,Other,0,0
ID,TWIN FALLS,G1600830,19584,Democratic,7413,37.85232843137255
ID,TWIN FALLS,G1600830,19584,Republican,12169,62.137459150326805
ID,TWIN FALLS,G1600830,19584,Other,0,0
ID,VALLEY,G1600850,2095,Democratic,916,43.72315035799523
ID,VALLEY,G1600850,2095,Republican,1179,56.27684964200478
ID,VALLEY,G1600850,2095,Other,0,0
ID,WASHINGTON,G1600870,4030,Democratic,1779,44.1439205955335
ID,WASHINGTON,G1600870,4030,Republican,2251,55.8560794044665
ID,WASHINGTON,G1600870,4030,Other,0,0
MT,BEAVERHEAD,G3000010,3043,Democratic,1307,42.95103516266842
MT,BEAVERHEAD,G3000010,3043,Republican,1731,56.884653302661846
MT,BEAVERHEAD,G3000010,3043,Other,5,0.1643115346697338
MT,BIG HORN,G3000030,3224,Democratic,1497,46.43300248138958
MT,BIG HORN,G3000030,3224,Republican,1724,53.47394540942928
MT,BIG HORN,G3000030,3224,Other,3,0.09305210918114144
MT,BLAINE,G3000050,2876,Democratic,1569,54.55493741307371
MT,BLAINE,G3000050,2876,Republican,1290,44.85396383866481
MT,BLAINE,G3000050,2876,Other,17,0.5910987482614742
MT,BROADWATER,G3000070,1311,Democratic,631,48.13119755911518
MT,BROADWATER,G3000070,1311,Republican,680,51.86880244088482
MT,BROADWATER,G3000070,1311,Other,0,0
MT,CARBON,G3000090,3961,Democratic,1903,48.043423377934865
MT,CARBON,G3000090,3961,Republican,2050,51.754607422368096
MT,CARBON,G3000090,3961,Other,8,0.20196919969704621
MT,CARTER,G3000110,1075,Democratic,383,35.627906976744185
MT,CARTER,G3000110,1075,Republican,688,64.0
MT,CARTER,G3000110,1075,Other,4,0.37209302325581395
MT,CASCADE,G3000130,26090,Democratic,14115,54.101188194710616
MT,CASCADE,G3000130,26090,Republican,11926,45.711000383288614
MT,CASCADE,G3000130,26090,Other,44,0.16864699118436183
MT,CHOUTEAU,G3000150,3389,Democratic,1708,50.39834759516082
MT,CHOUTEAU,G3000150,3389,Republican,1672,49.336087341398645
MT,CHOUTEAU,G3000150,3389,Other,9,0.2655650634405429
MT,CUSTER,G3000170,5351,Democratic,2393,44.7206129695384
MT,CUSTER,G3000170,5351,Republican,2943,54.999065595215846
MT,CUSTER,G3000170,5351,Other,15,0.2803214352457485
MT,DANIELS,G3000190,1724,Democratic,960,55.68445475638051
MT,DANIELS,G3000190,1724,Republican,763,44.25754060324826
MT,DANIELS,G3000190,1724,Other,1,0.058004640371229696
MT,DAWSON,G3000210,4582,Democratic,2108,46.006110868616325
MT,DAWSON,G3000210,4582,Republican,2460,53.68834570056744
MT,DAWSON,G3000210,4582,Other,14,0.30554343081623747
MT,DEER LODGE,G3000230,7344,Democratic,5149,70.11165577342048
MT,DEER LODGE,G3000230,7344,Republican,2188,29.793028322440087
MT,DEER LODGE,G3000230,7344,Other,7,0.09531590413943355
MT,FALLON,G3000250,1516,Democratic,597,39.37994722955145
MT,FALLON,G3000250,1516,Republican,918,60.554089709762536
MT,FALLON,G3000250,1516,Other,1,0.06596306068601583
MT,FERGUS,G3000270,6306,Democratic,2999,47.557881382810024
MT,FERGUS,G3000270,6306,Republican,3294,52.23596574690771
MT,FERGUS,G3000270,6306,Other,13,0.20615287028227083
MT,FLATHEAD,G3000290,14267,Democratic,6688,46.877409406322286
MT,FLATHEAD,G3000290,14267,Republican,7553,52.94035186093783
MT,FLATHEAD,G3000290,14267,Other,23,0.16121118665451742
MT,GALLATIN,G3000310,10652,Democratic,3760,35.29853548629365
MT,GALLATIN,G3000310,10652,Republican,6869,64.48554262110402
MT,GALLATIN,G3000310,10652,Other,20,0.1877581674802854
MT,GARFIELD,G3000330,880,Democratic,363,41.25
MT,GARFIELD,G3000330,880,Republican,515,58.52272727272727
MT,GARFIELD,G3000330,880,Other,2,0.22727272727272727
MT,GLACIER,G3000350,4039,Democratic,2260,55.95444416934885
MT,GLACIER,G3000350,4039,Republican,1775,43.94652141619213
MT,GLACIER,G3000350,4039,Other,4,0.09903441445902451
MT,GOLDEN VALLEY,G3000370,639,Democratic,277,43.3489827856025
MT,GOLDEN VALLEY,G3000370,639,Republican,362,56.65101721439749
MT,GOLDEN VALLEY,G3000370,639,Other,0,0
MT,GRANITE,G3000390,1323,Democratic,592,44.74678760393046
MT,GRANITE,G3000390,1323,Republican,722,54.572940287226004
MT,GRANITE,G3000390,1323,Other,9,0.6802721088435374
MT,HILL,G3000410,6916,Democratic,3741,54.09196067090804
MT,HILL,G3000410,6916,Republican,3163,45.73452862926547
MT,HILL,G3000410,6916,Other,12,0.1735106998264893
MT,JEFFERSON,G3000430,1590,Democratic,769,48.36477987421384
MT,JEFFERSON,G3000430,1590,Republican,817,51.38364779874214
MT,JEFFERSON,G3000430,1590,Other,4,0.25157232704402516
MT,JUDITH BASIN,G3000450,1564,Democratic,842,53.83631713554987
MT,JUDITH BASIN,G3000450,1564,Republican,721,46.0997442455243
MT,JUDITH BASIN,G3000450,1564,Other,1,0.0639386189258312
MT,LAKE,G3000470,5709,Democratic,2462,43.12489052373446
MT,LAKE,G3000470,5709,Republican,3240,56.75249605885444
MT,LAKE,G3000470,5709,Other,7,0.12261341741110526
MT,LEWIS AND CLARK,G3000490,13285,Democratic,6007,45.21640948438088
MT,LEWIS AND CLARK,G3000490,13285,Republican,7259,54.6405720737674
MT,LEWIS AND CLARK,G3000490,13285,Other,16,0.12043658261196839
MT,LIBERTY,G3000510,1100,Democratic,501,45.54545454545455
MT,LIBERTY,G3000510,1100,Republican,597,54.27272727272727
MT,LIBERTY,G3000510,1100,Other,2,0.18181818181818182
MT,LINCOLN,G3000530,4546,Democratic,2623,57.6990761108667
MT,LINCOLN,G3000530,4546,Republican,1902,41.8389793224813
MT,LINCOLN,G3000530,4546,Other,21,0.4619445666520018
MT,MCCONE,G3000550,1515,Democratic,764,50.429042904290434
MT,MCCONE,G3000550,1515,Republican,743,49.04290429042904
MT,MCCONE,G3000550,1515,Other,8,0.528052805280528
MT,MADISON,G3000570,2469,Democratic,1010,40.90724989874443
MT,MADISON,G3000570,2469,Republican,1456,58.971243418388006
MT,MADISON,G3000570,2469,Other,3,0.12150668286755771
MT,MEAGHER,G3000590,1048,Democratic,431,41.12595419847328
MT,MEAGHER,G3000590,1048,Republican,613,58.492366412213734
MT,MEAGHER,G3000590,1048,Other,4,0.38167938931297707
MT,MINERAL,G3000610,1240,Democratic,686,55.32258064516129
MT,MINERAL,G3000610,1240,Republican,549,44.274193548387096
MT,MINERAL,G3000610,1240,Other,5,0.4032258064516129
MT,MISSOULA,G3000630,19337,Democratic,8876,45.90163934426229
MT,MISSOULA,G3000630,19337,Republican,10396,53.762217510472155
MT,MISSOULA,G3000630,19337,Other,64,0.33097171226146765
MT,MUSSELSHELL,G3000650,2210,Democratic,1100,49.7737556561086
MT,MUSSELSHELL,G3000650,2210,Republican,1107,50.09049773755656
MT,MUSSELSHELL,G3000650,2210,Other,3,0.13574660633484162
MT,PARK,G3000670,5601,Democratic,2249,40.153544009998214
MT,PARK,G3000670,5601,Republican,3329,59.43581503302981
MT,PARK,G3000670,5601,Other,23,0.41064095697196923
MT,PETROLEUM,G3000690,476,Democratic,221,46.42857142857143
MT,PETROLEUM,G3000690,476,Republican,255,53.57142857142857
MT,PETROLEUM,G3000690,476,Other,0,0
MT,PHILLIPS,G3000710,2925,Democratic,1455,49.743589743589745
MT,PHILLIPS,G3000710,2925,Republican,1457,49.81196581196581
MT,PHILLIPS,G3000710,2925,Other,13,0.4444444444444444
MT,PONDERA,G3000730,3105,Democratic,1653,53.23671497584541
MT,PONDERA,G3000730,3105,Republican,1452,46.76328502415459
MT,PONDERA,G3000730,3105,Other,0,0
MT,POWDER RIVER,G3000750,1105,Democratic,438,39.63800904977376
MT,POWDER RIVER,G3000750,1105,Republican,665,60.18099547511312
MT,POWDER RIVER,G3000750,1105,Other,2,0.18099547511312217
MT,POWELL,G3000770,3025,Democratic,1522,50.314049586776854
MT,POWELL,G3000770,3025,Republican,1497,49.48760330578512
MT,POWELL,G3000770,3025,Other,6,0.19834710743801653
MT,PRAIRIE,G3000790,987,Democratic,338,34.2451874366768
MT,PRAIRIE,G3000790,987,Republican,649,65.75481256332321
MT,PRAIRIE,G3000790,987,Other,0,0
MT,RAVALLI,G3000810,5528,Democratic,2381,43.07163531114327
MT,RAVALLI,G3000810,5528,Republican,3121,56.45803183791607
MT,RAVALLI,G3000810,5528,Other,26,0.47033285094066574
MT,RICHLAND,G3000830,4269,Democratic,1863,43.64019676739283
MT,RICHLAND,G3000830,4269,Republican,2395,56.10213164675568
MT,RICHLAND,G3000830,4269,Other,11,0.2576715858514875
MT,ROOSEVELT,G3000850,4132,Democratic,2227,53.89641819941917
MT,ROOSEVELT,G3000850,4132,Republican,1876,45.40174249757987
MT,ROOSEVELT,G3000850,4132,Other,29,0.7018393030009681
MT,ROSEBUD,G3000870,2399,Democratic,1002,41.76740308461859
MT,ROSEBUD,G3000870,2399,Republican,1386,57.77407253022092
MT,ROSEBUD,G3000870,2399,Other,11,0.45852438516048355
MT,SANDERS,G3000890,2984,Democratic,1469,49.22922252010724
MT,SANDERS,G3000890,2984,Republican,1497,50.16756032171582
MT,SANDERS,G3000890,2984,Other,18,0.6032171581769437
MT,SHERIDAN,G3000910,2754,Democratic,1549,56.24546114742193
MT,SHERIDAN,G3000910,2754,Republican,1196,43.42774146695715
MT,SHERIDAN,G3000910,2754,Other,9,0.32679738562091504
MT,SILVER BOW,G3000930,21190,Democratic,13752,64.89853704577631
MT,SILVER BOW,G3000930,21190,Republican,7289,34.39830108541765
MT,SILVER BOW,G3000930,21190,Other,144,0.6795658329400661
MT,STILLWATER,G3000950,2491,Democratic,1036,41.58972300281011
MT,STILLWATER,G3000950,2491,Republican,1455,58.41027699718988
MT,STILLWATER,G3000950,2491,Other,0,0
MT,SWEET GRASS,G3000970,1617,Democratic,521,32.220160791589365
MT,SWEET GRASS,G3000970,1617,Republican,1096,67.77983920841064
MT,SWEET GRASS,G3000970,1617,Other,0,0
MT,TETON,G3000990,3276,Democratic,1648,50.305250305250304
MT,TETON,G3000990,3276,Republican,1623,49.54212454212454
MT,TETON,G3000990,3276,Other,5,0.15262515262515264
MT,TOOLE,G3001010,3348,Democratic,1767,52.77777777777778
MT,TOOLE,G3001010,3348,Republican,1577,47.10274790919952
MT,TOOLE,G3001010,3348,Other,4,0.11947431302270012
MT,TREASURE,G3001030,570,Democratic,270,47.368421052631575
MT,TREASURE,G3001030,570,Republican,300,52.63157894736842
MT,TREASURE,G3001030,570,Other,0,0
MT,VALLEY,G3001050,5346,Democratic,2953,55.237560793116344
MT,VALLEY,G3001050,5346,Republican,2387,44.650205761316876
MT,VALLEY,G3001050,5346,Other,6,0.11223344556677892
MT,WHEATLAND,G3001070,1518,Democratic,724,47.69433465085639
MT,WHEATLAND,G3001070,1518,Republican,793,52.23978919631094
MT,WHEATLAND,G3001070,1518,Other,1,0.06587615283267458
MT,WIBAUX,G3001090,806,Democratic,419,51.98511166253101
MT,WIBAUX,G3001090,806,Republican,387,48.01488833746898
MT,WIBAUX,G3001090,806,Other,0,0
MT,YELLOWSTONE,G3001110,32006,Democratic,12354,38.599012685121544
MT,YELLOWSTONE,G3001110,32006,Republican,19466,60.81984627882272
MT,YELLOWSTONE,G3001110,32006,Other,182,0.5686433793663688
NV,CHURCHILL,G3200010,3074,Democratic,1309,42.58295380611581
NV,CHURCHILL,G3200010,3074,Republican,1765,57.41704619388419
NV,CHURCHILL,G3200010,3074,Other,0,0
NV,CLARK,G3200030,42146,Democratic,23947,56.81915246998529
NV,CLARK,G3200030,42146,Republican,18194,43.16898400797229
NV,CLARK,G3200030,42146,Other,0,0
NV,DOUGLAS,G3200050,1751,Democratic,587,33.523700742432894
NV,DOUGLAS,G3200050,1751,Republican,1164,66.4762992575671
NV,DOUGLAS,G3200050,1751,Other,0,0
NV,ELKO,G3200070,4922,Democratic,2495,50.690776107273464
NV,ELKO,G3200070,4922,Republican,2427,49.309223892726536
NV,ELKO,G3200070,4922,Other,0,0
NV,ESMERALDA,G3200090,371,Democratic,215,57.95148247978437
NV,ESMERALDA,G3200090,371,Republican,156,42.04851752021563
NV,ESMERALDA,G3200090,371,Other,0,0
NV,EUREKA,G3200110,462,Democratic,223,48.268398268398265
NV,EUREKA,G3200110,462,Republican,239,51.73160173160173
NV,EUREKA,G3200110,462,Other,0,0
NV,HUMBOLDT,G3200130,2330,Democratic,1173,50.34334763948498
NV,HUMBOLDT,G3200130,2330,Republican,1157,49.65665236051502
NV,HUMBOLDT,G3200130,2330,Other,0,0
NV,LANDER,G3200150,774,Democratic,391,50.51679586563308
NV,LANDER,G3200150,774,Republican,383,49.48320413436693
NV,LANDER,G3200150,774,Other,0,0
NV,LINCOLN,G3200170,1301,Democratic,771,59.26210607225212
NV,LINCOLN,G3200170,1301,Republican,530,40.73789392774788
NV,LINCOLN,G3200170,1301,Other,0,0
NV,LYON,G3200190,2503,Democratic,1009,40.31162604874151
NV,LYON,G3200190,2503,Republican,1494,59.68837395125849
NV,LYON,G3200190,2503,Other,0,0
NV,MINERAL,G3200210,2536,Democratic,1606,63.32807570977918
NV,MINERAL,G3200210,2536,Republican,930,36.67192429022082
NV,MINERAL,G3200210,2536,Other,0,0
NV,NYE,G3200230,1756,Democratic,993,56.548974943052386
NV,NYE,G3200230,1756,Republican,763,43.45102505694761
NV,NYE,G3200230,1756,Other,0,0
NV,ORMSBY,G3200250,3229,Democratic,1283,39.733663672963765
NV,ORMSBY,G3200250,3229,Republican,1946,60.26633632703623
NV,ORMSBY,G3200250,3229,Other,0,0
NV,PERSHING,G3200270,1364,Democratic,716,52.49266862170088
NV,PERSHING,G3200270,1364,Republican,648,47.50733137829912
NV,PERSHING,G3200270,1364,Other,0,0
NV,STOREY,G3200290,370,Democratic,167,45.13513513513514
NV,STOREY,G3200290,370,Republican,203,54.864864864864856
NV,STOREY,G3200290,370,Other,0,0
NV,WASHOE,G3200310,34113,Democratic,15279,44.78937648403834
NV,WASHOE,G3200310,34113,Republican,18830,55.198897780904645
NV,WASHOE,G3200310,34113,Other,0,0
NV,WHITE PINE,G3200330,4265,Democratic,2713,63.610785463071515
NV,WHITE PINE,G3200330,4265,Republican,1552,36.389214536928485
NV,WHITE PINE,G3200330,4265,Other,0,0
NM,BERNALILLO,G3500010,86061,Democratic,40905,47.53024017847805
NM,BERNALILLO,G3500010,86061,Republican,44803,52.05958564274178
NM,BERNALILLO,G3500010,86061,Other,344,0.39971648017104144
NM,CATRON,G3500030,1245,Democratic,573,46.024096385542165
NM,CATRON,G3500030,1245,Republican,671,53.89558232931727
NM,CATRON,G3500030,1245,Other,1,0.08032128514056225
NM,CHAVES,G3500050,15392,Democratic,6211,40.352130977130976
NM,CHAVES,G3500050,15392,Republican,9089,59.05015592515592
NM,CHAVES,G3500050,15392,Other,91,0.5912162162162162
NM,COLFAX,G3500070,5528,Democratic,3187,57.651953690303905
NM,COLFAX,G3500070,5528,Republican,2316,41.89580318379161
NM,COLFAX,G3500070,5528,Other,25,0.45224312590448623
NM,CURRY,G3500090,9639,Democratic,3421,35.491233530449215
NM,CURRY,G3500090,9639,Republican,6153,63.834422657952075
NM,CURRY,G3500090,9639,Other,65,0.6743438115987136
NM,DE BACA,G3500110,1355,Democratic,619,45.68265682656826
NM,DE BACA,G3500110,1355,Republican,734,54.169741697416974
NM,DE BACA,G3500110,1355,Other,2,0.14760147601476015
NM,DONA ANA,G3500130,16755,Democratic,8904,53.142345568487016
NM,DONA ANA,G3500130,16755,Republican,7788,46.4816472694718
NM,DONA ANA,G3500130,16755,Other,60,0.35810205908683973
NM,EDDY,G3500150,16780,Democratic,8705,51.8772348033373
NM,EDDY,G3500150,16780,Republican,7986,47.59237187127533
NM,EDDY,G3500150,16780,Other,86,0.5125148986889154
NM,GRANT,G3500170,6868,Democratic,4378,63.744903902154924
NM,GRANT,G3500170,6868,Republican,2468,35.93476994758299
NM,GRANT,G3500170,6868,Other,22,0.320326150262085
NM,GUADALUPE,G3500190,2834,Democratic,1589,56.06916019760057
NM,GUADALUPE,G3500190,2834,Republican,1242,43.82498235709245
NM,GUADALUPE,G3500190,2834,Other,3,0.1058574453069866
NM,HARDING,G3500210,1012,Democratic,396,39.130434782608695
NM,HARDING,G3500210,1012,Republican,616,60.86956521739131
NM,HARDING,G3500210,1012,Other,0,0
NM,HIDALGO,G3500230,1643,Democratic,889,54.10833840535606
NM,HIDALGO,G3500230,1643,Republican,750,45.64820450395618
NM,HIDALGO,G3500230,1643,Other,4,0.24345709068776628
NM,LEA,G3500250,15474,Democratic,7805,50.4394468140106
NM,LEA,G3500250,15474,Republican,7547,48.77213390202921
NM,LEA,G3500250,15474,Other,119,0.7690319245185473
NM,LINCOLN,G3500270,3503,Democratic,1459,41.650014273479876
NM,LINCOLN,G3500270,3503,Republican,2042,58.29289180702255
NM,LINCOLN,G3500270,3503,Other,2,0.05709391949757351
NM,LOS ALAMOS,G3500280,5283,Democratic,2692,50.95589627105811
NM,LOS ALAMOS,G3500280,5283,Republican,2574,48.722316865417376
NM,LOS ALAMOS,G3500280,5283,Other,17,0.3217868635245126
NM,LUNA,G3500290,3306,Democratic,1708,51.66364186327888
NM,LUNA,G3500290,3306,Republican,1583,47.88263762855414
NM,LUNA,G3500290,3306,Other,15,0.4537205081669692
NM,MCKINLEY,G3500310,9893,Democratic,5598,56.58546446982715
NM,MCKINLEY,G3500310,9893,Republican,4262,43.080966339836245
NM,MCKINLEY,G3500310,9893,Other,32,0.3234610330536743
NM,MORA,G3500330,2807,Democratic,1458,51.94157463484147
NM,MORA,G3500330,2807,Republican,1349,48.05842536515853
NM,MORA,G3500330,2807,Other,0,0
NM,OTERO,G3500350,9426,Democratic,4916,52.15361765329939
NM,OTERO,G3500350,9426,Republican,4507,47.8145554848292
NM,OTERO,G3500350,9426,Other,3,0.031826861871419476
NM,QUAY,G3500370,4704,Democratic,2050,43.57993197278912
NM,QUAY,G3500370,4704,Republican,2652,56.37755102040817
NM,QUAY,G3500370,4704,Other,2,0.04251700680272109
NM,RIO ARRIBA,G3500390,9969,Democratic,6250,62.694352492727454
NM,RIO ARRIBA,G3500390,9969,Republican,3715,37.265523121677205
NM,RIO ARRIBA,G3500390,9969,Other,3,0.03009328919650918
NM,ROOSEVELT,G3500410,5804,Democratic,1761,30.341144038594077
NM,ROOSEVELT,G3500410,5804,Republican,4038,69.57270847691247
NM,ROOSEVELT,G3500410,5804,Other,3,0.05168849069607167
NM,SANDOVAL,G3500430,4119,Democratic,2672,64.87011410536539
NM,SANDOVAL,G3500430,4119,Republican,1447,35.12988589463462
NM,SANDOVAL,G3500430,4119,Other,0,0
NM,SAN JUAN,G3500450,13185,Democratic,5369,40.720515737580584
NM,SAN JUAN,G3500450,13185,Republican,7521,57.04209328782708
NM,SAN JUAN,G3500450,13185,Other,293,2.2222222222222223
NM,SAN MIGUEL,G3500470,9514,Democratic,5519,58.00924952701282
NM,SAN MIGUEL,G3500470,9514,Republican,3987,41.90666386377969
NM,SAN MIGUEL,G3500470,9514,Other,6,0.06306495690561278
NM,SANTA FE,G3500490,17890,Democratic,10383,58.038010061486865
NM,SANTA FE,G3500490,17890,Republican,7410,41.41978759083287
NM,SANTA FE,G3500490,17890,Other,93,0.5198434879821129
NM,SIERRA,G3500510,3117,Democratic,1220,39.14019890920757
NM,SIERRA,G3500510,3117,Republican,1890,60.63522617901829
NM,SIERRA,G3500510,3117,Other,7,0.22457491177414182
NM,SOCORRO,G3500530,4128,Democratic,2327,56.371124031007746
NM,SOCORRO,G3500530,4128,Republican,1796,43.507751937984494
NM,SOCORRO,G3500530,4128,Other,5,0.12112403100775193
NM,TAOS,G3500550,6257,Democratic,3631,58.03100527409302
NM,TAOS,G3500550,6257,Republican,2620,41.873102125619305
NM,TAOS,G3500550,6257,Other,6,0.0958926002876778
NM,TORRANCE,G3500570,2884,Democratic,1308,45.35367545076283
NM,TORRANCE,G3500570,2884,Republican,1554,53.883495145631066
NM,TORRANCE,G3500570,2884,Other,22,0.7628294036061026
NM,UNION,G3500590,2756,Democratic,1068,38.75181422351234
NM,UNION,G3500590,2756,Republican,1686,61.1756168359942
NM,UNION,G3500590,2756,Other,2,0.07256894049346879
NM,VALENCIA,G3500610,11976,Democratic,7042,58.80093520374081
NM,VALENCIA,G3500610,11976,Republican,4928,41.14896459585838
NM,VALENCIA,G3500610,11976,Other,4,0.033400133600534405
UT,BEAVER,G4900010,2127,Democratic,1156,54.34884814292431
UT,BEAVER,G4900010,2127,Republican,971,45.651151857075696
UT,BEAVER,G4900010,2127,Other,0,0
UT,BOX ELDER,G4900030,10428,Democratic,3830,36.728039892596854
UT,BOX ELDER,G4900030,10428,Republican,6594,63.23360184119677
UT,BOX ELDER,G4900030,10428,Other,2,0.019179133103183737
UT,CACHE,G4900050,15198,Democratic,4917,32.35294117647059
UT,CACHE,G4900050,15198,Republican,10280,67.6404790103961
UT,CACHE,G4900050,15198,Other,0,0
UT,CARBON,G4900070,9006,Democratic,6039,67.05529646902065
UT,CARBON,G4900070,9006,Republican,2952,32.778147901399066
UT,CARBON,G4900070,9006,Other,14,0.1554519209415945
UT,DAGGETT,G4900090,436,Democratic,239,54.81651376146789
UT,DAGGETT,G4900090,436,Republican,196,44.95412844036697
UT,DAGGETT,G4900090,436,Other,1,0.22935779816513763
UT,DAVIS,G4900110,24034,Democratic,10243,42.6187900474328
UT,DAVIS,G4900110,24034,Republican,13781,57.339602230173924
UT,DAVIS,G4900110,24034,Other,7,0.029125405675293335
UT,DUCHESNE,G4900130,2713,Democratic,1166,42.978252856616294
UT,DUCHESNE,G4900130,2713,Republican,1546,56.98488757832657
UT,DUCHESNE,G4900130,2713,Other,1,0.036859565057132324
UT,EMERY,G4900150,2521,Democratic,1238,49.10749702499008
UT,EMERY,G4900150,2521,Republican,1283,50.89250297500991
UT,EMERY,G4900150,2521,Other,0,0
UT,GARFIELD,G4900170,1554,Democratic,471,30.30888030888031
UT,GARFIELD,G4900170,1554,Republican,1083,69.6911196911197
UT,GARFIELD,G4900170,1554,Other,0,0
UT,GRAND,G4900190,1935,Democratic,805,41.60206718346253
UT,GRAND,G4900190,1935,Republican,1130,58.39793281653747
UT,GRAND,G4900190,1935,Other,0,0
UT,IRON,G4900210,4818,Democratic,1738,36.07305936073059
UT,IRON,G4900210,4818,Republican,3079,63.906185139061854
UT,IRON,G4900210,4818,Other,1,0.020755500207555
UT,JUAB,G4900230,2361,Democratic,1158,49.04701397712834
UT,JUAB,G4900230,2361,Republican,1203,50.95298602287166
UT,JUAB,G4900230,2361,Other,0,0
UT,KANE,G4900250,1089,Democratic,213,19.55922865013774
UT,KANE,G4900250,1089,Republican,876,80.44077134986226
UT,KANE,G4900250,1089,Other,0,0
UT,MILLARD,G4900270,3676,Democratic,1425,38.764961915125134
UT,MILLARD,G4900270,3676,Republican,2248,61.15342763873775
UT,MILLARD,G4900270,3676,Other,3,0.08161044613710555
UT,MORGAN,G4900290,1398,Democratic,622,44.49213161659514
UT,MORGAN,G4900290,1398,Republican,775,55.43633762517882
UT,MORGAN,G4900290,1398,Other,1,0.07153075822603719
UT,PIUTE,G4900310,700,Democratic,247,35.285714285714285
UT,PIUTE,G4900310,700,Republican,453,64.71428571428571
UT,PIUTE,G4900310,700,Other,0,0
UT,RICH,G4900330,802,Democratic,291,36.28428927680798
UT,RICH,G4900330,802,Republican,511,63.71571072319202
UT,RICH,G4900330,802,Other,0,0
UT,SALT LAKE,G4900350,166713,Democratic,75854,45.49975106920276
UT,SALT LAKE,G4900350,166713,Republican,90842,54.49005176560916
UT,SALT LAKE,G4900350,166713,Other,0,0
UT,SAN JUAN,G4900370,2245,Democratic,837,37.28285077951002
UT,SAN JUAN,G4900370,2245,Republican,1408,62.71714922048998
UT,SAN JUAN,G4900370,2245,Other,0,0
UT,SANPETE,G4900390,5505,Democratic,2180,39.60036330608538
UT,SANPETE,G4900390,5505,Republican,3322,60.345140781108086
UT,SANPETE,G4900390,5505,Other,3,0.05449591280653951
UT,SEVIER,G4900410,4857,Democratic,1690,34.795141033559815
UT,SEVIER,G4900410,4857,Republican,3166,65.18427012559192
UT,SEVIER,G4900410,4857,Other,1,0.02058884084826024
UT,SUMMIT,G4900430,2824,Democratic,1217,43.094900849858355
UT,SUMMIT,G4900430,2824,Republican,1607,56.905099150141645
UT,SUMMIT,G4900430,2824,Other,0,0
UT,TOOELE,G4900450,6688,Democratic,3664,54.78468899521531
UT,TOOELE,G4900450,6688,Republican,3016,45.09569377990431
UT,TOOELE,G4900450,6688,Other,7,0.10466507177033493
UT,UINTAH,G4900470,4262,Democratic,1380,32.3791647114031
UT,UINTAH,G4900470,4262,Republican,2882,67.62083528859691
UT,UINTAH,G4900470,4262,Other,0,0
UT,UTAH,G4900490,42708,Democratic,19624,45.949236676969186
UT,UTAH,G4900490,42708,Republican,23054,53.98051887234242
UT,UTAH,G4900490,42708,Other,21,0.04917111548187693
UT,WASATCH,G4900510,2547,Democratic,1066,41.85316058107578
UT,WASATCH,G4900510,2547,Republican,1480,58.10757754220651
UT,WASATCH,G4900510,2547,Other,1,0.03926187671770711
UT,WASHINGTON,G4900530,4174,Democratic,1298,31.09726880689986
UT,WASHINGTON,G4900530,4174,Republican,2876,68.90273119310014
UT,WASHINGTON,G4900530,4174,Other,0,0
UT,WAYNE,G4900550,828,Democratic,382,46.13526570048309
UT,WAYNE,G4900550,828,Republican,446,53.864734299516904
UT,WAYNE,G4900550,828,Other,0,0
UT,WEBER,G4900570,46563,Democratic,24236,52.04991087344028
UT,WEBER,G4900570,46563,Republican,22290,47.87062689259713
UT,WEBER,G4900570,46563,Other,28,0.06013358245817495
WY,ALBANY,G5600010,8638,Democratic,4282,49.57166010650614
WY,ALBANY,G5600010,8638,Republican,4355,50.416763139615654
WY,ALBANY,G5600010,8638,Other,0,0
WY,BIG HORN,G5600030,5493,Democratic,2044,37.21099581285272
WY,BIG HORN,G5600030,5493,Republican,3449,62.78900418714728
WY,BIG HORN,G5600030,5493,Other,0,0
WY,CAMPBELL,G5600050,2436,Democratic,861,35.3448275862069
WY,CAMPBELL,G5600050,2436,Republican,1575,64.65517241379311
WY,CAMPBELL,G5600050,2436,Other,0,0
WY,CARBON,G5600070,6975,Democratic,3828,54.88172043010753
WY,CARBON,G5600070,6975,Republican,3146,45.10394265232975
WY,CARBON,G5600070,6975,Other,0,0
WY,CONVERSE,G5600090,2859,Democratic,926,32.388947184330185
WY,CONVERSE,G5600090,2859,Republican,1933,67.61105281566981
WY,CONVERSE,G5600090,2859,Other,0,0
WY,CROOK,G5600110,2110,Democratic,573,27.1563981042654
WY,CROOK,G5600110,2110,Republican,1537,72.8436018957346
WY,CROOK,G5600110,2110,Other,0,0
WY,FREMONT,G5600130,9986,Democratic,4247,42.52954135790106
WY,FREMONT,G5600130,9986,Republican,5738,57.460444622471464
WY,FREMONT,G5600130,9986,Other,0,0
WY,GOSHEN,G5600150,5592,Democratic,2414,43.16881258941345
WY,GOSHEN,G5600150,5592,Republican,3178,56.83118741058655
WY,GOSHEN,G5600150,5592,Other,0,0
WY,HOT SPRINGS,G5600170,2803,Democratic,1144,40.813414199072426
WY,HOT SPRINGS,G5600170,2803,Republican,1659,59.18658580092758
WY,HOT SPRINGS,G5600170,2803,Other,0,0
WY,JOHNSON,G5600190,2604,Democratic,798,30.64516129032258
WY,JOHNSON,G5600190,2604,Republican,1806,69.35483870967742
WY,JOHNSON,G5600190,2604,Other,0,0
WY,LARAMIE,G5600210,23723,Democratic,12084,50.93790835897652
WY,LARAMIE,G5600210,23723,Republican,11636,49.04944568562155
WY,LARAMIE,G5600210,23723,Other,0,0
WY,LINCOLN,G5600230,3958,Democratic,1948,49.21677614957049
WY,LINCOLN,G5600230,3958,Republican,2010,50.783223850429515
WY,LINCOLN,G5600230,3958,Other,0,0
WY,NATRONA,G5600250,20811,Democratic,9001,43.251165249147085
WY,NATRONA,G5600250,20811,Republican,11808,56.73922444860891
WY,NATRONA,G5600250,20811,Other,0,0
WY,NIOBRARA,G5600270,1930,Democratic,568,29.430051813471504
WY,NIOBRARA,G5600270,1930,Republican,1362,70.56994818652849
WY,NIOBRARA,G5600270,1930,Other,0,0
WY,PARK,G5600290,7006,Democratic,2496,35.626605766485866
WY,PARK,G5600290,7006,Republican,4510,64.37339423351413
WY,PARK,G5600290,7006,Other,0,0
WY,PLATTE,G5600310,3329,Democratic,1558,46.80084109342145
WY,PLATTE,G5600310,3329,Republican,1771,53.199158906578546
WY,PLATTE,G5600310,3329,Other,0,0
WY,SHERIDAN,G5600330,9476,Democratic,3786,39.953566905867454
WY,SHERIDAN,G5600330,9476,Republican,5689,60.03588011819333
WY,SHERIDAN,G5600330,9476,Other,0,0
WY,SUBLETTE,G5600350,1624,Democratic,646,39.778325123152705
WY,SUBLETTE,G5600350,1624,Republican,978,60.22167487684729
WY,SUBLETTE,G5600350,1624,Other,0,0
WY,SWEETWATER,G5600370,7943,Democratic,5397,67.94661966511394
WY,SWEETWATER,G5600370,7943,Republican,2545,32.04079063326199
WY,SWEETWATER,G5600370,7943,Other,0,0
WY,TETON,G5600390,1741,Democratic,583,33.48650201033889
WY,TETON,G5600390,1741,Republican,1158,66.51349798966112
WY,TETON,G5600390,1741,Other,0,0
WY,UINTA,G5600410,3206,Democratic,1600,49.906425452276984
WY,UINTA,G5600410,3206,Republican,1606,50.093574547723016
WY,UINTA,G5600410,3206,Other,0,0
WY,WASHAKIE,G5600430,3595,Democratic,1341,37.30180806675939
WY,WASHAKIE,G5600430,3595,Republican,2254,62.69819193324061
WY,WASHAKIE,G5600430,3595,Other,0,0
WY,WESTON,G5600450,2944,Democratic,1201,40.79483695652174
WY,WESTON,G5600450,2944,Republican,1743,59.20516304347826
WY,WESTON,G5600450,2944,Other,0,0
CA,ALAMEDA,G0600010,402000,Democratic,217160,54.01990049751244
CA,ALAMEDA,G0600010,402000,Republican,183352,45.60995024875622
CA,ALAMEDA,G0600010,402000,Other,1447,0.3599502487562189
CA,ALPINE,G0600030,172,Democratic,40,23.25581395348837
CA,ALPINE,G0600030,172,Republican,132,76.74418604651163
CA,ALPINE,G0600030,172,Other,0,0
CA,AMADOR,G0600050,4887,Democratic,2690,55.04399427051361
CA,AMADOR,G0600050,4887,Republican,2175,44.505831798649474
CA,AMADOR,G0600050,4887,Other,22,0.4501739308369143
CA,BUTTE,G0600070,36175,Democratic,15161,41.9101589495508
CA,BUTTE,G0600070,36175,Republican,20837,57.600552868002765
CA,BUTTE,G0600070,36175,Other,174,0.4809951624049758
CA,CALAVERAS,G0600090,5361,Democratic,2509,46.80096996828949
CA,CALAVERAS,G0600090,5361,Republican,2820,52.60212646894236
CA,CALAVERAS,G0600090,5361,Other,32,0.5969035627681403
CA,COLUSA,G0600110,4861,Democratic,2348,48.30281835013372
CA,COLUSA,G0600110,4861,Republican,2497,51.36803126928615
CA,COLUSA,G0600110,4861,Other,16,0.3291503805801275
CA,CONTRA COSTA,G0600130,177123,Democratic,93610,52.85027918452149
CA,CONTRA COSTA,G0600130,177123,Republican,82911,46.8098440067072
CA,CONTRA COSTA,G0600130,177123,Other,567,0.32011652919157874
CA,DEL NORTE,G0600150,6294,Democratic,3224,51.22338735303463
CA,DEL NORTE,G0600150,6294,Republican,3024,48.04575786463298
CA,DEL NORTE,G0600150,6294,Other,45,0.7149666348903718
CA,EL DORADO,G0600170,12337,Democratic,6175,50.05268703898841
CA,EL DORADO,G0600170,12337,Republican,6065,49.16106022533842
CA,EL DORADO,G0600170,12337,Other,96,0.7781470373672692
CA,FRESNO,G0600190,130702,Democratic,72161,55.210325779253566
CA,FRESNO,G0600190,130702,Republican,57927,44.3199032914569
CA,FRESNO,G0600190,130702,Other,601,0.4598246392557115
CA,GLENN,G0600210,7356,Democratic,3410,46.35671560630777
CA,GLENN,G0600210,7356,Republican,3910,53.15388798259924
CA,GLENN,G0600210,7356,Other,35,0.47580206634040234
CA,HUMBOLDT,G0600230,38691,Democratic,20390,52.69959422087824
CA,HUMBOLDT,G0600230,38691,Republican,18073,46.71112144943269
CA,HUMBOLDT,G0600230,38691,Other,224,0.5789460081155824
CA,IMPERIAL,G0600250,19806,Democratic,9119,46.04160355447844
CA,IMPERIAL,G0600250,19806,Republican,10604,53.539331515702315
CA,IMPERIAL,G0600250,19806,Other,79,0.39886902958699383
CA,INYO,G0600270,5420,Democratic,2443,45.07380073800738
CA,INYO,G0600270,5420,Republican,2961,54.630996309963095
CA,INYO,G0600270,5420,Other,15,0.27675276752767525
CA,KERN,G0600290,104705,Democratic,51431,49.1199083138341
CA,KERN,G0600290,104705,Republican,52792,50.41975072823648
CA,KERN,G0600290,104705,Other,461,0.4402846091399647
CA,KINGS,G0600310,16522,Democratic,9437,57.117782350804994
CA,KINGS,G0600310,16522,Republican,6990,42.30722672799903
CA,KINGS,G0600310,16522,Other,91,0.550780777145624
CA,LAKE,G0600330,7109,Democratic,2897,40.75116050077367
CA,LAKE,G0600330,7109,Republican,4176,58.7424391616261
CA,LAKE,G0600330,7109,Other,36,0.5064003376002251
CA,LASSEN,G0600350,5877,Democratic,3472,59.077760762293686
CA,LASSEN,G0600350,5877,Republican,2365,40.241619874085416
CA,LASSEN,G0600350,5877,Other,40,0.680619363620895
CA,LOS ANGELES,G0600370,2634499,Democratic,1323572,50.23998870373456
CA,LOS ANGELES,G0600370,2634499,Republican,1302496,49.43998840007151
CA,LOS ANGELES,G0600370,2634499,Other,7903,0.2999811349330556
CA,MADERA,G0600390,14057,Democratic,8125,57.800384150245435
CA,MADERA,G0600390,14057,Republican,5869,41.75144056342036
CA,MADERA,G0600390,14057,Other,62,0.44106139290033436
CA,MARIN,G0600410,65665,Democratic,27888,42.470113454656214
CA,MARIN,G0600410,65665,Republican,37619,57.28927130130206
CA,MARIN,G0600410,65665,Other,151,0.2299550750019036
CA,MARIPOSA,G0600430,2963,Democratic,1338,45.15693553830577
CA,MARIPOSA,G0600430,2963,Republican,1599,53.96557543030712
CA,MARIPOSA,G0600430,2963,Other,26,0.8774890313871078
CA,MENDOCINO,G0600450,18871,Democratic,9475,50.209315881511316
CA,MENDOCINO,G0600450,18871,Republican,9300,49.28196703937258
CA,MENDOCINO,G0600450,18871,Other,92,0.48752053415293306
CA,MERCED,G0600470,27646,Democratic,15543,56.2215148665268
CA,MERCED,G0600470,27646,Republican,11987,43.35889459596325
CA,MERCED,G0600470,27646,Other,111,0.401504738479346
CA,MODOC,G0600490,3550,Democratic,1691,47.63380281690141
CA,MODOC,G0600490,3550,Republican,1839,51.802816901408455
CA,MODOC,G0600490,3550,Other,20,0.5633802816901409
CA,MONO,G0600510,1375,Democratic,457,33.236363636363635
CA,MONO,G0600510,1375,Republican,912,66.32727272727273
CA,MONO,G0600510,1375,Other,6,0.4363636363636364
CA,MONTEREY,G0600530,59413,Democratic,25803,43.42988908151415
CA,MONTEREY,G0600530,59413,Republican,33426,56.26041438742363
CA,MONTEREY,G0600530,59413,Other,178,0.2995977311362833
CA,NAPA,G0600550,28778,Democratic,13497,46.90041003544374
CA,NAPA,G0600550,28778,Republican,15123,52.55055945513934
CA,NAPA,G0600550,28778,Other,153,0.5316561262075197
CA,NEVADA,G0600570,10141,Democratic,4632,45.675968839364955
CA,NEVADA,G0600570,10141,Republican,5418,53.42668375899813
CA,NEVADA,G0600570,10141,Other,88,0.8677645202642738
CA,ORANGE,G0600590,287599,Democratic,111991,38.93998240605844
CA,ORANGE,G0600590,287599,Republican,174889,60.81001672467568
CA,ORANGE,G0600590,287599,Other,690,0.2399173849700451
CA,PLACER,G0600610,23863,Democratic,13304,55.75158194694716
CA,PLACER,G0600610,23863,Republican,10438,43.741356912374805
CA,PLACER,G0600610,23863,Other,119,0.4986799647990613
CA,PLUMAS,G0600630,5378,Democratic,3333,61.974711788769056
CA,PLUMAS,G0600630,5378,Republican,2015,37.467460022313126
CA,PLUMAS,G0600630,5378,Other,30,0.5578281889178133
CA,RIVERSIDE,G0600650,117276,Democratic,50874,43.37971963573109
CA,RIVERSIDE,G0600650,117276,Republican,65850,56.14959582523278
CA,RIVERSIDE,G0600650,117276,Other,539,0.4595995770660664
CA,SACRAMENTO,G0600670,194756,Democratic,109687,56.32021606523034
CA,SACRAMENTO,G0600670,194756,Republican,84251,43.259771200887265
CA,SACRAMENTO,G0600670,194756,Other,798,0.4097434738852718
CA,SAN BENITO,G0600690,5945,Democratic,2876,48.376787216148024
CA,SAN BENITO,G0600690,5945,Republican,3056,51.40454163162321
CA,SAN BENITO,G0600690,5945,Other,12,0.20185029436501262
CA,SAN BERNARDINO,G0600710,191313,Democratic,90874,47.50016987868049
CA,SAN BERNARDINO,G0600710,191313,Republican,99464,51.99019407985867
CA,SAN BERNARDINO,G0600710,191313,Other,937,0.48977330343468556
CA,SAN DIEGO,G0600730,395421,Democratic,171257,43.310041702388084
CA,SAN DIEGO,G0600730,395421,Republican,223017,56.39988771461303
CA,SAN DIEGO,G0600730,395421,Other,1068,0.27009187675920093
CA,SAN FRANCISCO,G0600750,342219,Democratic,197700,57.7700244580225
CA,SAN FRANCISCO,G0600750,342219,Republican,142979,41.77997130492462
CA,SAN FRANCISCO,G0600750,342219,Other,1472,0.43013392009210477
CA,SAN JOAQUIN,G0600770,91657,Democratic,42850,46.75038458601089
CA,SAN JOAQUIN,G0600770,91657,Republican,48441,52.85030057715178
CA,SAN JOAQUIN,G0600770,91657,Other,357,0.3894956195380604
CA,SAN LUIS OBISPO,G0600790,33055,Democratic,14974,45.30025714717895
CA,SAN LUIS OBISPO,G0600790,33055,Republican,17860,54.03116018756617
CA,SAN LUIS OBISPO,G0600790,33055,Other,215,0.6504310996823476
CA,SAN MATEO,G0600810,202252,Democratic,97142,48.03018017127148
CA,SAN MATEO,G0600810,202252,Republican,104564,51.69985958111663
CA,SAN MATEO,G0600810,202252,Other,526,0.2600715938532128
CA,SANTA BARBARA,G0600830,68402,Democratic,29406,42.98997105347797
CA,SANTA BARBARA,G0600830,68402,Republican,38804,56.72933539954972
CA,SANTA BARBARA,G0600830,68402,Other,185,0.2704599280722786
CA,SANTA CLARA,G0600850,250092,Democratic,117643,47.03988932072997
CA,SANTA CLARA,G0600850,250092,Republican,131723,52.66981750715737
CA,SANTA CLARA,G0600850,250092,Other,675,0.26990067655102923
CA,SANTA CRUZ,G0600870,41704,Democratic,16657,39.94101285248418
CA,SANTA CRUZ,G0600870,41704,Republican,24856,59.60099750623441
CA,SANTA CRUZ,G0600870,41704,Other,183,0.4388068290811433
CA,SHASTA,G0600890,24301,Democratic,14690,60.45018723509321
CA,SHASTA,G0600890,24301,Republican,9460,38.92843915888235
CA,SHASTA,G0600890,24301,Other,146,0.6007983210567466
CA,SIERRA,G0600910,1231,Democratic,647,52.55889520714866
CA,SIERRA,G0600910,1231,Republican,576,46.791226645004066
CA,SIERRA,G0600910,1231,Other,8,0.6498781478472786
CA,SISKIYOU,G0600930,14620,Democratic,8244,56.388508891928865
CA,SISKIYOU,G0600930,14620,Republican,6278,42.94117647058823
CA,SISKIYOU,G0600930,14620,Other,95,0.6497948016415869
CA,SOLANO,G0600950,45869,Democratic,26976,58.810961651660165
CA,SOLANO,G0600950,45869,Republican,18747,40.870740587324775
CA,SOLANO,G0600950,45869,Other,138,0.30085678780875974
CA,SONOMA,G0600970,64032,Democratic,29141,45.51005747126437
CA,SONOMA,G0600970,64032,Republican,34635,54.090142428785605
CA,SONOMA,G0600970,64032,Other,243,0.3794977511244378
CA,STANISLAUS,G0600990,60890,Democratic,30299,49.76022335358844
CA,STANISLAUS,G0600990,60890,Republican,30208,49.61077352603055
CA,STANISLAUS,G0600990,60890,Other,371,0.6092954508129413
CA,SUTTER,G0601010,11954,Democratic,4379,36.63208967709553
CA,SUTTER,G0601010,11954,Republican,7519,62.89944788355363
CA,SUTTER,G0601010,11954,Other,55,0.46009703864815127
CA,TEHAMA,G0601030,11052,Democratic,5483,49.61093014838943
CA,TEHAMA,G0601030,11052,Republican,5522,49.96380745566413
CA,TEHAMA,G0601030,11052,Other,46,0.41621425986246835
CA,TRINITY,G0601050,3698,Democratic,2262,61.168199026500815
CA,TRINITY,G0601050,3698,Republican,1418,38.34505137912385
CA,TRINITY,G0601050,3698,Other,18,0.48674959437533805
CA,TULARE,G0601070,54582,Democratic,24884,45.590121285405445
CA,TULARE,G0601070,54582,Republican,29452,53.95918068227621
CA,TULARE,G0601070,54582,Other,235,0.4305448682715914
CA,TUOLUMNE,G0601090,7516,Democratic,3781,50.306013837147425
CA,TUOLUMNE,G0601090,7516,Republican,3690,49.09526343799894
CA,TUOLUMNE,G0601090,7516,Other,44,0.5854177754124534
CA,VENTURA,G0601110,70723,Democratic,35333,49.95970193572105
CA,VENTURA,G0601110,70723,Republican,35072,49.59065650495595
CA,VENTURA,G0601110,70723,Other,311,0.4397437891492159
CA,YOLO,G0601130,22589,Democratic,12395,54.87184027624065
CA,YOLO,G0601130,22589,Republican,10102,44.72088184514587
CA,YOLO,G0601130,22589,Other,88,0.38957014476072427
CA,YUBA,G0601150,10233,Democratic,4881,47.69862210495456
CA,YUBA,G0601150,10233,Republican,5293,51.72481188312324
CA,YUBA,G0601150,10233,Other,57,0.5570214013485781
OR,BAKER,G4100010,7251,Democratic,3734,51.496345331678384
OR,BAKER,G4100010,7251,Republican,3514,48.46228106468074
OR,BAKER,G4100010,7251,Other,3,0.04137360364087712
OR,BENTON,G4100030,15125,Democratic,5391,35.642975206611574
OR,BENTON,G4100030,15125,Republican,9733,64.3504132231405
OR,BENTON,G4100030,15125,Other,0,0
OR,CLACKAMAS,G4100050,52319,Democratic,23674,45.24933580534796
OR,CLACKAMAS,G4100050,52319,Republican,28530,54.530858770236435
OR,CLACKAMAS,G4100050,52319,Other,105,0.20069190924903
OR,CLATSOP,G4100070,12866,Democratic,6529,50.74615265039639
OR,CLATSOP,G4100070,12866,Republican,6285,48.849681330638894
OR,CLATSOP,G4100070,12866,Other,49,0.38084874863982593
OR,COLUMBIA,G4100090,9908,Democratic,5546,55.97496972143722
OR,COLUMBIA,G4100090,9908,Republican,4356,43.964473153007674
OR,COLUMBIA,G4100090,9908,Other,6,0.060557125555106985
OR,COOS,G4100110,21705,Democratic,12893,59.401059663671965
OR,COOS,G4100110,21705,Republican,8749,40.308684634876755
OR,COOS,G4100110,21705,Other,61,0.28104123473853954
OR,CROOK,G4100130,3737,Democratic,2005,53.652662563553655
OR,CROOK,G4100130,3737,Republican,1732,46.347337436446345
OR,CROOK,G4100130,3737,Other,0,0
OR,CURRY,G4100150,5153,Democratic,2767,53.69687560644285
OR,CURRY,G4100150,5153,Republican,2382,46.22549970890743
OR,CURRY,G4100150,5153,Other,4,0.07762468464971861
OR,DESCHUTES,G4100170,9944,Democratic,4775,48.018905872888176
OR,DESCHUTES,G4100170,9944,Republican,5144,51.72968624296058
OR,DESCHUTES,G4100170,9944,Other,23,0.23129525341914725
OR,DOUGLAS,G4100190,25815,Democratic,13321,51.60178190974239
OR,DOUGLAS,G4100190,25815,Republican,12492,48.390470656595
OR,DOUGLAS,G4100190,25815,Other,0,0
OR,GILLIAM,G4100210,1318,Democratic,606,45.97875569044006
OR,GILLIAM,G4100210,1318,Republican,712,54.02124430955993
OR,GILLIAM,G4100210,1318,Other,0,0
OR,GRANT,G4100230,3135,Democratic,1438,45.86921850079745
OR,GRANT,G4100230,3135,Republican,1697,54.13078149920255
OR,GRANT,G4100230,3135,Other,0,0
OR,HARNEY,G4100250,2691,Democratic,1220,45.33630620587142
OR,HARNEY,G4100250,2691,Republican,1464,54.40356744704571
OR,HARNEY,G4100250,2691,Other,7,0.2601263470828688
OR,HOOD RIVER,G4100270,5555,Democratic,2450,44.10441044104411
OR,HOOD RIVER,G4100270,5555,Republican,3102,55.84158415841585
OR,HOOD RIVER,G4100270,5555,Other,2,0.036003600360036005
OR,JACKSON,G4100290,32157,Democratic,14529,45.18145349379606
OR,JACKSON,G4100290,32157,Republican,17551,54.57909630873527
OR,JACKSON,G4100290,32157,Other,71,0.22079174052305875
OR,JEFFERSON,G4100310,2629,Democratic,1214,46.17725370863447
OR,JEFFERSON,G4100310,2629,Republican,1413,53.74667173830354
OR,JEFFERSON,G4100310,2629,Other,2,0.07607455306200077
OR,JOSEPHINE,G4100330,12831,Democratic,5419,42.233652871950746
OR,JOSEPHINE,G4100330,12831,Republican,7387,57.571506507676716
OR,JOSEPHINE,G4100330,12831,Other,24,0.18704699555763385
OR,KLAMATH,G4100350,18023,Democratic,8927,49.53115463574322
OR,KLAMATH,G4100350,18023,Republican,9094,50.457748432558404
OR,KLAMATH,G4100350,18023,Other,0,0
OR,LAKE,G4100370,2996,Democratic,1441,48.097463284379174
OR,LAKE,G4100370,2996,Republican,1555,51.902536715620826
OR,LAKE,G4100370,2996,Other,0,0
OR,LANE,G4100390,68862,Democratic,32592,47.329441491679006
OR,LANE,G4100390,68862,Republican,36146,52.49048822282245
OR,LANE,G4100390,68862,Other,117,0.16990502744619673
OR,LINCOLN,G4100410,10483,Democratic,5243,50.0143088810455
OR,LINCOLN,G4100410,10483,Republican,5230,49.89029857865115
OR,LINCOLN,G4100410,10483,Other,8,0.07631403224267863
OR,LINN,G4100430,23934,Democratic,11034,46.101779894710454
OR,LINN,G4100430,23934,Republican,12898,53.88986379209493
OR,LINN,G4100430,23934,Other,0,0
OR,MALHEUR,G4100450,8424,Democratic,3381,40.135327635327634
OR,MALHEUR,G4100450,8424,Republican,5043,59.864672364672366
OR,MALHEUR,G4100450,8424,Other,0,0
OR,MARION,G4100470,49970,Democratic,20788,41.600960576345805
OR,MARION,G4100470,49970,Republican,29123,58.280968581148684
OR,MARION,G4100470,49970,Other,55,0.11006603962377427
OR,MORROW,G4100490,2042,Democratic,1039,50.88148873653281
OR,MORROW,G4100490,2042,Republican,1003,49.11851126346719
OR,MORROW,G4100490,2042,Other,0,0
OR,MULTNOMAH,G4100510,251882,Democratic,124253,49.32984492738663
OR,MULTNOMAH,G4100510,251882,Republican,127251,50.52008480161345
OR,MULTNOMAH,G4100510,251882,Other,327,0.1298226947538927
OR,POLK,G4100530,11298,Democratic,4578,40.520446096654275
OR,POLK,G4100530,11298,Republican,6709,59.382191538325365
OR,POLK,G4100530,11298,Other,10,0.08851124092759781
OR,SHERMAN,G4100550,1165,Democratic,506,43.433476394849784
OR,SHERMAN,G4100550,1165,Republican,659,56.56652360515021
OR,SHERMAN,G4100550,1165,Other,0,0
OR,TILLAMOOK,G4100570,8044,Democratic,4098,50.9448035803083
OR,TILLAMOOK,G4100570,8044,Republican,3934,48.906016907011434
OR,TILLAMOOK,G4100570,8044,Other,10,0.12431626056688214
OR,UMATILLA,G4100590,17438,Democratic,8053,46.18075467370112
OR,UMATILLA,G4100590,17438,Republican,9378,53.7791031081546
OR,UMATILLA,G4100590,17438,Other,5,0.02867301296020186
OR,UNION,G4100610,7770,Democratic,4081,52.52252252252252
OR,UNION,G4100610,7770,Republican,3688,47.46460746460747
OR,UNION,G4100610,7770,Other,0,0
OR,WALLOWA,G4100630,3125,Democratic,1682,53.824000000000005
OR,WALLOWA,G4100630,3125,Republican,1440,46.08
OR,WALLOWA,G4100630,3125,Other,3,0.096
OR,WASCO,G4100650,8784,Democratic,4425,50.37568306010929
OR,WASCO,G4100650,8784,Republican,4354,49.56739526411658
OR,WASCO,G4100650,8784,Other,3,0.03415300546448088
OR,WASHINGTON,G4100670,43186,Democratic,17732,41.05960264900662
OR,WASHINGTON,G4100670,43186,Republican,25415,58.85009030704394
OR,WASHINGTON,G4100670,43186,Other,35,0.081044783031538
OR,WHEELER,G4100690,1032,Democratic,466,45.15503875968992
OR,WHEELER,G4100690,1032,Republican,566,54.84496124031008
OR,WHEELER,G4100690,1032,Other,0,0
OR,YAMHILL,G4100710,13829,Democratic,5527,39.966736568081565
OR,YAMHILL,G4100710,13829,Republican,8295,59.9826451659556
OR,YAMHILL,G4100710,13829,Other,6,0.043387085110998626
WA,ADAMS,G5300010,4216,Democratic,1732,41.08159392789374
WA,ADAMS,G5300010,4216,Republican,2479,58.79981024667932
WA,ADAMS,G5300010,4216,Other,5,0.11859582542694497
WA,ASOTIN,G5300030,5739,Democratic,3093,53.89440669106116
WA,ASOTIN,G5300030,5739,Republican,2640,46.001045478306324
WA,ASOTIN,G5300030,5739,Other,6,0.10454783063251437
WA,BENTON,G5300050,26344,Democratic,12516,47.50986941998178
WA,BENTON,G5300050,26344,Republican,13796,52.368660795627086
WA,BENTON,G5300050,26344,Other,29,0.11008199210446401
WA,CHELAN,G5300070,18214,Democratic,8176,44.88854727132975
WA,CHELAN,G5300070,18214,Republican,9854,54.101240803777316
WA,CHELAN,G5300070,18214,Other,182,0.9992313604919293
WA,CLALLAM,G5300090,13080,Democratic,6800,51.98776758409785
WA,CLALLAM,G5300090,13080,Republican,6226,47.599388379204896
WA,CLALLAM,G5300090,13080,Other,51,0.38990825688073394
WA,CLARK,G5300110,40868,Democratic,20769,50.81971224429872
WA,CLARK,G5300110,40868,Republican,20078,49.12890280904375
WA,CLARK,G5300110,40868,Other,16,0.03915043554859548
WA,COLUMBIA,G5300130,2094,Democratic,793,37.87010506208214
WA,COLUMBIA,G5300130,2094,Republican,1301,62.12989493791786
WA,COLUMBIA,G5300130,2094,Other,0,0
WA,COWLITZ,G5300150,24310,Democratic,12053,49.58041958041958
WA,COWLITZ,G5300150,24310,Republican,12102,49.781982723159196
WA,COWLITZ,G5300150,24310,Other,151,0.621143562320033
WA,DOUGLAS,G5300170,6346,Democratic,3087,48.644815631894105
WA,DOUGLAS,G5300170,6346,Republican,3241,51.07154112826978
WA,DOUGLAS,G5300170,6346,Other,18,0.2836432398361172
WA,FERRY,G5300190,1546,Democratic,921,59.573091849935324
WA,FERRY,G5300190,1546,Republican,623,40.29754204398447
WA,FERRY,G5300190,1546,Other,2,0.129366106080207
WA,FRANKLIN,G5300210,9409,Democratic,5155,54.78796896588373
WA,FRANKLIN,G5300210,9409,Republican,4200,44.63811244553087
WA,FRANKLIN,G5300210,9409,Other,52,0.5526623445637157
WA,GARFIELD,G5300230,1607,Democratic,690,42.937149968886125
WA,GARFIELD,G5300230,1607,Republican,914,56.87616677037959
WA,GARFIELD,G5300230,1607,Other,3,0.18668326073428748
WA,GRANT,G5300250,15005,Democratic,7399,49.310229923358875
WA,GRANT,G5300250,15005,Republican,7567,50.429856714428524
WA,GRANT,G5300250,15005,Other,36,0.23992002665778073
WA,GRAYS HARBOR/CHEH,G5300270,24006,Democratic,13772,57.36899108556194
WA,GRAYS HARBOR/CHEH,G5300270,24006,Republican,10066,41.93118387069899
WA,GRAYS HARBOR/CHEH,G5300270,24006,Other,166,0.691493793218362
WA,ISLAND,G5300290,6094,Democratic,2470,40.53167049556941
WA,ISLAND,G5300290,6094,Republican,3595,58.99245159172957
WA,ISLAND,G5300290,6094,Other,27,0.4430587463078438
WA,JEFFERSON,G5300310,4307,Democratic,2197,51.00998374738798
WA,JEFFERSON,G5300310,4307,Republican,2103,48.827490132342696
WA,JEFFERSON,G5300310,4307,Other,7,0.162526120269329
WA,KING,G5300330,440810,Democratic,208724,47.35010548762506
WA,KING,G5300330,440810,Republican,224108,50.840044463601096
WA,KING,G5300330,440810,Other,7890,1.7898867993012861
WA,KITSAP,G5300350,37302,Democratic,19662,52.710310439118544
WA,KITSAP,G5300350,37302,Republican,17457,46.79909924400836
WA,KITSAP,G5300350,37302,Other,179,0.47986703125837754
WA,KITTITAS,G5300370,8953,Democratic,4303,48.06210208868536
WA,KITTITAS,G5300370,8953,Republican,4639,51.81503406679325
WA,KITTITAS,G5300370,8953,Other,10,0.11169440411035406
WA,KLICKITAT,G5300390,5595,Democratic,2744,49.0437890974084
WA,KLICKITAT,G5300390,5595,Republican,2836,50.6881143878463
WA,KLICKITAT,G5300390,5595,Other,15,0.2680965147453083
WA,LEWIS,G5300410,19480,Democratic,8410,43.172484599589325
WA,LEWIS,G5300410,19480,Republican,11010,56.51950718685832
WA,LEWIS,G5300410,19480,Other,56,0.2874743326488706
WA,LINCOLN,G5300430,5464,Democratic,2248,41.142020497803806
WA,LINCOLN,G5300430,5464,Republican,3211,58.766471449487554
WA,LINCOLN,G5300430,5464,Other,5,0.09150805270863836
WA,MASON,G5300450,7902,Democratic,4183,52.935965578334596
WA,MASON,G5300450,7902,Republican,3703,46.86155403695267
WA,MASON,G5300450,7902,Other,16,0.20248038471273097
WA,OKANOGAN,G5300470,10698,Democratic,5506,51.46756403065994
WA,OKANOGAN,G5300470,10698,Republican,5168,48.30809497102262
WA,OKANOGAN,G5300470,10698,Other,21,0.1962983735277622
WA,PACIFIC,G5300490,7090,Democratic,3836,54.104372355430186
WA,PACIFIC,G5300490,7090,Republican,3224,45.47249647390691
WA,PACIFIC,G5300490,7090,Other,28,0.39492242595204513
WA,PEND OREILLE,G5300510,2953,Democratic,1641,55.570606163223836
WA,PEND OREILLE,G5300510,2953,Republican,1305,44.19234676600068
WA,PEND OREILLE,G5300510,2953,Other,7,0.23704707077548257
WA,PIERCE,G5300530,123475,Democratic,64281,52.05993116015388
WA,PIERCE,G5300530,123475,Republican,57181,46.309779307552134
WA,PIERCE,G5300530,123475,Other,1988,1.6100425187284877
WA,SAN JUAN,G5300550,1740,Democratic,624,35.86206896551724
WA,SAN JUAN,G5300550,1740,Republican,1112,63.9080459770115
WA,SAN JUAN,G5300550,1740,Other,4,0.22988505747126436
WA,SKAGIT,G5300570,23220,Democratic,11002,47.38156761412575
WA,SKAGIT,G5300570,23220,Republican,12167,52.39879414298019
WA,SKAGIT,G5300570,23220,Other,49,0.21102497846683896
WA,SKAMANIA,G5300590,2306,Democratic,1269,55.030355594102346
WA,SKAMANIA,G5300590,2306,Republican,1032,44.752818733738074
WA,SKAMANIA,G5300590,2306,Other,5,0.21682567215958368
WA,SNOHOMISH,G5300610,73163,Democratic,38791,53.0199691100693
WA,SNOHOMISH,G5300610,73163,Republican,33728,46.099804546013694
WA,SNOHOMISH,G5300610,73163,Other,637,0.8706586662657355
WA,SPOKANE,G5300630,115369,Democratic,55550,48.14984961298096
WA,SPOKANE,G5300630,115369,Republican,59553,51.619585850618456
WA,SPOKANE,G5300630,115369,Other,254,0.22016312874342325
WA,STEVENS,G5300650,7955,Democratic,3861,48.53551225644249
WA,STEVENS,G5300650,7955,Republican,4075,51.22564424890006
WA,STEVENS,G5300650,7955,Other,18,0.22627278441231927
WA,THURSTON,G5300670,25606,Democratic,11617,45.36827306100133
WA,THURSTON,G5300670,25606,Republican,13919,54.35835351089588
WA,THURSTON,G5300670,25606,Other,64,0.24994141997969227
WA,WAHKIAKUM,G5300690,1722,Democratic,923,53.60046457607434
WA,WAHKIAKUM,G5300690,1722,Republican,796,46.2253193960511
WA,WAHKIAKUM,G5300690,1722,Other,3,0.17421602787456447
WA,WALLA WALLA,G5300710,18519,Democratic,6721,36.2924563961337
WA,WALLA WALLA,G5300710,18519,Republican,11785,63.63734542901884
WA,WALLA WALLA,G5300710,18519,Other,11,0.05939845564015336
WA,WHATCOM,G5300730,31526,Democratic,14297,45.34986994861384
WA,WHATCOM,G5300730,31526,Republican,16649,52.81037873501238
WA,WHATCOM,G5300730,31526,Other,577,1.8302353612890947
WA,WHITMAN,G5300750,13544,Democratic,5457,40.29090372120496
WA,WHITMAN,G5300750,13544,Republican,8068,59.56881275841701
WA,WHITMAN,G5300750,13544,Other,16,0.11813349084465447
WA,YAKIMA,G5300770,53995,Democratic,21954,40.65932030743588
WA,YAKIMA,G5300770,53995,Republican,31679,58.67024724511529
WA,YAKIMA,G5300770,53995,Other,351,0.6500601907584036
AK,ELEC DISTRICT 1,G0203010,358,Democratic,211,58.93854748603352
AK,ELEC DISTRICT 1,G0203010,358,Republican,147,41.06145251396648
AK,ELEC DISTRICT 1,G0203010,358,Other,0,0
AK,ELEC DISTRICT 2,G0203030,3650,Democratic,1752,48.0
AK,ELEC DISTRICT 2,G0203030,3650,Republican,1898,52.0
AK,ELEC DISTRICT 2,G0203030,3650,Other,0,0
AK,ELEC DISTRICT 3,G0203050,1439,Democratic,679,47.18554551772064
AK,ELEC DISTRICT 3,G0203050,1439,Republican,760,52.81445448227936
AK,ELEC DISTRICT 3,G0203050,1439,Other,0,0
AK,ELEC DISTRICT 4,G0203070,2116,Democratic,1132,53.497164461247635
AK,ELEC DISTRICT 4,G0203070,2116,Republican,984,46.502835538752365
AK,ELEC DISTRICT 4,G0203070,2116,Other,0,0
AK,ELEC DISTRICT 5,G0203090,3950,Democratic,1919,48.58227848101266
AK,ELEC DISTRICT 5,G0203090,3950,Republican,2031,51.41772151898735
AK,ELEC DISTRICT 5,G0203090,3950,Other,0,0
AK,ELEC DISTRICT 6,G0203110,1099,Democratic,638,58.052775250227484
AK,ELEC DISTRICT 6,G0203110,1099,Republican,461,41.94722474977252
AK,ELEC DISTRICT 6,G0203110,1099,Other,0,0
AK,ELEC DISTRICT 7,G0203130,542,Democratic,275,50.7380073800738
AK,ELEC DISTRICT 7,G0203130,542,Republican,267,49.2619926199262
AK,ELEC DISTRICT 7,G0203130,542,Other,0,0
AK,ELEC DISTRICT 8,G0203150,722,Democratic,385,53.32409972299169
AK,ELEC DISTRICT 8,G0203150,722,Republican,337,46.67590027700831
AK,ELEC DISTRICT 8,G0203150,722,Other,0,0
AK,ELEC DISTRICT 9,G0203170,2008,Democratic,963,47.95816733067729
AK,ELEC DISTRICT 9,G0203170,2008,Republican,1045,52.04183266932271
AK,ELEC DISTRICT 9,G0203170,2008,Other,0,0
AK,ELEC DISTRICT 10,G0203190,19708,Democratic,9170,46.529328191597315
AK,ELEC DISTRICT 10,G0203190,19708,Republican,10536,53.46052364522021
AK,ELEC DISTRICT 10,G0203190,19708,Other,0,0
AK,ELEC DISTRICT 11,G0203210,1154,Democratic,615,53.29289428076257
AK,ELEC DISTRICT 11,G0203210,1154,Republican,539,46.70710571923743
AK,ELEC DISTRICT 11,G0203210,1154,Other,0,0
AK,ELEC DISTRICT 12,G0203230,1952,Democratic,1045,53.534836065573764
AK,ELEC DISTRICT 12,G0203230,1952,Republican,907,46.46516393442623
AK,ELEC DISTRICT 12,G0203230,1952,Other,0,0
AK,ELEC DISTRICT 13,G0203250,1356,Democratic,801,59.070796460176986
AK,ELEC DISTRICT 13,G0203250,1356,Republican,555,40.929203539823014
AK,ELEC DISTRICT 13,G0203250,1356,Other,0,0
AK,ELEC DISTRICT 14,G0203270,563,Democratic,402,71.40319715808171
AK,ELEC DISTRICT 14,G0203270,563,Republican,161,28.596802841918294
AK,ELEC DISTRICT 14,G0203270,563,Other,0,0
AK,ELEC DISTRICT 15,G0203290,817,Democratic,513,62.7906976744186
AK,ELEC DISTRICT 15,G0203290,817,Republican,304,37.2093023255814
AK,ELEC DISTRICT 15,G0203290,817,Other,0,0
AK,ELEC DISTRICT 16,G0203310,724,Democratic,201,27.76243093922652
AK,ELEC DISTRICT 16,G0203310,724,Republican,523,72.23756906077348
AK,ELEC DISTRICT 16,G0203310,724,Other,0,0
AK,ELEC DISTRICT 17,G0203330,536,Democratic,241,44.96268656716418
AK,ELEC DISTRICT 17,G0203330,536,Republican,295,55.03731343283582
AK,ELEC DISTRICT 17,G0203330,536,Other,0,0
AK,ELEC DISTRICT 18,G0203350,861,Democratic,494,57.375145180023225
AK,ELEC DISTRICT 18,G0203350,861,Republican,367,42.62485481997677
AK,ELEC DISTRICT 18,G0203350,861,Other,0,0
AK,ELEC DISTRICT 19,G0203370,8664,Democratic,4434,51.17728531855956
AK,ELEC DISTRICT 19,G0203370,8664,Republican,4229,48.811172668513386
AK,ELEC DISTRICT 19,G0203370,8664,Other,0,0
AK,ELEC DISTRICT 20,G0203390,434,Democratic,256,58.986175115207374
AK,ELEC DISTRICT 20,G0203390,434,Republican,178,41.013824884792626
AK,ELEC DISTRICT 20,G0203390,434,Other,0,0
AK,ELEC DISTRICT 21,G0203410,429,Democratic,243,56.64335664335665
AK,ELEC DISTRICT 21,G0203410,429,Republican,186,43.35664335664335
AK,ELEC DISTRICT 21,G0203410,429,Other,0,0
AK,ELEC DISTRICT 22,G0203430,840,Democratic,293,34.88095238095238
AK,ELEC DISTRICT 22,G0203430,840,Republican,547,65.11904761904762
AK,ELEC DISTRICT 22,G0203430,840,Other,0,0
AK,ELEC DISTRICT 23,G0203440,1693,Democratic,752,44.418192557590075
AK,ELEC DISTRICT 23,G0203440,1693,Republican,941,55.581807442409925
AK,ELEC DISTRICT 23,G0203440,1693,Other,0,0
AK,ELEC DISTRICT 24,G0203450,265,Democratic,175,66.0377358490566
AK,ELEC DISTRICT 24,G0203450,265,Republican,90,33.9622641509434
AK,ELEC DISTRICT 24,G0203450,265,Other,0,0
HI,HAWAII,G1500010,23808,Democratic,11556,48.538306451612904
HI,HAWAII,G1500010,23808,Republican,12249,51.44909274193549
HI,HAWAII,G1500010,23808,Other,0,0
HI,KAUAI,G1500070,10291,Democratic,4635,45.03935477601788
HI,KAUAI,G1500070,10291,Republican,5655,54.95092799533573
HI,KAUAI,G1500070,10291,Other,0,0
HI,MAUI-KALAWAO,G1500090,16150,Democratic,7301,45.20743034055727
HI,MAUI-KALAWAO,G1500090,16150,Republican,8847,54.78018575851393
HI,MAUI-KALAWAO,G1500090,16150,Other,0,0
HI,OAHU,G1500030,134456,Democratic,68909,51.25022312131849
HI,OAHU,G1500030,134456,Republican,65534,48.74010828821325
HI,OAHU,G1500030,134456,Other,0,0
