{"type":"FeatureCollection","name":"Alaska_1972_Missing_Election_Districts","features":[{"type":"Feature","properties":{"ID_NUM":36,"NAME":"FAIRBANKS","ID":"aks_fairbanks","STATE_TERR":"Alaska","FIPS":null,"VERSION":1,"START_DATE":"1960-04-01","END_DATE":"1970-03-31","CHANGE":"1960 census. Fairbanks (Election District 19) served as a census area.","CITATION":"(Census of Population 1960, 51; NHGIS)","START_N":19600401,"END_N":19700331,"AREA_SQMI":26042.0,"CNTY_TYPE":"County","FULL_NAME":"FAIRBANKS","CROSS_REF":"aks_fairbanks_1_AK_Historical_Counties","NAME_START":"FAIRBANKS (1960-04-01)","fips":"0None","richmond_geoid":"G0203370","election_year":1972,"source":"Newberry historical Alaska election-district geometry; district names retained in Richmond 1972 data"},"geometry":{"type":"Polygon","coordinates":[[[-141.0022121794819,62.98245342521159],[-141.00200388956085,61.27482349169534],[-141.25298892004665,61.29559344996242],[-141.30440696036706,61.34812543955329],[-141.49334606751043,61.482311403440065],[-141.61885509340377,61.5079173818686],[-141.77645511789027,61.52907535518956],[-141.96881813592177,61.53876032324599],[-142.13603914280762,61.535305295948866],[-142.212811188817,61.593178280961695],[-142.2456132420185,61.66400927263616],[-142.282419327965,61.778788261795036],[-142.3853553586395,61.81291224339357],[-142.55267735192186,61.791752216697404],[-142.71347732844336,61.74849219203781],[-142.96916534528447,61.75405214964828],[-143.15975437885925,61.787252116754075],[-143.33456938734184,61.78769508788562],[-143.44723441559466,61.81906206787845],[-143.6524074570411,61.862823031995006],[-143.75480150403143,61.92014801243327],[-143.69261357246015,62.01526001835695],[-143.573877627709,62.09554203436312],[-143.37059870015747,62.203139063212944],[-143.25242776290375,62.29238907882052],[-143.18235284927297,62.408705085234885],[-143.2486799333798,62.51273906945228],[-143.29386003508114,62.63946405611436],[-143.3637751400301,62.767493038514885],[-143.49258424502892,62.890912011162776],[-143.65924834016693,62.9990349780522],[-143.78506540236805,63.06843895356304],[-143.93806942051646,63.082616927092005],[-144.0939094717405,63.13706689817],[-144.29014952184164,63.18822686253311],[-144.4527725575826,63.223785833294045],[-144.54806660178295,63.27260781474564],[-144.70597565158204,63.32530878537064],[-144.81395966403713,63.33562776656004],[-145.03189166180496,63.324168730231904],[-145.24289165538553,63.308439695307115],[-145.39235364058536,63.28529567120221],[-145.68408262029976,63.25098562362242],[-145.75017559831772,63.22242161395242],[-145.83626154612526,63.1567136028868],[-145.90067749939823,63.09803359512931],[-145.96896744040657,63.023994587553915],[-146.09914041750412,62.99206256731233],[-146.30109439936288,62.96410353477942],[-146.43867639855188,62.95947251184552],[-146.48099339957898,62.9596575047041],[-146.4807094094617,62.971812504087474],[-146.6046514463222,63.01397348087693],[-146.6476624870888,63.06276147092979],[-146.58096854696953,63.13711247809212],[-146.48623560693824,63.211840489996874],[-146.4270196404863,63.253637497723325],[-146.48925967289387,63.29090448513542],[-146.60308569569403,63.31541646449683],[-146.74604771738962,63.338051439008396],[-146.83061376220968,63.389508421789195],[-146.82914379882368,63.43287641960645],[-146.8085928389364,63.480600420418696],[-146.83026486571737,63.511618414994004],[-146.97810989461186,63.54253438811465],[-147.30650989067897,63.53217233286486],[-147.47386686739227,63.50233530613693],[-147.62866685379538,63.48426628088217],[-147.6278068572246,63.48831028079265],[-147.62463085926208,63.490746281190376],[-147.60969786132722,63.493365283575436],[-147.60758286400213,63.4965362837501],[-147.6133598793333,63.51446328172466],[-147.6125318825262,63.51821928164665],[-147.60990288490956,63.52104828192891],[-147.59066788778287,63.524666284988186],[-147.58699789191624,63.5295582853274],[-147.5823018941126,63.53219328597261],[-147.55734790087186,63.54043928973605],[-147.5274379065668,63.547508294411756],[-147.52227990890188,63.55031029512641],[-147.52090591176136,63.553673295164785],[-147.526488914449,63.55673929403734],[-147.53900291737688,63.559991291719896],[-147.54094591965594,63.562628291236294],[-147.54973992353212,63.56703828948411],[-147.54614192513145,63.568954289984795],[-147.5095149274694,63.57218329602841],[-147.4986399307382,63.576149297648435],[-147.4755879339456,63.580215301334874],[-147.47053293360491,63.57988930221383],[-147.45448292756993,63.573075305339046],[-147.4409169296941,63.57575030749223],[-147.42386493008084,63.57645031035301],[-147.4067349272977,63.57345431344043],[-147.3849079285528,63.575245317050594],[-147.3798869297355,63.57670131782081],[-147.37847293166521,63.578974317930246],[-147.37897393593477,63.58394731755805],[-147.37611093764698,63.58598731792752],[-147.35475593973536,63.58874732140229],[-147.34800094322716,63.592921322311376],[-147.31523994425658,63.59463032778827],[-147.3073789507178,63.60228032868615],[-147.2889809529482,63.60516933165143],[-147.28537795778854,63.61086033193756],[-147.28122595912893,63.612486332550965],[-147.2633539596849,63.6134213355395],[-147.25818696597074,63.62081533599465],[-147.24240097154382,63.627550338295784],[-147.24081197439475,63.63088833837462],[-147.2494109772556,63.63407033672782],[-147.31548398161553,63.63807632524562],[-147.32712798441426,63.6411433230859],[-147.33874398818944,63.64534432086529],[-147.34424299145468,63.64904731971518],[-147.34734199532133,63.65348331893132],[-147.3478069985788,63.657252318634704],[-147.3435370035764,63.66310831902426],[-147.34790300642211,63.6663373180942],[-147.3713360132612,63.673899313665025],[-147.38680701394765,63.67446231099636],[-147.40459700974174,63.669330308262026],[-147.42436100897817,63.66815730496244],[-147.4340550105996,63.66989430321023],[-147.4444180158258,63.675794301102655],[-147.450229016716,63.67674130005762],[-147.47348901604457,63.67563529615834],[-147.4805580181075,63.677923294821035],[-147.48998802400328,63.68461129282551],[-147.49808702535074,63.686057291361266],[-147.53829902393122,63.683870284635844],[-147.54341502609893,63.68630828362203],[-147.54406802898623,63.68963728331686],[-147.53821503371157,63.695175283991865],[-147.51552704668865,63.71046228696953],[-147.51312405066392,63.715080287110446],[-147.50035505648373,63.72196428888722],[-147.49802305990553,63.7259392890537],[-147.50860206281737,63.72914928706277],[-147.53656006502322,63.73131328216903],[-147.55842907499817,63.74250627778682],[-147.5615110777454,63.74562627707902],[-147.5606060811931,63.74960327700138],[-147.54978308954136,63.75934027827982],[-147.55058309258112,63.76282127794018],[-147.56232709808404,63.76898627557659],[-147.57530810090023,63.77205027318274],[-147.58975910201062,63.7731392706532],[-147.62508209910496,63.76936026484682],[-147.63797109930553,63.76943126264348],[-147.64687910349656,63.774132260848084],[-147.65947311545702,63.78769525790363],[-147.67815212379745,63.79702725416786],[-147.6787181265466,63.80016825388681],[-147.67648812933382,63.803385254078805],[-147.6695161324335,63.80701525505599],[-147.61277413238417,63.807651264706266],[-147.61079913485668,63.81050426487647],[-147.61039213884214,63.81506726467867],[-147.6122211418169,63.81844526416874],[-147.61644914444256,63.821393263274175],[-147.61903215522844,63.83368026211328],[-147.6177151601603,63.839325262007456],[-147.6144151646084,63.844440262271426],[-147.60856316841637,63.848855263012595],[-147.5701311815683,63.86432526867341],[-147.56442018508966,63.86840726941058],[-147.56218018973533,63.873722269482485],[-147.56353119357252,63.878069268997464],[-147.57041320187759,63.887421267274036],[-147.56406220495091,63.89099426815065],[-147.5542512058386,63.89212926976148],[-147.55032420774327,63.89434327030318],[-147.55391920920482,63.89595626959428],[-147.564206217946,63.90574426726296],[-147.5652682248676,63.913580266622745],[-147.59775723483992,63.92446926042876],[-147.60076523720932,63.927115259759354],[-147.60000523931015,63.92950325974925],[-147.56502724683017,63.93845526520782],[-147.557211249682,63.941781266350056],[-147.54221725826986,63.951683268335934],[-147.53852526125272,63.95510126876767],[-147.53693926478402,63.95911026880441],[-147.5322712666917,63.96132526947359],[-147.49999726714063,63.9622592749421],[-147.4817872729545,63.96906627766102],[-147.47274727430252,63.97071027911223],[-147.44973827144076,63.967798283219814],[-147.44117427150707,63.96799228467419],[-147.43523327324405,63.97003528557203],[-147.43286227572975,63.972872285812656],[-147.4193312812622,63.979301287754204],[-147.42075228725918,63.98603928711848],[-147.4203002992729,63.9995722864076],[-147.39204430926927,64.0112182905681],[-147.37790431263383,64.0152042927579],[-147.36456731810597,64.02154629467331],[-147.36407132054663,64.02429429459858],[-147.37028532576917,64.0300662931986],[-147.44962335658562,64.06347727765738],[-147.48348337437184,64.082904270718],[-147.50302338567693,64.09526726664414],[-147.50674638925562,64.09921126577478],[-147.50044639418144,64.10478826652864],[-147.49949739905895,64.110238266372],[-147.5060864092422,64.12149526458248],[-147.52067242657256,64.14058526096093],[-147.52312444361706,64.15948425943145],[-147.5285174517205,64.16840425798236],[-147.5384694584233,64.17570725584505],[-147.54162146526923,64.18325125486082],[-147.54383047704323,64.19625525371723],[-147.54357249554516,64.21670725255935],[-147.5483785061783,64.22838225104718],[-147.5605615238924,64.24775424781406],[-147.56978153125138,64.25574124575921],[-147.5719745351668,64.26002224512999],[-147.77767953511974,64.25763720991523],[-147.79381953862554,64.26132820692183],[-147.81023054657115,64.26989920359108],[-147.82290155662722,64.2808212007624],[-147.8708335628538,64.28719419214116],[-147.88585256769983,64.29237118924948],[-147.8946935718004,64.29678718746554],[-147.8966835801148,64.30588318657959],[-147.91207358392452,64.30991718369131],[-147.92768758584606,64.31188218088805],[-147.92885059270122,64.31937718023944],[-147.93339159475252,64.32158217932626],[-147.9612795972699,64.3240951743782],[-147.97511160096133,64.32801617176341],[-147.9935576082184,64.33579716812257],[-147.9959656126328,64.34060116741972],[-148.00565061783678,64.34620616541648],[-148.02059061569906,64.34375216299317],[-148.02981261549277,64.34345416142406],[-148.0373936171741,64.34523116001274],[-148.04404161529652,64.34312915899524],[-148.05845061639542,64.34421915645004],[-148.06757962033393,64.34845115462434],[-148.07139862354066,64.35192315375795],[-148.07217062611548,64.35472715345597],[-148.08202062553147,64.3540171518035],[-148.08641862957842,64.3584001507825],[-148.09814762978365,64.35853914875527],[-148.1109536328295,64.36177014635624],[-148.1098186371358,64.36647314626768],[-148.11376264013137,64.36971014539317],[-148.11027664192878,64.3716931458736],[-148.10693564697215,64.37721014611556],[-148.12377264865256,64.37892214311348],[-148.123050650541,64.38098314311331],[-148.1185136524889,64.3831351437645],[-148.12457665507463,64.38590714255308],[-148.13279165569517,64.38652614110121],[-148.13541965880273,64.38988914044549],[-148.14488965779515,64.38872913888495],[-148.14586565921317,64.3902651386239],[-148.14330066348217,64.39492513878375],[-148.15338066489153,64.39639013695938],[-148.1552076672088,64.39889713649312],[-148.16553566498314,64.39641013486495],[-148.17852966881247,64.40048913238034],[-148.17624167403605,64.40617913242959],[-148.17987067535162,64.40758513171953],[-148.17599367983775,64.41248113209056],[-148.18892667692356,64.40923513005977],[-148.1933786789163,64.41137112916338],[-148.1887046805612,64.41318612985839],[-148.1888206830408,64.41587712967541],[-148.19614468435174,64.41725412833024],[-148.19133768626222,64.4193571290309],[-148.19325768778938,64.42100212860029],[-148.20001968814967,64.42135112741431],[-148.19831169110583,64.42456812751334],[-148.20984069172127,64.42516512549108],[-148.2179266979885,64.43191112368844],[-148.23101670330087,64.43759012108823],[-148.21974170290355,64.43722612305318],[-148.21449470651046,64.44116412371822],[-148.22170470786963,64.44259312238901],[-148.20667071187302,64.44701712471107],[-148.2000237110401,64.44615612590869],[-148.2215427157069,64.45107712190168],[-148.21817471740562,64.45293512236923],[-148.21776271963043,64.4553441222939],[-148.22497671840247,64.45397312113394],[-148.23046171965896,64.45530012010782],[-148.22410672491992,64.46102612085524],[-148.23994572705678,64.46324411799043],[-148.2384147310388,64.46755611799227],[-148.2294577319571,64.46860011947287],[-148.23408573433903,64.47114611852015],[-148.24563473494183,64.47173111649381],[-148.24208374100135,64.47829411670678],[-148.24700774173695,64.47906011581134],[-148.25287873975174,64.47688411493134],[-148.25525674239685,64.47972611434861],[-148.24327774667904,64.4844141161287],[-148.26820375006218,64.48792511161722],[-148.27327175324243,64.49132711053622],[-148.2938197481175,64.48569110733649],[-148.30049674931848,64.48695210610842],[-148.3021947564371,64.49461910534812],[-148.29654375746398,64.49575510625327],[-148.29613075996366,64.49845110616012],[-148.30118576032106,64.49881010526649],[-148.31080675678078,64.49494610384298],[-148.32241076061942,64.4990251015931],[-148.320164763443,64.5020781017939],[-148.320405765676,64.50448210160572],[-148.32866376633552,64.50515210014053],[-148.3263397700698,64.5091841002951],[-148.32937977245894,64.51174109961478],[-148.33663377418168,64.51356009825243],[-148.33537377557175,64.51506209837807],[-148.34155477703982,64.51661209721705],[-148.34451977559246,64.51504109680168],[-148.35318177634937,64.51581509526032],[-148.35396777859017,64.51822209497757],[-148.351384779769,64.51950209534478],[-148.3513377816304,64.52150409523064],[-148.36464078221317,64.52207009290102],[-148.36906678085904,64.52059409222791],[-148.37329278542236,64.52548209119975],[-148.3814697821381,64.52191509000735],[-148.38406178574883,64.5257860893234],[-148.38784178706644,64.52718608858551],[-148.39293578532917,64.52529708782244],[-148.39706378839873,64.52857908690929],[-148.40553879054465,64.530850085308],[-148.39576379358508,64.53415708679195],[-148.40072279691896,64.53771708571821],[-148.40666079652073,64.53726508472131],[-148.41560880223426,64.54336308280338],[-148.4223668044993,64.5457670814899],[-148.4192478057953,64.54717008194211],[-148.4097608046734,64.54600408365069],[-148.40818880718197,64.54870208375657],[-148.42613480778152,64.54927408062458],[-148.4231618138913,64.55583808073506],[-148.42953181625856,64.55835107948133],[-148.4244508182703,64.56052708022474],[-148.4123088171542,64.55937908239096],[-148.41848282087437,64.56334108108229],[-148.4336998195017,64.56181107854968],[-148.44706182333033,64.5658630759944],[-148.43670182574326,64.56848607762177],[-148.4371028284135,64.571344077377],[-148.42730583125098,64.57441907887969],[-148.4528338385557,64.58214007399812],[-148.4541928414933,64.58527707357091],[-148.4599868453117,64.58933907232067],[-148.46823184521156,64.58920307090538],[-148.48226184871868,64.59290406825521],[-148.48416585165478,64.59603506773374],[-148.48839685114936,64.5954810670373],[-148.50078985616037,64.60079406457001],[-148.51941485839748,64.60312606120976],[-148.52360686174848,64.60669106026612],[-148.53389186248268,64.60744505844343],[-148.5438108657938,64.61095105651395],[-148.5461848701249,64.61556505581919],[-148.55317387126016,64.61675705453837],[-148.56260187087054,64.61631705293695],[-148.58020986487017,64.60987205029389],[-148.5983918704818,64.61581704678606],[-148.603427870121,64.6154210459407],[-148.62357286205557,64.60677304299632],[-148.6371258534095,64.5975140412291],[-148.63068784847462,64.59225304266656],[-148.6320878474966,64.59120504248968],[-148.65220984372866,64.58714003926703],[-148.65297784559397,64.58913303901103],[-148.64981785227312,64.59627703911418],[-148.64507285708729,64.6014280396145],[-148.6457239386374,64.68818603412437],[-148.64271210744744,64.8656960236218],[-148.65577410776723,64.86600902133829],[-148.6535052170399,64.97943701466924],[-148.66719130559008,65.07049900661153],[-148.66387144395597,65.21135599838631],[-148.39642044341548,65.21147404496891],[-147.90741144128876,65.2122281301191],[-147.8005704389763,65.21081514882],[-147.5502714366353,65.21102419241865],[-147.52261444714998,65.2219721965833],[-147.5044354568895,65.23202119915084],[-147.4949494596362,65.23490620063177],[-147.4698724650735,65.24069320465745],[-147.44333246567592,65.24162620922819],[-147.4236824717194,65.24796421227587],[-147.4134684713346,65.24770521407177],[-147.4005614740287,65.2505842161507],[-147.37075048477803,65.26179522068138],[-147.35714548576564,65.26296722298379],[-147.33479049573384,65.27329222626885],[-147.29801549814616,65.27621423250882],[-147.28508650111922,65.27938023457597],[-147.26869749920803,65.27768623753487],[-147.23395350019769,65.27917024350647],[-147.21619449797203,65.27718724672111],[-147.16919350245544,65.28238025461182],[-147.15487350538345,65.28553525692334],[-147.14533550525005,65.28554425858653],[-147.11733949972697,65.28041926377145],[-147.11869149520314,65.2758512638044],[-147.11252749170635,65.27242926508077],[-147.07097050130793,65.28272727172306],[-147.05256050101863,65.28272727493405],[-147.0334604981575,65.28015727841614],[-147.02733850316793,65.28529027918273],[-147.0171155081242,65.2904332806644],[-147.00287950183835,65.28435128350387],[-146.9844905006978,65.28350728676085],[-146.94903749047086,65.27381829351073],[-146.9367864882813,65.2718232957637],[-146.91975148913414,65.2729712986675],[-146.90818749377652,65.27783730039998],[-146.90274349966128,65.28384530099906],[-146.877537504066,65.28870730511201],[-146.83867950566068,65.29099431175673],[-146.82708251171644,65.29728031341405],[-146.81753151268768,65.29842631501346],[-146.80595951133049,65.29727331709921],[-146.79435551425178,65.30041531894098],[-146.78411052118167,65.30755232031376],[-146.7704815192199,65.3058353227912],[-146.7459015250192,65.31210432671607],[-146.73159352018018,65.3075213294782],[-146.71521952043324,65.30808333230229],[-146.72405352716865,65.3146673303795],[-146.71788852961194,65.31723133130667],[-146.69126353221688,65.32034633577229],[-146.68167953830533,65.32662533708145],[-146.67415553900494,65.32747033834553],[-146.6679935423081,65.33089433922291],[-146.65706454208058,65.33087834113125],[-146.6118805548591,65.3445413482285],[-146.59619355336446,65.3433593510349],[-146.56884555420447,65.34474735572879],[-146.5461945628498,65.35384235915896],[-146.49038859483346,65.3868793670036],[-146.4930336006419,65.39260536621256],[-146.50391160491787,65.39663336408087],[-146.50863161048952,65.40207636294325],[-146.5099036174176,65.40893536232652],[-146.52549262987193,65.42098235890947],[-146.51990663723566,65.42840235945837],[-146.50885664245487,65.43380436107847],[-146.48084463689767,65.42887436625742],[-146.45674064411364,65.43653337002984],[-146.44169064289594,65.43564437271117],[-146.43485764070482,65.43361737402151],[-146.42405263179177,65.42500837640362],[-146.4165926278669,65.42127337792137],[-146.40358362639523,65.42009238026199],[-146.389160628337,65.42233138265402],[-146.3657536343741,65.42883038637216],[-146.3546806401553,65.4348053879654],[-146.33617063938132,65.43444639122075],[-146.31637063598902,65.43152339484809],[-146.28256764490544,65.44112040020795],[-146.26537764704665,65.4436314030693],[-146.24552864534903,65.44240340660834],[-146.23040664666954,65.444059409157],[-146.20204865598973,65.45394441355157],[-146.1924336563003,65.45447641520201],[-146.1794386547786,65.4532754175417],[-146.17200365022833,65.44894641908712],[-146.16462564395826,65.4429114207192],[-146.15936463630592,65.43545342206156],[-146.15683262844885,65.42772242294244],[-146.14599062353292,65.42310342509884],[-146.11467261657435,65.41694843091891],[-146.11409661252648,65.41294243124644],[-146.11978460550085,65.40582443065539],[-146.11231660327203,65.40378943207511],[-146.09104060465515,65.40568143568458],[-146.05620060131434,65.40321644190944],[-146.03072560542543,65.40793544609302],[-146.01294960460046,65.40756044921928],[-145.99448760316142,65.40659545249851],[-145.98635060060718,65.40426245405108],[-145.97629359425505,65.39820145614847],[-145.97569359193466,65.39590845638229],[-145.98206058609813,65.38993845560603],[-146.00515257131914,65.37463245243481],[-146.00406856240252,65.365768453123],[-146.011785556335,65.35951945212736],[-146.02210155493708,65.35786445041968],[-146.02956055688074,65.35961744901913],[-146.03844755686404,65.35937844748105],[-146.05363355217028,65.3543144451156],[-146.0743825444947,65.34613344195554],[-146.11456252624313,65.32689443602968],[-146.1277985172155,65.31753243424903],[-146.1367415143308,65.31442543286455],[-146.13755750978902,65.3098534329805],[-146.1118135033441,65.30401543780103],[-146.11128749791735,65.29858343819953],[-146.10598449292166,65.29369843940006],[-146.10750748726693,65.28798243945695],[-146.12616147928333,65.27950443668244],[-146.12620747785616,65.27806843675545],[-146.11809847535537,65.27575143830035],[-146.08852446112726,65.26216044422293],[-146.07814944408565,65.24524544698403],[-146.0335544333901,65.23557145529993],[-146.02622542835073,65.23066945685252],[-146.0126864262339,65.2288754593122],[-145.99702042716575,65.23021646196673],[-145.9862774225932,65.22587346408224],[-145.95234240117185,65.20509147115784],[-145.89657840135033,65.20673848077884],[-145.87386940795716,65.21402748432803],[-145.85360340445536,65.21102948802529],[-145.82761639116765,65.19828349326113],[-145.80120738857568,65.19637949796623],[-145.77900938245477,65.19078950214232],[-145.76072638097463,65.18979650538125],[-145.7372253742382,65.18362350981536],[-145.71894937274703,65.18262551305274],[-145.70381737644496,65.18680351545636],[-145.68680937696433,65.18781351836188],[-145.67811137383853,65.18489252003776],[-145.67900136935873,65.18032352013526],[-145.6772303633773,65.17430452077612],[-145.66591435845964,65.16963652300382],[-145.66670535596214,65.1670775230075],[-145.67521234837994,65.1591295219656],[-145.63898133919585,65.15083652872885],[-145.6323993347498,65.14650453011296],[-145.61754433335304,65.14551653275235],[-145.61557133187665,65.14407153317514],[-145.67258131738876,65.12766152416049],[-145.67988830588376,65.11571852354835],[-145.6896253006216,65.1100685221665],[-145.74970729070483,65.09823451237101],[-145.7630672791455,65.08604051072265],[-145.7755152731504,65.07955750891719],[-145.77434326863806,65.07497050937474],[-145.7710942657373,65.07209051009919],[-145.7670732647626,65.07120451084712],[-145.7018872694593,65.07785952181194],[-145.67987226253905,65.0714045259951],[-145.67521826069395,65.06964852690108],[-145.68301025316129,65.0617035259844],[-145.6818122494951,65.05797852639796],[-145.6704742460242,65.05474552854656],[-145.66390524216084,65.05097152989612],[-145.6576532313546,65.04005753158332],[-145.65243422699444,65.03572953272824],[-145.64646422483418,65.03368353387806],[-145.62249723118677,65.0409135376449],[-145.61168923079705,65.0408315395274],[-145.58982923527216,65.04607454303796],[-145.52887023688095,65.04955355344023],[-145.5217152444115,65.05749755424868],[-145.53228324955012,65.06244755214122],[-145.53417625184733,65.06474555168616],[-145.49549625371583,65.06783455824024],[-145.48996825573997,65.07007755907856],[-145.47805025080845,65.06538856140621],[-145.44418025115704,65.06679056721636],[-145.44002525294195,65.06874856783179],[-145.42579626522078,65.0817665695953],[-145.41750626796895,65.08483757086903],[-145.388435266803,65.08455557593827],[-145.36185525790617,65.07628758100837],[-145.3593632541749,65.07254458164503],[-145.3501132501624,65.06872758346002],[-145.32240224930425,65.06873458827587],[-145.30529125222253,65.07227559105766],[-145.2797802486444,65.06943559564536],[-145.23504024898645,65.07124960332268],[-145.2215992472952,65.06995960572844],[-145.20993224986566,65.07297960759306],[-145.1951192587127,65.08253160965208],[-145.15220627221564,65.09777961628976],[-145.0871772707166,65.0984526275585],[-145.07513227829608,65.10661062921444],[-145.05792428170855,65.11068763198762],[-145.04950028552886,65.11487863322743],[-145.03449528679775,65.11669263573934],[-145.0199982900577,65.12052263805485],[-145.0066042967318,65.12779663999427],[-144.97488230338848,65.13569264508853],[-144.96296129918014,65.13182364736875],[-144.94084129505194,65.1283976513986],[-144.92056929380624,65.12784865495313],[-144.90127829737375,65.13217565807702],[-144.89141330195542,65.13719865952498],[-144.8799803002758,65.13589866158274],[-144.872868295451,65.1312376630676],[-144.85179128712747,65.12351266714361],[-144.85284328213933,65.11838466723336],[-144.84750628103825,65.11745466821073],[-144.82832728317896,65.12033867139208],[-144.81824328184743,65.11934867319789],[-144.75330026181493,65.10128768544455],[-144.7185102555833,65.09621869175895],[-144.705642255207,65.09631869399016],[-144.70085726363416,65.1051146943576],[-144.68727426377833,65.10577569668347],[-144.65933325674825,65.09965170186251],[-144.6392202537547,65.0973597054786],[-144.60474024440086,65.08911771190368],[-144.59338823458674,65.07950871438054],[-144.55986023002137,65.07613772038228],[-144.5432362260639,65.0727337234484],[-144.50128223217877,65.08065573032208],[-144.48432723210297,65.0812517332364],[-144.4727782247779,65.07420673561059],[-144.44546921212216,65.0623227409735],[-144.42286622147364,65.07282474435235],[-144.39374622767195,65.08035674901848],[-144.3670172303677,65.08420775346144],[-144.34349723462194,65.08952775727113],[-144.34110623812552,65.09321175749531],[-144.3289892438685,65.09958575926981],[-144.33056524871122,65.1044727587425],[-144.32387225449222,65.1106567595847],[-144.27871125722513,65.1153187671909],[-144.27414325527857,65.11352076807762],[-144.2472162593224,65.11877577248515],[-144.21867725233918,65.1128427777508],[-144.20130725579517,65.11710678054908],[-144.18699725607385,65.11799778298973],[-144.16049324918734,65.11209178789923],[-144.14370624706336,65.11063979089062],[-144.11859325284124,65.11762179489499],[-144.10670324960958,65.1148337971042],[-144.08991824747235,65.11337680009521],[-144.07492524768284,65.11424280265562],[-144.05489325038192,65.11787280595019],[-144.01560524237027,65.11141081310639],[-144.0040582422174,65.11176381509435],[-144.00098524260918,65.11229981560078],[-143.9941302477644,65.1178698165072],[-143.9848572492229,65.11976981802123],[-143.97799524821517,65.11904481925033],[-143.96584024205,65.11328682165592],[-143.944480237893,65.10999082553448],[-143.91333322426777,65.09745283158257],[-143.8848212160055,65.09028283689837],[-143.8966882135169,65.08719683499443],[-143.90672420679414,65.07985483362502],[-143.9055982025785,65.07558383403745],[-143.92253919743246,65.06954183140336],[-143.92432619524664,65.06721883121145],[-143.92096218902833,65.06098783211199],[-143.92937318589642,65.0573928308348],[-143.94875318471188,65.05530582757709],[-143.97092117829138,65.04771682411578],[-143.99259217963154,65.04812882033345],[-144.0029591782377,65.04623581863072],[-144.00734317599705,65.04373781799725],[-144.03069717354236,65.04018081412573],[-144.04499916690577,65.03272281202453],[-144.04704116063826,65.02618081200451],[-144.0501411572199,65.02252381165346],[-144.0572401543121,65.0192158105906],[-144.0942871565629,65.01991380412697],[-144.1018391556302,65.01862380288256],[-144.10555015279814,65.01554380239658],[-144.09411513935183,65.00217480506477],[-144.08553313716575,65.00029380664972],[-144.07931913234665,64.99559080796809],[-144.06250512965173,64.99354581098886],[-144.0484501218732,64.98612881380524],[-144.02509511700222,64.98212681805947],[-144.01668411343786,64.97881481968687],[-144.00157611486614,64.98096382219713],[-143.99207111063555,64.97701282404628],[-143.98833909331742,64.95925282559676],[-143.9906420881978,64.95384482547261],[-143.98923308572927,64.95134882584377],[-143.99089808103113,64.94640282580671],[-143.99580807802027,64.9430598251258],[-144.0262400746437,64.93819882009895],[-144.04884306587093,64.92808681669726],[-144.07362906020523,64.92110481275847],[-144.05365305007376,64.91145181671136],[-144.04158603967474,64.90116381932573],[-144.0642700250839,64.88495381622249],[-144.0594510139504,64.87355181763746],[-144.0590030073096,64.86663781806703],[-144.09155899602337,64.85340281310516],[-144.07385898071382,64.83816581694464],[-144.0735089743137,64.83147781734573],[-144.06931896964454,64.82677081831031],[-144.06847096649122,64.8235028186232],[-144.08044696216223,64.81843181680921],[-144.08238795944737,64.8154978166226],[-144.0937049584504,64.81395081474338],[-144.09795695082894,64.80576281442455],[-144.1140039474489,64.80150481186566],[-144.12011494467234,64.7983188109708],[-144.11677494088133,64.79448181174398],[-144.08966693717198,64.79177981657018],[-144.0482129248713,64.78068582430306],[-144.02927291838353,64.7747048278813],[-144.0220879130629,64.76942382939144],[-144.06237489703057,64.75071282337598],[-144.09081989790454,64.75036781847668],[-144.09857989264026,64.74446681743534],[-144.08843588824104,64.7402718194016],[-144.09728888504551,64.73650281806329],[-144.1102638775128,64.72796581625481],[-144.11070586896383,64.71890381663927],[-144.100618860805,64.71071481879805],[-144.06353285693191,64.70826782532883],[-144.0527508514766,64.70297182745979],[-144.05598884445658,64.69538482728487],[-144.06887584002655,64.69010782532654],[-144.0521158271095,64.67714882887728],[-144.04655581710915,64.66677283036233],[-144.07056980466982,64.65245982694147],[-143.9145157328722,64.58293485736614],[-143.8962016397456,64.48360486549477],[-143.9831264870753,64.31333385905532],[-144.03559638363936,64.1968748558673],[-144.06291231783436,64.1224678549],[-143.97305523916833,64.03867287444798],[-143.75273913721844,63.934423917231676],[-143.70737803624618,63.82169693046251],[-143.64060395643332,63.733421946112486],[-143.4762308649204,63.63611797874171],[-143.32061880288344,63.57227900820398],[-143.0503607237043,63.49479705767654],[-142.89783169410632,63.46897608471628],[-142.78259464174027,63.414026106745574],[-142.7390475929381,63.3586801166315],[-142.57225553132625,63.29559314766601],[-142.39530045335596,63.21335618119676],[-142.12181939820195,63.165217229401826],[-141.90428137569666,63.153288266549275],[-141.68650938579944,63.18143830201037],[-141.54309940521964,63.21566132471168],[-141.41610839303758,63.21057934630827],[-141.300007360569,63.18022136711153],[-141.18885430720462,63.12406738811909],[-141.1483092234206,63.02471839899353],[-141.0862751913096,62.99018441080421],[-141.0022121794819,62.98245342521159]]]}},{"type":"Feature","properties":{"ID_NUM":77,"NAME":"KODIAK","ID":"aks_kodiak","STATE_TERR":"Alaska","FIPS":"02150","VERSION":1,"START_DATE":"1960-04-01","END_DATE":"1970-03-31","CHANGE":"1960 census. Kodiak (Election District 13) served as a census area.","CITATION":"(Census of Population 1960, 51; NHGIS)","START_N":19600401,"END_N":19700331,"AREA_SQMI":7085.0,"CNTY_TYPE":"County","FULL_NAME":"KODIAK","CROSS_REF":"aks_kodiak_1_AK_Historical_Counties","NAME_START":"KODIAK (1960-04-01)","fips":"02150","richmond_geoid":"G0203250","election_year":1972,"source":"Newberry historical Alaska election-district geometry; district names retained in Richmond 1972 data"},"geometry":{"type":"MultiPolygon","coordinates":[[[[-155.56574084430937,55.76199953533994],[-155.57293383913074,55.75135553510074],[-155.57771583831288,55.7500245345071],[-155.57772083709833,55.7473645347077],[-155.5992408325076,55.7393815321873],[-155.62788383670667,55.751356527119796],[-155.63503683942776,55.75800952557598],[-155.66131483886662,55.75933952165815],[-155.673265837726,55.7580095200236],[-155.69000083454816,55.752688517997974],[-155.716273835193,55.75668151387883],[-155.71625883823194,55.763333513374405],[-155.7138658389478,55.76466451362038],[-155.7162438412726,55.76998551286974],[-155.7281828419517,55.77264651093273],[-155.71382584685654,55.78195851230864],[-155.713816848683,55.78594951200584],[-155.72097385079763,55.79127251056031],[-155.7376888518712,55.795263507826874],[-155.74723085448775,55.8019175059324],[-155.73765985735858,55.80723850691755],[-155.7089748617011,55.81389051058073],[-155.66114287300618,55.833851516018235],[-155.64678287853795,55.84449551729857],[-155.63958988436582,55.85646951743558],[-155.6371648912142,55.87111051667614],[-155.6275798971606,55.88308751716232],[-155.59883190323166,55.89348252056123],[-155.5856779047908,55.895599522317454],[-155.56873190448638,55.893318524959774],[-155.55734990183046,55.88647552713649],[-155.5535368961472,55.873785528652846],[-155.5631098926614,55.86713352776228],[-155.56792088571203,55.85249752817043],[-155.57749688161448,55.844506527381824],[-155.57753687366272,55.827205528686775],[-155.56086486401412,55.80457953282549],[-155.5561298556856,55.785947534924226],[-155.55853685192568,55.777963535178635],[-155.5513838491967,55.771312536721375],[-155.56574084430937,55.76199953533994]]],[[[-156.68954492941333,56.06348534838263],[-156.68630792817643,56.06046634909439],[-156.6891679268564,56.05795234887739],[-156.68842192494535,56.05376334931922],[-156.68587392362716,56.050645349938534],[-156.68081692298506,56.048698350830314],[-156.6760819207545,56.043373351943366],[-156.6751159190439,56.03958635238504],[-156.6787009185572,56.03894135191399],[-156.68696491907568,56.04098335054755],[-156.68912491833063,56.03962335034086],[-156.68895191728805,56.037361350545986],[-156.6724199148986,56.03036635351036],[-156.67397491322544,56.02693935355598],[-156.68433191281042,56.02720735202598],[-156.68515291211867,56.025810352017594],[-156.68307190955835,56.0200633527774],[-156.67513390654423,56.01267935452019],[-156.67523390544895,56.01033035469205],[-156.68590690580953,56.01230535298108],[-156.6894759051994,56.011391352534005],[-156.68996190296397,56.00662735284202],[-156.69310390254324,56.00607335242846],[-156.69521190329732,56.00793635197348],[-156.702715903529,56.00928035077394],[-156.7038529047051,56.01194335039659],[-156.7015849052638,56.01289235065139],[-156.69990290738588,56.01727535054772],[-156.7016859082772,56.01939635011945],[-156.7142309090375,56.022446348049975],[-156.71507490998314,56.02457834775731],[-156.73475190837004,56.02332534499128],[-156.74230591047336,56.02870834346251],[-156.74514291214476,56.03262734273706],[-156.75206691344107,56.03620034144382],[-156.74710991608137,56.0413193417579],[-156.74260691630184,56.04128434241671],[-156.73553091441335,56.03642234383481],[-156.7201289151994,56.03637534608229],[-156.72026291627728,56.038709345876896],[-156.72255591688577,56.04027634541825],[-156.72225391885638,56.044480345127376],[-156.71281591989236,56.04564434641],[-156.6989899197308,56.04374234857592],[-156.69657092045446,56.04502634882639],[-156.69828892473797,56.05442534782845],[-156.71109492536542,56.05721234574029],[-156.71193792670024,56.060174345381704],[-156.7081519287619,56.06417534561513],[-156.70474792842114,56.06306134619997],[-156.6974129316219,56.069108346788404],[-156.68954492941333,56.06348534838263]]],[[[-156.76900000104868,56.22529832388847],[-156.7813199985207,56.22132132240408],[-156.78316699735728,56.21906032231452],[-156.7822439914299,56.206367323463375],[-156.7881269896587,56.20326732285094],[-156.7909589873165,56.198608322809],[-156.79078698536028,56.19442932316801],[-156.7883689842933,56.1918863237246],[-156.7782159833613,56.188757325458376],[-156.77235598045547,56.18191232686112],[-156.76278097968898,56.17920132847678],[-156.76565497460487,56.16869732889497],[-156.76318797208137,56.16304132970665],[-156.76557197150086,56.162072329435794],[-156.7621179700146,56.158514330224186],[-156.76450396907754,56.15678533001361],[-156.76642696631765,56.151115330185235],[-156.77134896559184,56.150122329545624],[-156.77433996363735,56.14628932941476],[-156.77769396498127,56.149536328665874],[-156.78659896526148,56.15114132723743],[-156.79021596647664,56.15414332646958],[-156.80119496556205,56.1534363249229],[-156.80456896670907,56.15626532420402],[-156.80389396879454,56.16063632395329],[-156.80714897074867,56.165171323115345],[-156.8041499723055,56.16814932331551],[-156.80715997501932,56.174272322386294],[-156.80562897628673,56.17679832240819],[-156.79878197747124,56.1785453232689],[-156.8070419834605,56.192227320968385],[-156.80442598617262,56.197699320913266],[-156.79670298794335,56.20059032181097],[-156.79344098991177,56.2044053219831],[-156.79307399154595,56.207836321762464],[-156.7990359944813,56.214745320338736],[-156.795296995066,56.21556432082003],[-156.78891299863602,56.22242232120559],[-156.78923400029555,56.225980320874356],[-156.77950000024487,56.224775322394294],[-156.7667720024088,56.22793332400389],[-156.76407800163383,56.225986324553396],[-156.76900000104868,56.22529832388847]]],[[[-153.8787842886235,56.565925724394326],[-153.87082428503157,56.558015726135515],[-153.86848128193284,56.551493726944116],[-153.88052527735283,56.542895725762975],[-153.88585127336128,56.53504872552669],[-153.90333226991137,56.529137723349905],[-153.91374226679397,56.523429722208654],[-153.92244226633846,56.52308572094202],[-153.94186626253102,56.516574718520786],[-153.9472882601818,56.51210671803289],[-153.94852625852457,56.50877671808531],[-153.95297825759891,56.507174717538284],[-153.9763172562237,56.505949714163414],[-153.99393025361803,56.501796711846104],[-154.00363325591027,56.50719771002345],[-154.02505225509333,56.50700670686046],[-154.03721025360153,56.50478170521575],[-154.04089425235478,56.50246870483391],[-154.04388624982894,56.497467704745965],[-154.05250424922926,56.496835703513334],[-154.06002025025143,56.499473702211134],[-154.07143425020752,56.50018770046799],[-154.11401324859668,56.499883694176866],[-154.1253792499862,56.50356069222919],[-154.1345332500579,56.50436269081493],[-154.1340212511272,56.506531690735756],[-154.11169325855928,56.52025869306648],[-154.11758525980926,56.52325269197893],[-154.10200126045345,56.52347169427488],[-154.10082226178653,56.52613369425973],[-154.09439626406493,56.53036869491091],[-154.0875052649032,56.53160669584499],[-154.08768126583496,56.533536695681185],[-154.08435726707768,56.53585869600873],[-154.07641026802193,56.53724069708939],[-154.06597027306273,56.54687169795237],[-154.0632682729507,56.546451698383414],[-154.06342027049317,56.541408698720154],[-154.05048126855453,56.536511700988996],[-154.05359926726948,56.53408670069885],[-154.05181726590902,56.531161701171726],[-154.0472052653958,56.529781701954256],[-154.04415826411707,56.52693570260873],[-154.04287426573217,56.53017070256908],[-154.04399426679817,56.53244270224108],[-154.04672326701524,56.53308070179081],[-154.04428827129115,56.541706701538125],[-154.04131727203077,56.54301970188573],[-154.03376827736042,56.55344670226427],[-154.02006727677147,56.551280704452246],[-154.0092942772162,56.55144470603974],[-153.97916228021688,56.55552171022387],[-153.97694628133414,56.557663710400746],[-153.96476328312474,56.56050071200862],[-153.95213528389715,56.56121871383301],[-153.94843228354407,56.5602397144524],[-153.94561428149402,56.55583671518281],[-153.94462127647495,56.54545571606593],[-153.94264627615297,56.544658716415526],[-153.92985127893652,56.54950371797191],[-153.92601228131048,56.55411871821522],[-153.93058728315077,56.558210717246055],[-153.94083628254947,56.55767671576192],[-153.93887728325504,56.55899171595978],[-153.91530828692737,56.56492171904019],[-153.8997672869793,56.56397172141561],[-153.8787842886235,56.565925724394326]]],[[[-157.24064414424657,56.57968022609972],[-157.2263421426895,56.574774228604255],[-157.21852514424083,56.5770662295682],[-157.20217014486633,56.576441232026404],[-157.1982771460183,56.57836923244254],[-157.1705211495627,56.5824562361965],[-157.15770514927303,56.580362238253464],[-157.14665615148527,56.58365123961313],[-157.13575615015017,56.57962224154524],[-157.12962415023355,56.57908224249175],[-157.10074815310134,56.58166724653421],[-157.07740315313316,56.57903625018529],[-157.03619314712057,56.561850257643314],[-157.02679814718726,56.56091025910256],[-157.02584814674265,56.559880259325794],[-157.0298021449121,56.55654225901331],[-157.02704114441178,56.555189259529094],[-157.0148731454026,56.555847261267274],[-157.004570143865,56.5514822631364],[-156.9952671438465,56.55038026459478],[-156.97556914013902,56.54044626829553],[-156.97291613838513,56.5365062690036],[-156.98611013584917,56.53275026736471],[-157.00342913628705,56.53563926458309],[-157.00654313769218,56.538910263860764],[-157.00533113921895,56.541938263794734],[-157.00771114104833,56.54600326311625],[-157.01606614142406,56.54773926174642],[-157.0386561402622,56.54792325840639],[-157.0614511404028,56.55083825481569],[-157.0772061393358,56.5504442525288],[-157.0796301382408,56.5484542523332],[-157.10075013724978,56.54884324919356],[-157.11321313839306,56.55265824705045],[-157.12141413759844,56.55196324589997],[-157.14223913181382,56.542390243612445],[-157.1503291271237,56.53360024313575],[-157.1529611240915,56.527611243234965],[-157.18383512449864,56.53206823833245],[-157.19540712184175,56.52790823696904],[-157.19571111899018,56.52201923740322],[-157.20049411942713,56.523489236580374],[-157.2002191208425,56.526397236384234],[-157.2025521218192,56.52870023585399],[-157.20983212223172,56.53041323464404],[-157.24405912131112,56.53253522943849],[-157.256153119449,56.53009722785906],[-157.264487117097,56.526197226951886],[-157.27011011819448,56.52914422588488],[-157.2877811172489,56.529276223276355],[-157.3027511175679,56.53171922087637],[-157.31012411688738,56.531183219836365],[-157.3164841150309,56.5280842191546],[-157.32436511474032,56.52842021796875],[-157.32607911307755,56.52516921798253],[-157.328918114351,56.528155217321334],[-157.32748611696135,56.53340721710252],[-157.3316011198349,56.53986621596939],[-157.32101112130283,56.541650217380464],[-157.31504912300704,56.544477218026174],[-157.29865513145586,56.56005121916506],[-157.28872313491414,56.56603922013723],[-157.27716713705902,56.56911322158638],[-157.27676913870653,56.572478221370446],[-157.26878413958005,56.57334222247492],[-157.27028714245446,56.57947022175381],[-157.26362014182402,56.57737722290578],[-157.2565531425084,56.57795922389842],[-157.25546714389176,56.580694223835245],[-157.25011914489653,56.58214222450436],[-157.24661014689792,56.58586922471705],[-157.24064414424657,56.57968022609972]]],[[[-154.49403628454309,56.601888630454965],[-154.44998628543684,56.60036163710488],[-154.4134552801557,56.58676864351246],[-154.40230927753103,56.58054364561725],[-154.39940927562438,56.576411646346514],[-154.4014362746204,56.574502646183944],[-154.40515527645871,56.5785566453386],[-154.4116592770443,56.580248644251014],[-154.42226727948488,56.58605764225613],[-154.41531227519326,56.57672464396414],[-154.41366727257707,56.57122864460598],[-154.4169122714116,56.56907964428013],[-154.40644227103434,56.567514645946844],[-154.40896227259017,56.57090064532782],[-154.4082302734176,56.57254464531744],[-154.4129062751111,56.57637464434635],[-154.40949227583806,56.57760964476373],[-154.3938892689994,56.56238864817997],[-154.3913152669252,56.55793164888394],[-154.39250226499576,56.55405364898826],[-154.40179026392775,56.55255664771898],[-154.43681425389454,56.53455664382866],[-154.4620612538837,56.53645563994818],[-154.4548392542632,56.53668664100206],[-154.45111325578358,56.539533641348115],[-154.4450542552689,56.53801264235654],[-154.4362542566349,56.540156643505995],[-154.42619725886902,56.54399264471928],[-154.41996126159293,56.54912564527248],[-154.41627526361276,56.55300164553836],[-154.41967026564717,56.55744164471351],[-154.44280526108997,56.54982264183429],[-154.42247226395367,56.5541716445346],[-154.43791425935459,56.54588064284518],[-154.44707125761042,56.54298664169712],[-154.45727525640666,56.54128564030738],[-154.46372325668418,56.54234863927438],[-154.46481125759493,56.54430663897111],[-154.45751225798404,56.54455064003569],[-154.4356412643454,56.55597464245087],[-154.42954326486242,56.55657564331187],[-154.42246826666045,56.559736644132244],[-154.4276502668083,56.56043264331326],[-154.42684326758285,56.56196364332214],[-154.43841226731212,56.56228364158288],[-154.44308126572153,56.55936864110153],[-154.43640027035391,56.56838164143934],[-154.42624327153743,56.570043642826015],[-154.42893327266773,56.5725686422438],[-154.42583327260328,56.57220164273036],[-154.42472027305436,56.57304364283457],[-154.42646127337443,56.573832642519214],[-154.42363127431096,56.57554164281525],[-154.43498927334522,56.57441864121143],[-154.4340212727001,56.57302064145617],[-154.44264127276065,56.57379864012088],[-154.44266027449038,56.577351639860645],[-154.44615127409548,56.576805639382066],[-154.44608027716964,56.583110638935665],[-154.4443322779693,56.584618639085775],[-154.44017827676868,56.581839639903606],[-154.44647728180306,56.592645638185346],[-154.4409242821098,56.59285363899448],[-154.45882728467367,56.59946963585726],[-154.4625332843782,56.59914563533061],[-154.4635642833994,56.597217635317534],[-154.4591572837111,56.597521635949505],[-154.45366028262535,56.594877636957314],[-154.4569742826543,56.59518863644279],[-154.45551528181974,56.59336663679168],[-154.46370128228085,56.594934635462685],[-154.46869228374106,56.59830863447715],[-154.50026528409654,56.60145062956207],[-154.50601128355086,56.60077262875851],[-154.5046272808225,56.59507262937822],[-154.510865280536,56.59496462846041],[-154.50818928129084,56.596306628759905],[-154.51155328223487,56.598500628101235],[-154.52444528327067,56.601615625960925],[-154.5328602812161,56.59805262497138],[-154.53644627776748,56.59125662493373],[-154.53533427098574,56.57725162611818],[-154.53871326782746,56.571025626070025],[-154.5388512596191,56.55416162727706],[-154.53367925226195,56.538618629174756],[-154.53226425178684,56.53753062946378],[-154.52805225313608,56.53998362990972],[-154.5267722545917,56.54288162988866],[-154.52030025676143,56.54684863055944],[-154.5188912585442,56.55040863050967],[-154.51248325814225,56.54908763155572],[-154.49924224801634,56.52721563510787],[-154.50048924625742,56.5236856351794],[-154.5027292457203,56.52275063491532],[-154.50585824920432,56.530172633912436],[-154.5152682501444,56.53283463232422],[-154.509557247592,56.52713463358504],[-154.51397224515998,56.52246163327029],[-154.49127424518406,56.52076463675705],[-154.48489424600788,56.52197363761473],[-154.47982624777137,56.52522063813014],[-154.47764124731495,56.524112638534326],[-154.47893724558088,56.52063663859447],[-154.4838982438947,56.517539638084024],[-154.49548524130142,56.513079636691195],[-154.49477724008125,56.51050763698287],[-154.4924292395973,56.509328637416196],[-154.57172222928082,56.49416562677519],[-154.57155822865641,56.492862626894464],[-154.63360621612546,56.471817619245265],[-154.66853820548502,56.45254461548639],[-154.69150519696947,56.436711613248924],[-154.70414919047226,56.4242306122939],[-154.71307618716122,56.41806561142608],[-154.73657017941585,56.4038486089973],[-154.74290817812692,56.40167860822027],[-154.76504117711215,56.401361604974596],[-154.7757851779954,56.40407460318834],[-154.78902418081213,56.41101560072278],[-154.7999281844091,56.41938759849658],[-154.80550118808696,56.42748859707712],[-154.80613419128406,56.434182596491155],[-154.78357020072866,56.45194459852026],[-154.77752520591196,56.46219959866025],[-154.75546921511113,56.479464600654346],[-154.73966522388358,56.49633360175461],[-154.70616023726342,56.521273604885955],[-154.68222824344494,56.53211060763689],[-154.66346524670908,56.53734661003362],[-154.64281325170674,56.546005612460675],[-154.62310225713767,56.55562961467899],[-154.60043526463318,56.56926361704449],[-154.5347452823587,56.60054062451056],[-154.52464928439005,56.60392562576277],[-154.49403628454309,56.601888630454965]]],[[[-154.08643430353865,56.610818690353526],[-154.0818493002263,56.60371669154159],[-154.07903529361556,56.58997769293974],[-154.07520729070652,56.583745693952714],[-154.04124527817524,56.555643700997955],[-154.04604527771622,56.55503670032852],[-154.0499962784324,56.556784699617396],[-154.05673128212712,56.56484469804354],[-154.06866528527854,56.57215169575091],[-154.0771132898817,56.58218869378067],[-154.08637028955337,56.58216769240721],[-154.0882632874246,56.57793569242782],[-154.09482028517192,56.573777691750806],[-154.09276128221214,56.5675576925005],[-154.10051227745768,56.55834269200727],[-154.1003802758015,56.55493069227034],[-154.09541227318948,56.54921069341587],[-154.0848522734843,56.549069694993364],[-154.07713627492166,56.55147969596664],[-154.07470027433135,56.55009469642706],[-154.07286027231683,56.545823697004444],[-154.07645427125746,56.54389869660845],[-154.08096727152372,56.544764695876914],[-154.08231827001657,56.54176069589052],[-154.0884042698202,56.54178669498567],[-154.09772426763593,56.53795369387607],[-154.1040602636694,56.53023969348652],[-154.11274226186526,56.52714269241953],[-154.11528826227956,56.528176691968106],[-154.11371726272492,56.52898169214351],[-154.11128126616867,56.53589669201131],[-154.10502626817456,56.5395796926764],[-154.10505026941505,56.542132692490775],[-154.12046226798347,56.5402836903358],[-154.11864726496697,56.53394769105767],[-154.12186626303514,56.53020069084759],[-154.1273802612517,56.52692169026395],[-154.13117725886377,56.52227469003277],[-154.1446892556915,56.51670468842686],[-154.150137253083,56.51171868797542],[-154.1499802516419,56.508735688212184],[-154.14183225083357,56.506484689581086],[-154.16400725072106,56.50784468619623],[-154.18518124849777,56.504785683276125],[-154.23248424017973,56.491052677249534],[-154.248682241669,56.49531267454351],[-154.2667072417906,56.49688667175937],[-154.2877912436893,56.502358668241385],[-154.3043912430771,56.502322665784064],[-154.34311724548598,56.51017165947925],[-154.34742024623932,56.512046658706275],[-154.36139825232632,56.525640655653454],[-154.357985254103,56.529045655913585],[-154.345157247352,56.51417265888847],[-154.33950924621027,56.511396659925815],[-154.34280124729128,56.513871659259394],[-154.3397422468593,56.51275265979337],[-154.34115224807675,56.51536865939578],[-154.33615524640032,56.51153866041264],[-154.33712924777325,56.514442660058855],[-154.34785925015066,56.52014465805721],[-154.35133325199521,56.52420565724918],[-154.35236125408747,56.52859365677997],[-154.3347762601772,56.53982265857762],[-154.34009026054187,56.540968657706806],[-154.34310326169083,56.543557657073215],[-154.3452572613908,56.543100656786606],[-154.3451472600859,56.540406656997504],[-154.34769525962807,56.53965465667377],[-154.34549325839683,56.53695565719516],[-154.35181225829885,56.537225656238626],[-154.35219625767297,56.53596565627266],[-154.35628525801377,56.53697265559345],[-154.35577125513817,56.53101265609999],[-154.36073625770788,56.536675654954905],[-154.3623812604839,56.5425126542897],[-154.34987726469583,56.55024465558597],[-154.34319126425328,56.54883565667934],[-154.34340926631813,56.55309865633937],[-154.3453762675753,56.55582965585052],[-154.34142127155113,56.56370665586912],[-154.3109332832429,56.585447658826375],[-154.29004128883693,56.595376661213024],[-154.2553182946703,56.60478266569326],[-154.24215729777143,56.61017266726092],[-154.22851629954863,56.61281866909741],[-154.21492929912597,56.61096867124892],[-154.20602229745734,56.606908672863476],[-154.18483929667246,56.603773676235285],[-154.1367603010785,56.609350682979446],[-154.11341730550348,56.61674568591991],[-154.10326330631952,56.61769568736136],[-154.09585430662005,56.61778668845614],[-154.09003430535984,56.61479868953434],[-154.08643430353865,56.610818690353526]]],[[[-154.03775135742123,56.717218690009915],[-154.02991235703544,56.715891691272205],[-154.02413935766174,56.71676269207028],[-154.02566135392598,56.70928369237625],[-154.0246883504335,56.7021216930312],[-154.019580345562,56.691865694522114],[-154.02221034208787,56.68498169462076],[-154.04875633987612,56.68232669085798],[-154.0539903402204,56.68339269000278],[-154.0627823423334,56.68830568834353],[-154.0888073419428,56.689335684395694],[-154.09939834302983,56.69229168260784],[-154.1260893428909,56.6938946785197],[-154.11681334511553,56.69776167962406],[-154.11152334502668,56.69720768045116],[-154.10937334609517,56.69922768062693],[-154.113316347378,56.70211367983354],[-154.11977134743904,56.70269367883094],[-154.12625934374938,56.69565267836847],[-154.1346813441856,56.69713667700854],[-154.13538734509459,56.69903467676763],[-154.13366234801774,56.70485367660804],[-154.13070634969415,56.70804967681937],[-154.12712334956208,56.70752767739027],[-154.12000635092295,56.70978867828841],[-154.11619135079906,56.709267678893916],[-154.11757634931067,56.706341678896784],[-154.11123634810932,56.70345268004756],[-154.09616034948337,56.70518268216885],[-154.07283035688243,56.71857068468776],[-154.0570583592491,56.72227168677318],[-154.0532473636531,56.73093868672301],[-154.0460983590843,56.72117368848453],[-154.03775135742123,56.717218690009915]]],[[[-153.59009045695277,56.88832174477786],[-153.60413545552686,56.886345742813994],[-153.6111144577962,56.8913257414209],[-153.61814945821342,56.89260274027852],[-153.62286446007377,56.89662173929134],[-153.62393546153834,56.899618738921056],[-153.6195864637263,56.9037207392847],[-153.60520446650392,56.90837174111234],[-153.55874747086307,56.914189747662675],[-153.55160247073903,56.91349974878085],[-153.5465034688723,56.90945474982693],[-153.55131046828592,56.908579749168105],[-153.5514324669058,56.90582874934201],[-153.5565234657586,56.90385074871783],[-153.55948146386305,56.90024374852694],[-153.5709284623265,56.89788074697805],[-153.57208946020396,56.893706747096054],[-153.59009045695277,56.88832174477786]]],[[[-153.20939962701482,57.20203078018884],[-153.2101686255825,57.1992757802629],[-153.21564762476507,57.19798677952566],[-153.21488862322425,57.19493277985053],[-153.21213962225985,57.19289278040565],[-153.2092336224182,57.193038780833895],[-153.222170614375,57.17803577991804],[-153.22081861387738,57.17698578019421],[-153.21765461351745,57.17610278073192],[-153.20886061708043,57.182579781610904],[-153.21093161687878,57.18230178131796],[-153.20316562260425,57.19306178174698],[-153.18893762397872,57.19495078376225],[-153.1811236262337,57.19892078466707],[-153.1783316261339,57.198569785112205],[-153.18034962464804,57.195778785000016],[-153.17317162446352,57.19501778613476],[-153.17224562362807,57.193333786390404],[-153.17389062132142,57.188915786446216],[-153.16860862010293,57.186238787426774],[-153.1625356200169,57.18573278837707],[-153.166022617316,57.18064378820163],[-153.16618661561216,57.17731878840563],[-153.16427561449424,57.17502478885141],[-153.16522561374043,57.17360178880614],[-153.17926960818735,57.16351078738388],[-153.18477660713694,57.161760786674435],[-153.20906759938455,57.14792678396775],[-153.2143805970608,57.14366778346104],[-153.21498059548236,57.140603783581746],[-153.21766059545658,57.14070478317117],[-153.2059425930764,57.135371785303384],[-153.19630759881443,57.14609078601615],[-153.18576360176928,57.15129478724614],[-153.1584186063991,57.15884479084661],[-153.1328956119576,57.16831979404164],[-153.12025561695415,57.17740379532318],[-153.10672061795086,57.17861079728079],[-153.0970386206137,57.183289798419665],[-153.0808486216895,57.18451080077702],[-153.06925362444574,57.18926980219946],[-153.0631736246313,57.18930280311406],[-153.06009262391333,57.18773280368613],[-153.06005562300086,57.18594680381399],[-153.07383061663222,57.17423580253889],[-153.07529861462544,57.17038780258126],[-153.0692086127674,57.16641880377097],[-153.07747761105605,57.16351680272342],[-153.07971160965744,57.16089880256601],[-153.07933760752007,57.15669080291059],[-153.09518559951508,57.14185980153895],[-153.09735459333078,57.12983980203597],[-153.1015045911452,57.125774801689666],[-153.10185858719552,57.11803380216698],[-153.1010975858086,57.11526580247127],[-153.0956655849635,57.113306803423384],[-153.0918385830625,57.10935880426999],[-153.08545958437833,57.111597805076826],[-153.08544058586472,57.114518804879665],[-153.0908675898854,57.122717803500905],[-153.07957959784153,57.1377238041731],[-153.0811675990383,57.14015880376724],[-153.07161060216384,57.14576980482283],[-153.0656776056261,57.15223580527407],[-153.0649786073774,57.155630805147],[-153.05419361140326,57.162933806272484],[-153.05317261254555,57.165115806277285],[-153.06344161335414,57.16725480458306],[-153.06063361449313,57.169332804863956],[-153.05518861554077,57.171088805564644],[-153.0488686155691,57.170802806537004],[-153.03933961407273,57.167359808208865],[-153.0207196145173,57.16722981102455],[-153.01647861580358,57.1695208115073],[-153.01216661838637,57.17434481182784],[-153.01191961988846,57.17727081166536],[-153.00820062131558,57.17986381204906],[-152.99817562188917,57.180450813520565],[-152.9931486236326,57.183592814064255],[-152.98346362534713,57.186430815331185],[-152.96770362641357,57.18768181762293],[-152.9547676259573,57.186107819681226],[-152.94935362673655,57.18734682041334],[-152.94659262613965,57.186034820919105],[-152.94692962471942,57.18327582105625],[-152.9439286209851,57.175814822016775],[-152.93976061991904,57.17351082280211],[-152.93524761959117,57.172632823542216],[-152.92909862091372,57.174898824315385],[-152.9220126170536,57.16697482592267],[-152.91678261603346,57.164704826865666],[-152.89191361866602,57.168566830352994],[-152.88445961767923,57.1662498316342],[-152.87485961522557,57.16095083344126],[-152.87509961336892,57.15732683365098],[-152.87135061246832,57.15536983434874],[-152.86981861020178,57.15084983488644],[-152.87916860741262,57.14586483381536],[-152.88520760449654,57.14045883327189],[-152.91139159685048,57.12681383025317],[-152.9182185977247,57.12888582908399],[-152.92552459747722,57.128781827990316],[-152.95075659222343,57.11978882480134],[-152.96132759374873,57.12334282296719],[-152.99726659081716,57.11949181781684],[-153.00537759122426,57.12072481651116],[-153.01587459358134,57.125916814575874],[-153.0205495959802,57.130877813533],[-153.01679659769349,57.134039813882396],[-153.02798459862458,57.136467812031206],[-153.03285759657336,57.13270381155438],[-153.03527559393424,57.12765281153539],[-153.0243795937548,57.12671381324057],[-153.0182565916977,57.12234481446107],[-153.01666559025202,57.119418814900556],[-153.0273575918546,57.123141813036106],[-153.04501558893284,57.11835281070404],[-153.0559325845925,57.1104118096033],[-153.06282958341663,57.10847380869762],[-153.07371058233326,57.10693480716487],[-153.08483458310255,57.1090548053451],[-153.09145858209789,57.107440804458385],[-153.0942515809536,57.10534280418187],[-153.09314157718183,57.09785980486138],[-153.0944865765277,57.09664580474222],[-153.11090957380034,57.09217780257691],[-153.12406357281412,57.09096080068102],[-153.13272757458995,57.094936799104424],[-153.1340085767966,57.09935179860877],[-153.14638157722675,57.1008847966415],[-153.18003057304227,57.09452379201519],[-153.21546156260177,57.075943787963894],[-153.22097355853884,57.06824078766567],[-153.2222605552381,57.06179878791591],[-153.221224554543,57.060367788170055],[-153.21333855250285,57.05589178966387],[-153.20540455286002,57.05614879083905],[-153.2065215509923,57.052522790920726],[-153.20394254975378,57.04992979148683],[-153.2019825467041,57.04379179220365],[-153.19811254531282,57.04082279298967],[-153.2030305435447,57.03760379247193],[-153.20433954150377,57.03364079254808],[-153.21493753703245,57.02539179152342],[-153.23028853216462,57.01662378982124],[-153.23633652827704,57.00926478941968],[-153.23526052609466,57.004876789883475],[-153.23643752587012,57.004498789732935],[-153.24869852626784,57.00598778778919],[-153.26118452469817,57.003590786079585],[-153.26507952535195,57.005110785389896],[-153.27155152419698,57.00319278455048],[-153.28000652078407,56.99690978371471],[-153.2848455205687,56.99676178299854],[-153.29169051845656,56.99296578223305],[-153.30232251682065,56.99033478081879],[-153.3126035171001,56.99148677919617],[-153.31340451839563,56.99410477889503],[-153.3117695195898,56.996379778983176],[-153.32150652315883,57.004026776992774],[-153.33668852225196,57.00311477477659],[-153.33653652355687,57.00569377462076],[-153.33453352427702,57.00700477483089],[-153.34872752454885,57.00837477260503],[-153.3490575259625,57.01119677236008],[-153.34003752938634,57.017453773281126],[-153.3228785339351,57.025461775304024],[-153.32163953609182,57.029659775199754],[-153.32343853673967,57.03104677483345],[-153.32328653792453,57.03338277469477],[-153.3214395383704,57.03415777491855],[-153.31980254121336,57.039686774782105],[-153.31728553976015,57.03666577536911],[-153.31217653958524,57.03602277618119],[-153.30466354184017,57.040047777031766],[-153.30479954311494,57.042576776836505],[-153.31276554226588,57.041359775723706],[-153.30992454386555,57.04435777594315],[-153.31721754479284,57.0466147746912],[-153.321405541865,57.04106877444565],[-153.32646754377973,57.04514977340255],[-153.33856754490122,57.048072771382024],[-153.34884254332187,57.04555177001266],[-153.36255854350827,57.046724767870614],[-153.36069954578983,57.0511257678448],[-153.3526205480185,57.05505576878659],[-153.34923355006777,57.05890576902873],[-153.33452855350276,57.06482977082871],[-153.32442055773828,57.07260077181041],[-153.32086656010532,57.077063772035814],[-153.3196615628111,57.08232977185256],[-153.32297756550622,57.087834770972805],[-153.32223156613293,57.089026771002686],[-153.31431856501013,57.08635477237764],[-153.31016356567736,57.08742877292816],[-153.29211657021224,57.095320775096965],[-153.27932357573644,57.10546077632087],[-153.28417957618768,57.106627775509715],[-153.2907165754193,57.10549177460446],[-153.3042285707798,57.097137773149264],[-153.3277585660466,57.08917777016079],[-153.34276656106175,57.08022576852384],[-153.3347965617383,57.081094769662165],[-153.33735956060056,57.079000769421754],[-153.35023355929042,57.077168767612896],[-153.3969415494017,57.060399761755015],[-153.39923555096232,57.06361776118679],[-153.3983505532265,57.06803576101297],[-153.40262855414014,57.070092760227105],[-153.40194555779422,57.07726275983173],[-153.40428355937098,57.08051175925454],[-153.38945756352558,57.087825760975804],[-153.37379056638207,57.09253176300516],[-153.36762256864796,57.09663276364837],[-153.3579275704513,57.09961576489982],[-153.35563657116217,57.10088176515663],[-153.35745557243445,57.10349276470191],[-153.34462557266414,57.103194766652805],[-153.33274857674087,57.11052576793185],[-153.33296157769,57.112405767769445],[-153.3396695784207,57.11423376663346],[-153.3503575785201,57.11505276496843],[-153.36285057541465,57.10967476346152],[-153.38869057304035,57.10652175979293],[-153.3847195776484,57.115354759777084],[-153.380409580378,57.12046876007039],[-153.3638695849471,57.128478762003795],[-153.35301658924277,57.136281763096214],[-153.34555359113713,57.13956576399206],[-153.32822659288752,57.14199376643261],[-153.32648959470083,57.14545176645472],[-153.32181859640752,57.14852976694496],[-153.32162659797999,57.151602766760995],[-153.30641060297287,57.16051276843577],[-153.30051160674233,57.16755876883677],[-153.28665160951874,57.172199770603946],[-153.27805661330373,57.17911677142087],[-153.27890161402672,57.180579771192434],[-153.27659161519492,57.1827337713915],[-153.27204161557225,57.18321177204435],[-153.27306961757938,57.187196771613934],[-153.26960761947166,57.19069977189347],[-153.27391962035125,57.19266577110758],[-153.26814562038743,57.192406771996],[-153.27081162083496,57.1934337715231],[-153.26801462382525,57.19911877155181],[-153.27230262306745,57.197882770990724],[-153.27598662087854,57.19381477071656],[-153.2840386182584,57.189152769825164],[-153.2821316179744,57.18848777015873],[-153.27828761950224,57.191255770546725],[-153.27388362004226,57.19205977115495],[-153.2822476162975,57.18521477036766],[-153.28769761590928,57.18476776957699],[-153.2837406176772,57.18799876995],[-153.28682761863843,57.19005576934247],[-153.28766162053188,57.19380576895734],[-153.27663562464014,57.20120377010783],[-153.26479862600218,57.20318877175542],[-153.26136462762085,57.20615477206824],[-153.25450362892573,57.208312772953796],[-153.25573662785337,57.206288772907634],[-153.25226262610371,57.20267377368131],[-153.24480362672438,57.20346277475143],[-153.24225862587588,57.20166077525969],[-153.21745263055303,57.20939377846684],[-153.2156766305264,57.209241778745024],[-153.21424262866316,57.205522779217745],[-153.20939962701482,57.20203078018884]]],[[[-153.8453587793208,57.534433660734976],[-153.8464407783283,57.53260966070086],[-153.83462577946767,57.53402266239192],[-153.82736477719692,57.52922366383404],[-153.82516577387233,57.522736664628646],[-153.82550977034504,57.51602266505376],[-153.8278857693077,57.5141936648237],[-153.83741776915062,57.51450666335655],[-153.82444575197542,57.480817667716956],[-153.82622075106994,57.479197667563355],[-153.82963074489822,57.46758966787169],[-153.83086472826605,57.43574266994801],[-153.82983472544143,57.43024667049424],[-153.83121372428442,57.42811067043744],[-153.84896472591512,57.43239366744695],[-153.8501357275466,57.435605667041415],[-153.85727372832574,57.437565665821886],[-153.87294373205256,57.44574366286838],[-153.87419773309003,57.44781766253106],[-153.87293373416148,57.44979266258164],[-153.87408673767692,57.456615661921305],[-153.8785147416362,57.46449966068954],[-153.8760007428536,57.4666706609157],[-153.87096474325688,57.46711666164651],[-153.87779775054372,57.48152565958555],[-153.88206575258295,57.48570865864111],[-153.8822737569943,57.4941666580071],[-153.88870675692897,57.494460657011466],[-153.8852277615295,57.503034656927476],[-153.88991376272804,57.505631656032314],[-153.888491765156,57.51018065592366],[-153.87294176658656,57.51190365815758],[-153.87375876792368,57.51451165784783],[-153.8708527712556,57.52068765784843],[-153.86996577564165,57.52900365739066],[-153.870964778176,57.53390465689009],[-153.87763378432172,57.54605665501277],[-153.87381878697875,57.55087265524838],[-153.86956078772178,57.552012655812945],[-153.8544667841971,57.54431965865028],[-153.8453587793208,57.534433660734976]]],[[[-152.3294499447565,57.76560587559776],[-152.35232294097196,57.7595148725082],[-152.34866494366702,57.76439487274195],[-152.3489729456381,57.76809187244862],[-152.3567709482492,57.77330587090926],[-152.36102695108946,57.77879386989298],[-152.36065195192737,57.780341869846964],[-152.3565629530845,57.78232487033989],[-152.35205095582089,57.787236870702074],[-152.3436459571587,57.789370871845016],[-152.340168960909,57.79621587192045],[-152.3281599618844,57.797519873670055],[-152.32854296104273,57.795966873714946],[-152.32773395967172,57.79337587401114],[-152.3210389569846,57.788077875387664],[-152.31116695588133,57.78559887706181],[-152.31132095386985,57.78185187728765],[-152.31669295218302,57.77893187666078],[-152.31728794845063,57.771987877031755],[-152.3294499447565,57.76560587559776]]],[[[-152.4340350460199,57.95801784673087],[-152.41939504028568,57.946808849727425],[-152.4104580397576,57.945444851189315],[-152.42404203439668,57.936151849728596],[-152.44558103728903,57.94243484600479],[-152.44871303663695,57.94137084559593],[-152.44894103467558,57.937762845802936],[-152.43196003463356,57.93693684846209],[-152.4288980337392,57.93515184905109],[-152.42668503146538,57.93085884967796],[-152.4102770325917,57.93221885210257],[-152.40599703111843,57.9293128529533],[-152.38864702891325,57.92448685593613],[-152.36218303046104,57.92620085987872],[-152.33991402750797,57.919792863720346],[-152.3332070257884,57.91632986497954],[-152.3241250261464,57.91660486635347],[-152.3257990242938,57.91325286632033],[-152.3333650215661,57.90853386547536],[-152.3332300183333,57.90255086589491],[-152.35008601704874,57.90089586342215],[-152.34985701586692,57.89869986360388],[-152.35872201420224,57.896000862425794],[-152.35412201343314,57.894379863238605],[-152.36125901169447,57.89146886233962],[-152.36094301098868,57.89014886247617],[-152.35450101087807,57.88966686349513],[-152.36479800753554,57.88392086230135],[-152.37708500876502,57.8867288602317],[-152.3861520107008,57.89070585857696],[-152.39477201260374,57.894602856995654],[-152.40372101593013,57.90114785518676],[-152.40900501648565,57.902405854292894],[-152.4164510162294,57.90225785316194],[-152.41594001555504,57.90098785332533],[-152.41766501546644,57.90089985306698],[-152.42961901593418,57.902289851142264],[-152.43325801464053,57.900056850734174],[-152.4483860156542,57.90259984824586],[-152.46449101775775,57.90720484546948],[-152.46798701752974,57.906938844951654],[-152.47099801940365,57.910537844248694],[-152.47777902046488,57.91280184305752],[-152.48489401969306,57.911692842041774],[-152.48901002012013,57.91266684134568],[-152.48944002211172,57.91636684103116],[-152.50203902508136,57.92241883869358],[-152.51110902167895,57.91654083769886],[-152.51620402179537,57.9169858368881],[-152.52113101993638,57.91377283634931],[-152.52630401953593,57.913266835590626],[-152.52066002427387,57.92176683588355],[-152.51554802667565,57.925971836384285],[-152.50756002765252,57.92741583751154],[-152.49994303082008,57.93292083830898],[-152.4991630331231,57.93713583814507],[-152.50036203415902,57.93910083782928],[-152.49057703498994,57.94019483925585],[-152.48583103757733,57.94475483967729],[-152.47713603938035,57.94769084081325],[-152.47214604180613,57.951939841293125],[-152.4743370428125,57.95389184082609],[-152.48837504041003,57.9500908389286],[-152.4865320424869,57.95383583895948],[-152.48650804595755,57.960228838533645],[-152.47035604736448,57.96209984088553],[-152.45773804505959,57.95729484314347],[-152.45002004944527,57.96502984380835],[-152.44133504990802,57.96549884510936],[-152.43881205090437,57.96722184538095],[-152.4421910520259,57.96943484471409],[-152.4326300558389,57.97602984573892],[-152.42143005591726,57.97568284748077],[-152.41519805465146,57.973081848611336],[-152.41163905267138,57.96928284941175],[-152.41261005125955,57.966726849434146],[-152.4197690484127,57.96179884866592],[-152.43628504741145,57.960679846207164],[-152.4340350460199,57.95801784673087]]],[[[-153.4526660208501,57.96350969024521],[-153.44790402093216,57.96338569098298],[-153.44283802335224,57.96755669146596],[-153.4400920198817,57.96099569234682],[-153.43390401934528,57.959648693388694],[-153.42735501719395,57.95530069469623],[-153.41051601512905,57.95052069760895],[-153.39449501430835,57.94808770023191],[-153.3867730105565,57.9407157019299],[-153.3717410064849,57.93233370481671],[-153.35748500686503,57.932226707005924],[-153.35319900517476,57.92885870789721],[-153.34562800419536,57.92661870921226],[-153.34467900270204,57.92380270955413],[-153.34614400188983,57.92238270942927],[-153.34402400069035,57.920043709917],[-153.33595699896713,57.91639871140575],[-153.32619099917486,57.9162327129114],[-153.3094699943168,57.906297716162555],[-153.29853799486443,57.90669971780684],[-153.29158599349725,57.90377871907382],[-153.28395799359362,57.903531720257945],[-153.2816439907329,57.898101720989914],[-153.27369798682213,57.89040872274086],[-153.25682498323482,57.882817725849236],[-153.256084981382,57.879338726204196],[-153.25854797893865,57.87493972613357],[-153.25295597682322,57.87070172728329],[-153.2548219739796,57.865522727357884],[-153.24529197453856,57.866033728779364],[-153.24318197303296,57.863119729304245],[-153.22559196726527,57.851427732804986],[-153.21733295751952,57.832835735357236],[-153.203099949933,57.81791773856599],[-153.2037209475032,57.813420738782895],[-153.20197694490534,57.80847873939186],[-153.20474394437045,57.80763273902795],[-153.20845594189785,57.8032217387671],[-153.2055989391076,57.797855739575226],[-153.22360994245565,57.80509673632326],[-153.23542394269788,57.80620073444284],[-153.24028694404558,57.80898473350695],[-153.26808394444296,57.81126972910375],[-153.25802594119432,57.80464773109989],[-153.2589329401057,57.80266573109895],[-153.26884693970055,57.80246172959961],[-153.27399594101243,57.80519772862339],[-153.27656194268462,57.808461728004474],[-153.2675659465379,57.81514872891328],[-153.267657947775,57.81746072873843],[-153.27187694865168,57.81933072796401],[-153.2745249483254,57.81886972759179],[-153.28558695048383,57.823511725579344],[-153.30718094948807,57.8228667223265],[-153.33030495008987,57.825292718626066],[-153.32489295334287,57.83104871905116],[-153.3227079561701,57.83619171902645],[-153.32681195858882,57.84092671806928],[-153.32274995897134,57.841409718656166],[-153.3269099600362,57.843626717866016],[-153.32178096066298,57.84450371858849],[-153.31558795888733,57.840849719789446],[-153.31281895936226,57.841577720161716],[-153.31226896138224,57.84530671998583],[-153.31603396155435,57.8458387193735],[-153.3169689606497,57.844207719344396],[-153.32815796334359,57.849851717241435],[-153.36202496406293,57.85310971183932],[-153.38182696352374,57.853236708805056],[-153.39607296469666,57.856234706418654],[-153.3958949671512,57.86078870612721],[-153.3991409694887,57.865319705314334],[-153.40908096989855,57.86665270370184],[-153.41005697207441,57.87075170326578],[-153.43368697205784,57.8720846995611],[-153.44901797336982,57.87541069698498],[-153.46203197575076,57.880588694632515],[-153.4796419820338,57.89327569105004],[-153.49090898369326,57.89701268906489],[-153.49560498621562,57.90196468799878],[-153.5120449895752,57.90915668497935],[-153.52871799582715,57.92171768154535],[-153.53654600046949,57.93077067971036],[-153.53188700315417,57.935460680092724],[-153.53322600617142,57.94111767948953],[-153.52563900822608,57.94446668041452],[-153.52161001198792,57.95117868055851],[-153.5204140186399,57.963387679881926],[-153.518599020119,57.9660096799752],[-153.5077120230471,57.97077068130691],[-153.5084340236253,57.97187968111823],[-153.4846250268876,57.976500684438975],[-153.4694430277915,57.977282686708975],[-153.4611340256051,57.97276968829845],[-153.4526660208501,57.96350969024521]]],[[[-152.7228880562067,57.990026800259564],[-152.72344605251618,57.983266800633274],[-152.72516405102326,57.98060280055091],[-152.73042204979706,57.97859879988053],[-152.73005604720436,57.97380980026223],[-152.73209104635396,57.97234180004977],[-152.73122904508733,57.96996880034339],[-152.74748404636642,57.97310579763736],[-152.74803804553974,57.971610797654144],[-152.73621204126974,57.96317680004103],[-152.7389690372329,57.95587080011503],[-152.74054003047294,57.94347980071654],[-152.74885202872025,57.94064679963519],[-152.7520000247483,57.9334667996411],[-152.76002002153078,57.92791279879016],[-152.77350401898153,57.92385779700015],[-152.78972501853428,57.92382279451767],[-152.79915402054166,57.92799379278907],[-152.81230502138365,57.93019479062432],[-152.81564402219496,57.93185778999941],[-152.81912102558715,57.93829278902769],[-152.83237202766435,57.94278078669119],[-152.85220802765164,57.943740783585994],[-152.85633502954775,57.94744478270066],[-152.85621603236643,57.9526377823639],[-152.85768503347595,57.95475678199398],[-152.8624910335869,57.95520078122689],[-152.86352303449502,57.956926780950894],[-152.86228303536228,57.958463781035896],[-152.86552403627454,57.96030678041301],[-152.8626480369249,57.96136178078182],[-152.862178039163,57.9654627805733],[-152.85560104157037,57.9695697813008],[-152.85009804540056,57.9763487816813],[-152.82321004850107,57.980725785505406],[-152.81843504818644,57.979911786293314],[-152.79888605116324,57.984429788983036],[-152.76633905154756,57.98355179403483],[-152.75520605044937,57.980992795916414],[-152.74899205123438,57.982136796791785],[-152.74712205493626,57.988854796621574],[-152.74223305613253,57.990818797238],[-152.73132305637907,57.99074779891642],[-152.73195505512416,57.988470798974305],[-152.7257810569599,57.99154979971209],[-152.72344605711376,57.9917208000589],[-152.7228880562067,57.990026800259564]]],[[[-153.26081204375424,57.99485171744322],[-153.2587050433287,57.99395271782854],[-153.2549090445416,57.99597471826963],[-153.25493704539602,57.99754771815599],[-153.25180804573395,57.99799671860426],[-153.23475104568698,57.99697272128984],[-153.23175804433447,57.9943207219331],[-153.22288304384432,57.99293272338989],[-153.21732603897104,57.98365972488586],[-153.20297103497467,57.97551672765117],[-153.17363703233062,57.96905273259418],[-153.16376103330109,57.97030773402043],[-153.1450260304834,57.964105737320324],[-153.13683402768305,57.958502738963396],[-153.12951502141857,57.94655174091129],[-153.12282902162215,57.94656974193421],[-153.1072890194344,57.941701744650764],[-153.08986001954779,57.94098574736943],[-153.06987801656962,57.93442875088217],[-153.0641410170679,57.935046751718005],[-153.06177101892413,57.93835075185301],[-153.03780901799533,57.93537875572768],[-153.0335050166048,57.9325847565794],[-153.0257630157637,57.93062675789979],[-153.01325400944597,57.918295760663895],[-152.99864600939404,57.917441762959186],[-152.99233401015022,57.91851376385183],[-152.99796001308565,57.9242327625973],[-152.9984420162391,57.93008576212089],[-153.00024801693525,57.93146576174942],[-152.99926502122906,57.93934576135805],[-153.00098402413442,57.94479876071959],[-153.00890102277947,57.94270775965075],[-153.01429602350547,57.94432775871293],[-153.01391902446127,57.94607275865058],[-153.00318902555776,57.9475397601932],[-153.00189502808735,57.95213976007499],[-152.9938850287905,57.95302276124153],[-152.9891130275703,57.95052576214446],[-152.97249702651754,57.94772776488237],[-152.97370402745304,57.94951576457457],[-152.96188802696307,57.94800576648884],[-152.9512340291067,57.95141576788691],[-152.93959102991383,57.95231076960951],[-152.9221340254727,57.94322977290707],[-152.9138130248541,57.94166677428907],[-152.90865402316663,57.93829077531055],[-152.8903890214231,57.93415077839202],[-152.88072002186772,57.93448677985045],[-152.8762180208854,57.93244678067965],[-152.87203702146974,57.93331678126058],[-152.85263802082892,57.93116578437941],[-152.82594401607125,57.921050789158755],[-152.81583601608506,57.9205777907394],[-152.80436801415095,57.91643779277813],[-152.80193401333193,57.91480379326224],[-152.79942400948838,57.907570794139374],[-152.79525800727882,57.90327779506993],[-152.79755400594738,57.900925794878546],[-152.80482800480985,57.899176793884024],[-152.81126000265743,57.89550779314942],[-152.8161699997359,57.89033779275013],[-152.8267149997155,57.89082079110305],[-152.83544399710877,57.88642279006696],[-152.84756699563366,57.884290788357106],[-152.8618989924097,57.87902778652309],[-152.86630298947415,57.87380278620613],[-152.88276898374292,57.86399178435765],[-152.8816929822476,57.86116078471567],[-152.88673398026864,57.85773878417856],[-152.87678398036556,57.85741878572229],[-152.87195298184898,57.85993178628957],[-152.8697469831913,57.86231378646423],[-152.87129898360348,57.863156786169135],[-152.86794498511003,57.86578578650273],[-152.8526719892223,57.872654788370305],[-152.84991698816953,57.870563788934426],[-152.85115498722598,57.86887478886037],[-152.84731398732904,57.868874789448036],[-152.84608298607878,57.86649278979898],[-152.85833498293272,57.86126278828183],[-152.8579729837676,57.862794788232534],[-152.86213398407787,57.863578787542465],[-152.86932098226785,57.86057778664807],[-152.87217398034798,57.857154786445456],[-152.87055497878185,57.854163786897416],[-152.87143597795085,57.852663786865115],[-152.88024297538632,57.84833978581387],[-152.88560297477605,57.847474785053244],[-152.8945419708198,57.84056878415858],[-152.8959959677618,57.834952784320414],[-152.90055296635327,57.83256178378725],[-152.90327096395245,57.82822978366805],[-152.8990989617979,57.8240067845945],[-152.89927596079926,57.82215578469419],[-152.90413296096108,57.82270278391425],[-152.91237495887984,57.819243782891284],[-152.90307595718704,57.81561778456044],[-152.90241795628418,57.813901784778366],[-152.90981195420758,57.81040578388769],[-152.90968695227136,57.806788784154335],[-152.90609995070633,57.80368778491442],[-152.90080295111832,57.80418778568958],[-152.8936879456119,57.79355278750339],[-152.89502794263115,57.788054787674625],[-152.89988994167157,57.786508787037604],[-152.906717935597,57.77550478674734],[-152.9159249348337,57.774545785407156],[-152.91635393304156,57.77121678556939],[-152.90953592852907,57.76242878721118],[-152.90963992613263,57.75794878750165],[-152.90433292247243,57.75082578879853],[-152.89289791807784,57.742012791145854],[-152.88201891640168,57.73832079305801],[-152.87451991641217,57.73796179422671],[-152.87541191170988,57.72918879468935],[-152.86964291055128,57.72672479573767],[-152.85625791065303,57.726242797812276],[-152.85051490936826,57.723543798872484],[-152.84607591248545,57.72916979916609],[-152.85040091812948,57.7399687977701],[-152.84783192175078,57.74662579770839],[-152.8522909246715,57.75231879663965],[-152.85473893420038,57.77027179504142],[-152.8528679381844,57.77762579482553],[-152.85434893999047,57.781074794364095],[-152.8524359405886,57.78209679458644],[-152.84938594582954,57.79173179439506],[-152.84952795019433,57.79988479381737],[-152.8520729527165,57.80471679309876],[-152.8475369572624,57.81296579322917],[-152.850017961757,57.82146379227015],[-152.84138196669164,57.83022179299277],[-152.8334259681109,57.83246779405591],[-152.82728797234302,57.84003679447844],[-152.82256397417174,57.843203794985044],[-152.78783298414237,57.86002079915188],[-152.7844779835345,57.858727799753204],[-152.78543898048252,57.853105799988676],[-152.7835769798137,57.85177180036432],[-152.77477297942423,57.850617801789426],[-152.76729597591634,57.843732803401316],[-152.76329797545142,57.84267380408491],[-152.75615997634017,57.84397880508786],[-152.7583849731048,57.83807080514902],[-152.75328297188454,57.83555280610041],[-152.7552919672569,57.82703880637153],[-152.74918296540886,57.823301807559474],[-152.74707596222134,57.817262808291794],[-152.7443129608149,57.81450880890114],[-152.73161696301048,57.81798481060602],[-152.72491897303428,57.83631981038593],[-152.7158009774835,57.84415481124906],[-152.71484297888165,57.84670781122235],[-152.71863498234646,57.85332781019302],[-152.7152059841417,57.856497810502766],[-152.71071698462552,57.85718081114328],[-152.71097798698892,57.86158181080475],[-152.70904198897307,57.86517181085738],[-152.70022199207392,57.8705038118458],[-152.68042999618334,57.87718281442249],[-152.6744509982818,57.88078981509336],[-152.67127499622754,57.87683081584759],[-152.67086199223897,57.86941381641308],[-152.66836599138801,57.86771681691007],[-152.65047698969042,57.86372181991802],[-152.64959199292755,57.869686819650155],[-152.6472109933911,57.87043481996392],[-152.64365399305873,57.869650820561354],[-152.63858798970386,57.86318782177366],[-152.64025998885333,57.86168782161936],[-152.63075798810118,57.85984582319801],[-152.62894098691464,57.85755782363062],[-152.63417497773816,57.84075382396519],[-152.6205559790613,57.842575825925564],[-152.6217479839732,57.85175882512297],[-152.62032898664944,57.856662825008975],[-152.62350099163154,57.866058823888615],[-152.62190699857123,57.87885482326822],[-152.6255619994303,57.88061782258947],[-152.62646300471462,57.890450821786985],[-152.63990900936423,57.899688819103375],[-152.64182601083465,57.90249981861958],[-152.63943201293952,57.90628181873034],[-152.6393960172332,57.91422081819904],[-152.6353990197094,57.91861081851432],[-152.61231202244574,57.92259082178286],[-152.60975202158806,57.92088682229025],[-152.6077290183728,57.91485082300789],[-152.60385601794587,57.913881823666756],[-152.58772702542825,57.92696182525522],[-152.5860070152664,57.908101826791416],[-152.57438301470802,57.90653382867788],[-152.57308901440837,57.905919828917604],[-152.57343501309964,57.90351482902678],[-152.56741601154337,57.90035883016155],[-152.55931901301926,57.90271883124284],[-152.55869801251382,57.90175483140285],[-152.56422301008092,57.89750583084291],[-152.56465900883416,57.89521783093027],[-152.56317200727008,57.892253831357785],[-152.55694200563397,57.88893883253526],[-152.5555510059755,57.889507832709924],[-152.56003100935263,57.89596583158887],[-152.5586960103948,57.897833831667384],[-152.55097501063437,57.89792383284388],[-152.54965401189347,57.90019383289346],[-152.53638401577422,57.90676883448351],[-152.531822018242,57.91112483488918],[-152.5262590147787,57.904467836189646],[-152.52401901456815,57.90397683656586],[-152.51818801700327,57.908216837173875],[-152.51449601718056,57.90837783772873],[-152.49118301461934,57.902591841689436],[-152.48029401206912,57.897385843707255],[-152.46722501059523,57.89407484593148],[-152.46473700964648,57.89220784643782],[-152.46853200761842,57.888621846097216],[-152.46212500442454,57.882420847494444],[-152.46191400238305,57.87862884778121],[-152.45460999946903,57.87290284928343],[-152.45504099852883,57.87117884933305],[-152.44759999685408,57.86774285070271],[-152.41983999608007,57.86508285513126],[-152.41656599497804,57.86289485577879],[-152.41974999395782,57.86114185540866],[-152.41804899140314,57.85632585599139],[-152.41406099059952,57.854658856713364],[-152.4052139913453,57.85565585800106],[-152.4041729902702,57.853614858296794],[-152.40166299008533,57.8531618587114],[-152.3994129911386,57.855018858931736],[-152.39661398994662,57.85268385951629],[-152.40075698642124,57.84631785930765],[-152.40492898610518,57.84591285869611],[-152.4151339817136,57.838199857650096],[-152.42859298038326,57.83631885571646],[-152.43680898157288,57.83889285428714],[-152.44018198049318,57.83703485389525],[-152.44249398150006,57.83900885340928],[-152.441076982357,57.840538853523796],[-152.44301698214142,57.84022385324787],[-152.4430439813709,57.83879285333963],[-152.43876297984653,57.83576985419726],[-152.43973397914192,57.83450285413346],[-152.4383709786339,57.83349785440926],[-152.44021497779957,57.83202785422564],[-152.43424797711825,57.830496855241044],[-152.43367497380885,57.824314855742536],[-152.4293469716547,57.82011485668567],[-152.42397097086598,57.81840985762219],[-152.42723096946222,57.815939857288704],[-152.42501796783597,57.812813857836446],[-152.40309697135456,57.81840286081555],[-152.40256297259526,57.82068886074452],[-152.3950219747144,57.82430286165664],[-152.39149797446692,57.82368886223665],[-152.377956976668,57.82719486407436],[-152.3706749765764,57.82670886522083],[-152.36428397800927,57.8290978660393],[-152.36495397891227,57.830805865822825],[-152.35870198172728,57.83576986644845],[-152.35432198221014,57.8364788670714],[-152.35116698209393,57.83612686757756],[-152.35117298136322,57.83476886766735],[-152.34584597996144,57.83193386867149],[-152.3480059790436,57.83031986844869],[-152.34664097765895,57.827685868833186],[-152.35065797621021,57.825163868386554],[-152.35401897347396,57.82021686820239],[-152.3522979727448,57.818785868560944],[-152.34473497240015,57.817818869782464],[-152.333264976091,57.82419587111244],[-152.3276449768534,57.825373871893895],[-152.3243059764307,57.824444872466586],[-152.32444397542676,57.82258287256955],[-152.3282189728055,57.81786587230596],[-152.34864696527075,57.80470987005784],[-152.3545159646833,57.803867869216575],[-152.36584296137613,57.79819286786281],[-152.3722249613506,57.798421866871635],[-152.37312496023588,57.79638286686996],[-152.3790419583061,57.79304086618845],[-152.38948195717867,57.7913928647023],[-152.40368495379093,57.78569286291165],[-152.40906795455987,57.78736386197712],[-152.43098095164186,57.78288285892705],[-152.43963994909208,57.778505857896484],[-152.44841394814338,57.777123856648046],[-152.44814394729102,57.7755198567968],[-152.44380794772766,57.776142857417724],[-152.44918894578262,57.77274885682253],[-152.45425594578566,57.77297985603275],[-152.45553794471928,57.77104485596641],[-152.46557194240614,57.767169854692874],[-152.46590494139727,57.76529885476735],[-152.47046594054808,57.763915854163066],[-152.47321793902688,57.76119485392516],[-152.47868793456462,57.75309385363244],[-152.4859669349835,57.754204852446044],[-152.4863669357903,57.755731852282615],[-152.5053879355461,57.75613384935021],[-152.5080149363845,57.757820848835685],[-152.50619593539022,57.75587884924399],[-152.50764193540653,57.75597484901657],[-152.5141489363785,57.758087847880894],[-152.51726793742404,57.76018484726357],[-152.51932193949506,57.76415084668339],[-152.51979693913484,57.76349884665482],[-152.51682793689727,57.759179847398215],[-152.5088899352945,57.75582184883618],[-152.4872099356919,57.75558585216369],[-152.48621593487397,57.754010852421004],[-152.47698893432218,57.752563853927484],[-152.47662193364482,57.75127985406948],[-152.47937193034443,57.745225854055235],[-152.48824292925528,57.74358585281043],[-152.48893792788962,57.74105985287374],[-152.49692692660958,57.73902285179055],[-152.4975549250502,57.73612985188859],[-152.49548792285967,57.731931852485694],[-152.50644192063075,57.72824985106037],[-152.51698091582966,57.719724850023795],[-152.5218899152617,57.71888284933101],[-152.52587991636264,57.72112984857123],[-152.5067819238889,57.73437185059766],[-152.51208592561747,57.73785084955452],[-152.52037992374989,57.73472884849763],[-152.5284339211806,57.73028084756692],[-152.52824192015112,57.72834184772645],[-152.53831491749864,57.72382884649206],[-152.5570059147856,57.71959784392368],[-152.55778891349033,57.717203843965024],[-152.55461891199508,57.71425184464727],[-152.54968991264403,57.715242845332924],[-152.5535439113272,57.71294884489898],[-152.55567991119344,57.71279584458328],[-152.55510191183728,57.713977844592016],[-152.55731691268875,57.715677844139734],[-152.55827091100628,57.71256384420363],[-152.5644839097806,57.71054984339094],[-152.56435190909033,57.70924784349861],[-152.57074290950146,57.71031484245173],[-152.57028790934498,57.709999842542416],[-152.57174890920336,57.70980184233282],[-152.56412390862153,57.708356843593336],[-152.56861990769502,57.706824843010466],[-152.5738629079335,57.707514842164215],[-152.5785699065852,57.7052008416016],[-152.56956090764632,57.70677684287008],[-152.56701290604673,57.70365484346895],[-152.56868490613775,57.70390284319723],[-152.56782590472682,57.701212843509204],[-152.56526890396162,57.69965684400387],[-152.5661869034175,57.69867684392972],[-152.55841690378185,57.69900284509313],[-152.55868690296953,57.69748884515375],[-152.55705090295427,57.69738484541044],[-152.55885890156316,57.694853845304785],[-152.55696990108922,57.69387584565865],[-152.55827090171505,57.69511184537716],[-152.55607090330818,57.698004845518156],[-152.55294490230258,57.69597084613174],[-152.55366190324594,57.69777684590107],[-152.54392590513078,57.70087084717842],[-152.54265890490882,57.70039584740356],[-152.54653090361037,57.69813384696472],[-152.54241890241522,57.69569884775574],[-152.53616990209503,57.69481084876855],[-152.5294809032135,57.69660684966849],[-152.51578990824123,57.70542785116504],[-152.4994759130567,57.71372785309793],[-152.49279691404035,57.715271854013636],[-152.49226991593088,57.718794853857865],[-152.48845291595114,57.71866085444945],[-152.48232491863564,57.72341985506591],[-152.47679391798135,57.721943856008984],[-152.46379992012692,57.72538485776212],[-152.45512091958025,57.72397185918167],[-152.44977292161462,57.72754785975894],[-152.44703292138112,57.72698786021463],[-152.44626292018694,57.72471486048427],[-152.45038891765046,57.720141860160396],[-152.4637249167592,57.719065858196835],[-152.47733691115982,57.70916885678212],[-152.4772489103215,57.70759085690125],[-152.47106090920892,57.705223858003976],[-152.46984190708108,57.70117285846126],[-152.47073690510936,57.697508858569975],[-152.47629090178182,57.6915048581248],[-152.47789189961384,57.6875008581487],[-152.47650989835367,57.68506885852239],[-152.46769989660922,57.68139186011244],[-152.47524389080164,57.670800859671104],[-152.48823488857883,57.66720085793128],[-152.4937958858525,57.66231685741072],[-152.50804388225146,57.65617685565009],[-152.5081378827982,57.657211855566324],[-152.5132058820891,57.656105854868144],[-152.5081948835343,57.658601855464624],[-152.51732388150268,57.65518785430199],[-152.5204848794408,57.65144485407113],[-152.52581787846853,57.64985485336504],[-152.51826087943093,57.65132485441811],[-152.51604387821195,57.64892485491709],[-152.51259487817174,57.648691855458374],[-152.51038687629014,57.64504185603951],[-152.50987887660872,57.645619856078234],[-152.50762387683903,57.64595185639962],[-152.50702187733282,57.64685585643083],[-152.50956687821403,57.64863385592374],[-152.50580687988446,57.651612856297135],[-152.49810687684234,57.64552585787869],[-152.49368187642855,57.64454485861865],[-152.48638887724175,57.64574885964965],[-152.4712388809068,57.65197786154169],[-152.4684798822248,57.65433886180414],[-152.46861088383997,57.65738886158021],[-152.4621758841209,57.65762986254506],[-152.41886089671374,57.679413867693945],[-152.39858990133428,57.68721087026569],[-152.3956729009114,57.68628787077217],[-152.39525089923825,57.68312287104784],[-152.41029389540807,57.67657886918986],[-152.4121558945763,57.675095869004885],[-152.4143488907649,57.668017869143114],[-152.42911688347164,57.654931867765285],[-152.4373498816645,57.65189086671333],[-152.43915087900757,57.64696086676824],[-152.43164187677405,57.64241386821666],[-152.42580687623135,57.64113086919167],[-152.4507378604677,57.612464867308255],[-152.46819285399184,57.600996865416825],[-152.46777685253582,57.59822186566571],[-152.45994985068938,57.594373867114605],[-152.44365784905173,57.59054286985122],[-152.4285948503765,57.59238087202185],[-152.41195985542132,57.601193873966686],[-152.40944485775464,57.6054978740625],[-152.4054418592162,57.60808587449971],[-152.3654048658635,57.618898879878195],[-152.33994786778825,57.62143188358838],[-152.33810786840564,57.62251888379645],[-152.33853886918664,57.62401288363128],[-152.34243486997053,57.62566188292804],[-152.34155987068357,57.62697088297422],[-152.33872987054283,57.62658288343126],[-152.32697687444053,57.63343588476689],[-152.31422687595833,57.635753886556124],[-152.31401387535166,57.63459988666537],[-152.32153187295887,57.630404885798306],[-152.3235948706055,57.626049885773206],[-152.32275386922328,57.6234028860772],[-152.31097286577852,57.61638888833809],[-152.30532586626433,57.6170658891536],[-152.30098586812773,57.62040188959352],[-152.26864287200976,57.6263628941269],[-152.26338787164573,57.62545389498811],[-152.25768886869847,57.619646896241264],[-152.24038986637794,57.614536899215565],[-152.22678686729301,57.61569890121158],[-152.2211778689114,57.6185239018794],[-152.20460186913184,57.61825390442336],[-152.19439887285037,57.624856905542245],[-152.16631487290226,57.623804909892286],[-152.15381787173,57.62108291197667],[-152.15241387091478,57.619485912295865],[-152.15299486965776,57.61713491236232],[-152.1568878675468,57.613303912021486],[-152.16128086663898,57.61176691145332],[-152.16432486114334,57.60149891166651],[-152.1596978570763,57.593614912891084],[-152.1515078538884,57.58724691455841],[-152.16401785222615,57.584607912826854],[-152.16973484964,57.57994191226378],[-152.1765818485479,57.57815291133902],[-152.2048558400997,57.56329790801464],[-152.20800583866705,57.560709907706105],[-152.20767083770048,57.55886190787915],[-152.2035658367354,57.55685990863603],[-152.2043098361644,57.55580690859243],[-152.2129268351524,57.55424290738417],[-152.22011483327995,57.550985906505396],[-152.25669482114165,57.52944690236409],[-152.25924981930785,57.52606590219918],[-152.276200817003,57.52239689986411],[-152.2822128152623,57.51933889915229],[-152.28904581459653,57.51836189817805],[-152.29379081285217,57.5152428976632],[-152.3080918009973,57.49325889694655],[-152.30705179957192,57.490494897287874],[-152.31122179920777,57.489978896688335],[-152.31490979707428,57.48606589638739],[-152.3237037873454,57.4678618962587],[-152.32042878427976,57.46185989715425],[-152.3246467805249,57.45485989697801],[-152.32109977773567,57.449368897880746],[-152.32615477351948,57.44151489763397],[-152.31910477010803,57.434674899157706],[-152.31826976808145,57.43075489954442],[-152.32860576419054,57.42374189844076],[-152.34160876246818,57.42100289664933],[-152.3514887623558,57.42121789513568],[-152.35115376358615,57.42356289503104],[-152.3616127655374,57.42776189316497],[-152.37559976682383,57.43084189083771],[-152.42820876799252,57.43541388254926],[-152.4498267666423,57.43379587937658],[-152.45771376474914,57.43052187839815],[-152.46088676228746,57.42594487822213],[-152.4765707591019,57.42054387620312],[-152.4860147586544,57.42011487479913],[-152.48996475967698,57.4222568740569],[-152.45259977251476,57.44517187819662],[-152.44951877406956,57.448010878474946],[-152.44875377588082,57.45144387836213],[-152.4511787780644,57.455731877707855],[-152.45956278112067,57.461956876019435],[-152.48181078396868,57.46840987221031],[-152.48985478387905,57.46860387097586],[-152.4941367773267,57.45626587115049],[-152.49608777635322,57.45449187097294],[-152.49523577527012,57.452379871243494],[-152.50408377182444,57.44618687031455],[-152.51702576420763,57.432184869287475],[-152.52773076659912,57.43726186732319],[-152.52919476984732,57.44355286667979],[-152.54278677163643,57.44760786434537],[-152.55471577053515,57.446051862639415],[-152.55842077259297,57.450164861801326],[-152.56362177358255,57.45230186086864],[-152.5678627732505,57.45186386025426],[-152.5705487716424,57.44890986004476],[-152.57736777005366,57.446185859192795],[-152.584583769835,57.44610485810313],[-152.58604877221364,57.450728857570276],[-152.5948787738032,57.454186855997996],[-152.5954107763858,57.459154855583634],[-152.60103877722426,57.46102385460355],[-152.60176978066687,57.46764385404778],[-152.60037978213143,57.470378854075],[-152.61346778428285,57.4751088517699],[-152.62376378399043,57.47503685021149],[-152.63166678281797,57.47317084913724],[-152.64603777878077,57.466134847429245],[-152.65635277743777,57.46405884600323],[-152.66433177706756,57.46373284481409],[-152.66963877907295,57.46782384373283],[-152.67284177928627,57.46838584320861],[-152.6844337780597,57.46659784156967],[-152.70355978438752,57.479621837787114],[-152.70760278462603,57.48027383712928],[-152.71678578344742,57.47846783585723],[-152.7204917849779,57.48157283508457],[-152.71946878838344,57.48802883480351],[-152.72286679146976,57.494087833878034],[-152.73171479282317,57.49710283233036],[-152.74310479704252,57.505710830018074],[-152.7702167955988,57.504290825996364],[-152.79893478959443,57.49425582231561],[-152.8090567894607,57.494505820761546],[-152.82553579036053,57.49704881808686],[-152.8302757925909,57.501543817061524],[-152.83892579274396,57.50227081569866],[-152.84756079542748,57.50782581400965],[-152.8669847969789,57.511767810791454],[-152.8814337969335,57.51241580855293],[-152.8976827914103,57.502708806746824],[-152.9195597905996,57.50228480345392],[-152.91731879266806,57.50611680353267],[-152.9129567939619,57.508360804041935],[-152.91605979593066,57.51227580330364],[-152.93733079818324,57.517667799705166],[-152.93964979939045,57.520088799187775],[-152.95495979916345,57.52044979683783],[-152.9590717968129,57.516182796504886],[-152.9491607956838,57.51351479819243],[-152.96225079529086,57.513445796209275],[-152.96734379400033,57.51124979558614],[-152.9657547928511,57.508974795983],[-152.95917479210195,57.507202797103226],[-152.95757778991413,57.50294479763669],[-152.9534167886933,57.50039779844252],[-152.94490878725625,57.497212799951704],[-152.92584379058172,57.50257480247992],[-152.92176879007522,57.50139780317904],[-152.92082978769196,57.496799803635305],[-152.9176257869524,57.49522280422941],[-152.8982387857421,57.49191580739794],[-152.88953478234365,57.484977809192024],[-152.8954577797725,57.480366808607094],[-152.91190177874319,57.47924280618809],[-152.9386827748023,57.47308880254391],[-152.94526577564054,57.47503380141223],[-152.96268777567693,57.476009798702016],[-152.98015377271966,57.47126579637634],[-153.00563577347285,57.47404679232003],[-153.02600477259531,57.473445789270876],[-153.02990277042122,57.469492788950646],[-153.00178977121914,57.46953179321268],[-152.99625476889065,57.46478379437739],[-152.99720676781547,57.462775794370316],[-153.01653976009683,57.449010792380726],[-153.0431867526324,57.43611378922477],[-153.04983274927764,57.43003078863458],[-153.0531097489291,57.42953678817167],[-153.04591574841464,57.428164789356074],[-153.04401075052664,57.432116789374014],[-153.04010775162777,57.43402178983488],[-153.02942875282992,57.43575979133445],[-153.0291017535485,57.43712079129092],[-153.0037027591623,57.4465407944965],[-153.00056376140614,57.45067579468937],[-152.96281076852347,57.46232779961841],[-152.96104577006753,57.46519179969053],[-152.9525677724145,57.4692418006999],[-152.9337517699506,57.46354980394327],[-152.92492277075087,57.46462480520939],[-152.921531772967,57.46869080544632],[-152.91685077373018,57.46990980607341],[-152.90032077275592,57.46719580876655],[-152.87867677525153,57.47086381180096],[-152.8658267747694,57.469287813858124],[-152.85391677644014,57.47187981548907],[-152.8273097740708,57.46600481992612],[-152.81503577696986,57.47093482145404],[-152.80947577670585,57.47015182235084],[-152.78318777237186,57.460548826991435],[-152.76269777134084,57.45756083030284],[-152.742698766786,57.44785283399424],[-152.73864176378743,57.44190783501172],[-152.72267175973295,57.433352838012226],[-152.7254527557953,57.42593483809181],[-152.72404875469388,57.42375283845196],[-152.7121227517627,57.4175438406799],[-152.67327075050613,57.413247846860436],[-152.6643607472046,57.40647684866761],[-152.65893174636145,57.404595849617365],[-152.64799374786142,57.40695385111692],[-152.64309774722847,57.40550385195678],[-152.63003974758908,57.4055738539318],[-152.62039774576058,57.40160185566049],[-152.62027874154907,57.3934988562233],[-152.61616173798225,57.38644185732149],[-152.608412738698,57.38745185842798],[-152.60467473812253,57.38616785908087],[-152.60116873612918,57.3821658598809],[-152.60522773274215,57.375836859690715],[-152.60629673010448,57.37080685986661],[-152.60654272638988,57.3636608603091],[-152.6036767232865,57.35754186115393],[-152.61100072262278,57.35660886010741],[-152.6194827202936,57.352518859097515],[-152.63104671700563,57.346724857735644],[-152.63669371394278,57.341081857259745],[-152.63893771131686,57.336117857253804],[-152.63872570943334,57.33246885753119],[-152.62768070818086,57.32952085940122],[-152.6304617045674,57.322668859440704],[-152.63609070195562,57.31788685891007],[-152.64467969978026,57.3140898578656],[-152.65231169540436,57.30598685725562],[-152.65708569482666,57.30509785659314],[-152.66842069046868,57.29720385540956],[-152.67899768765412,57.29226185414245],[-152.68003368638028,57.28984285414868],[-152.7017306797727,57.278083851659936],[-152.7077886785704,57.27604685088121],[-152.71202867953235,57.27812085010049],[-152.70778568328245,57.28518785026564],[-152.71065268545246,57.28953584953898],[-152.71011769039,57.29907884897633],[-152.71479769267236,57.30372884795494],[-152.7203046931841,57.304989847036914],[-152.723904695522,57.30969284617502],[-152.74573269602993,57.31175084273384],[-152.74819069552433,57.31089384241976],[-152.74997569388995,57.30781784235771],[-152.75471969382804,57.30793284163227],[-152.7578936926927,57.30589184128998],[-152.7666816880301,57.29729584054199],[-152.77356368673813,57.29513483964722],[-152.7741756842969,57.29043283987275],[-152.78612168024057,57.2831628385582],[-152.79043967727458,57.27762383828037],[-152.81820767024374,57.26536883491322],[-152.81993067236746,57.269580834367474],[-152.82513167267734,57.270445833522935],[-152.82800167413322,57.27341783288771],[-152.8462736746079,57.27526683000061],[-152.85317667284957,57.27220482916521],[-152.86008267334012,57.273509828032886],[-152.84906367752194,57.28106482918573],[-152.8400156853313,57.29574982955719],[-152.8409686871025,57.29923082917708],[-152.84631568872877,57.30265382813614],[-152.85134168947087,57.30434682726112],[-152.8625926887219,57.3034698256194],[-152.87202068518945,57.297106824625814],[-152.8751696826579,57.29236082447218],[-152.88279068144064,57.290391823453945],[-152.8864046818327,57.29133782284321],[-152.88769468327416,57.294198822453694],[-152.9007086874574,57.30297681988917],[-152.89605868894702,57.305622820412275],[-152.89589369037228,57.30837482025008],[-152.90485669497082,57.317739818257394],[-152.91784869600158,57.320406816110676],[-152.90907269820886,57.324222817178395],[-152.90619669985688,57.32726181740645],[-152.90301369994387,57.32726581788771],[-152.90415869812034,57.323797817950684],[-152.9006396973954,57.32221381859081],[-152.8987607006339,57.32838081845538],[-152.89094970372764,57.33395981925758],[-152.88969670527015,57.336876819248786],[-152.8820497059949,57.33788482033733],[-152.87356770793733,57.34120282139548],[-152.86784471035017,57.345570821964685],[-152.87605671227956,57.349715820440096],[-152.89125771133803,57.348677818209794],[-152.89686870966915,57.3457438175601],[-152.8946507092006,57.34472481796513],[-152.8950457086289,57.343640817979214],[-152.93195670261372,57.33392681305529],[-152.9447886997517,57.32906181144571],[-152.96452669845183,57.32758080856091],[-152.97826869901607,57.32939480635821],[-152.98030670004914,57.331499805906255],[-152.980464703856,57.338866805379055],[-153.00854570353627,57.339733801071326],[-153.0150907020577,57.33722380025288],[-153.0155586983937,57.33016480066495],[-153.02514069977494,57.33334579899792],[-153.05602769679138,57.32922979460785],[-153.07930969238583,57.32196179158541],[-153.09922268589048,57.310465789363654],[-153.10226768868765,57.31604878851983],[-153.14567368926373,57.31954078171726],[-153.15341269704388,57.33502077948166],[-153.15147369879244,57.33829477954933],[-153.15103970709103,57.35430477851282],[-153.1536237083976,57.35696977793835],[-153.15862470772086,57.355938777252746],[-153.16213070583495,57.35249077695969],[-153.1660617015813,57.34449077691632],[-153.16716869758955,57.33683577727626],[-153.16582569292473,57.32773877810598],[-153.16788168510593,57.31271577882994],[-153.17620768341726,57.30990577776497],[-153.18392568299916,57.30952477662475],[-153.1984946834679,57.31124477430409],[-153.2034666824021,57.30945777367603],[-153.20507468119783,57.30721377358786],[-153.19716767970613,57.30388077501254],[-153.18989767940266,57.30288677617976],[-153.17766168122932,57.30574677783194],[-153.15943968000187,57.30235778081931],[-153.152708678408,57.29889578207475],[-153.1440256791623,57.29987978331925],[-153.1163006786239,57.29731378768563],[-153.10134267367732,57.28690179066114],[-153.096153673805,57.286866791447586],[-153.06923767807896,57.29369879504637],[-153.05433167727912,57.29134379746032],[-153.03915467871562,57.29331479961918],[-153.01766468157754,57.29771580256611],[-153.01601468292083,57.300231802643374],[-153.00541768042422,57.29482780461474],[-152.9709306750737,57.28262481066047],[-152.96126066760561,57.267614813145606],[-152.9512666665801,57.26509781482702],[-152.95207366543661,57.26291781485374],[-152.94633566443014,57.26066081587434],[-152.94348366260147,57.256956816557604],[-152.95100365830396,57.248991815964686],[-152.9749266544877,57.242823812772585],[-152.98440765073616,57.23602081180528],[-152.99775964788594,57.23117681012024],[-153.0262006463602,57.229720805926675],[-153.0345936432116,57.22403380504883],[-153.04011664262302,57.22318280427364],[-153.04347264059558,57.21940980402529],[-153.0569926378364,57.21475680230375],[-153.05897663814588,57.21546780195563],[-153.07793663555756,57.211444799370526],[-153.1051876354287,57.21267879517476],[-153.1193896327444,57.20821779333861],[-153.1206626318399,57.20652179326298],[-153.12549763442905,57.21184179216835],[-153.16058763451213,57.213942786730485],[-153.1633536358535,57.21671378612267],[-153.16873063635606,57.21799278522351],[-153.16974463747738,57.22023678491607],[-153.20174263730104,57.221679779989266],[-153.20975263558097,57.218773778981294],[-153.21297663290738,57.21373777884236],[-153.21685963260646,57.213368778282145],[-153.21878563326047,57.21475377789599],[-153.2195116353493,57.218870777502474],[-153.21735763424394,57.216592777984665],[-153.21790063589864,57.21985177767797],[-153.22164163574084,57.21975477712032],[-153.229386637933,57.224467775626714],[-153.2376416386886,57.22640777424731],[-153.2504126372777,57.22437977246071],[-153.25823763774517,57.22573577118667],[-153.26214663919762,57.228790770385814],[-153.26190864050807,57.23133177024606],[-153.265747641186,57.23287176956052],[-153.26390764278213,57.23587776963018],[-153.26496864339245,57.23712776938366],[-153.26930564416395,57.23887776860832],[-153.26811564280334,57.23615876897587],[-153.2646716426519,57.23566776952946],[-153.2689096420976,57.23482876894808],[-153.26611464219937,57.23486776936707],[-153.26706064147794,57.23351576931771],[-153.26564364063847,57.23179876965036],[-153.27255264173914,57.234337768432376],[-153.2712946411062,57.23303276871228],[-153.26349363981788,57.23007677009381],[-153.2689376381551,57.22714476947512],[-153.26758963746545,57.2257227697767],[-153.2688816364257,57.22376876971706],[-153.26244663463402,57.21990677095464],[-153.25737263567544,57.22164977159954],[-153.25942463420498,57.21889777148016],[-153.2630906339295,57.21856877095005],[-153.2592756324122,57.215390771744936],[-153.2560996324956,57.21537277222526],[-153.25880863184085,57.21424877189437],[-153.25837663053986,57.211684772136685],[-153.2754016264145,57.20459977005915],[-153.28532262799175,57.20824776831076],[-153.29605262762632,57.20814976669967],[-153.301975625855,57.20503076602249],[-153.30273962444898,57.20232776609433],[-153.30053562475075,57.202790766394685],[-153.3054206217259,57.1971607660479],[-153.32727661577425,57.186785763472244],[-153.3368666144993,57.18484776216141],[-153.3410846161805,57.188381761280525],[-153.35588661834805,57.19348275869574],[-153.36060762016223,57.197304757718875],[-153.36594562036274,57.198008756865455],[-153.3690036217651,57.20092875620165],[-153.37217262169435,57.20097575572086],[-153.37962262334645,57.20464075434317],[-153.3915726238431,57.2063127524254],[-153.39485762176392,57.20244375219924],[-153.39187461944596,57.197737752975925],[-153.3897146185764,57.19591075342853],[-153.37435561755152,57.19300475594536],[-153.36815761395272,57.18560275739355],[-153.36894161149175,57.18083275760647],[-153.36160860645958,57.170550759425076],[-153.3628146054257,57.16859575937911],[-153.3811246034201,57.16573975681914],[-153.39704759732592,57.154730755185895],[-153.40457359586304,57.15230575422127],[-153.4188305876997,57.13712775313027],[-153.4260855821421,57.126639752768064],[-153.4393225801613,57.12353475099215],[-153.45312657372335,57.11169774973963],[-153.46505157449104,57.11392374779066],[-153.46878257663192,57.118359746920085],[-153.47012757914658,57.12338574636728],[-153.47207557956517,57.1243257460088],[-153.4717285817098,57.128520745768476],[-153.4755495861624,57.137498744567324],[-153.4780775848712,57.13511474435316],[-153.47976758216274,57.12989474446299],[-153.48440058243227,57.13070374370941],[-153.48799058703918,57.13997074252249],[-153.4785015898503,57.14491774360571],[-153.4790655925017,57.150155743155295],[-153.4753255936775,57.15223774357321],[-153.4714395973553,57.15921774367147],[-153.47225960497147,57.1741927425035],[-153.48624360834853,57.181646739876854],[-153.50078960908334,57.18396273752405],[-153.51725860657106,57.180041735316976],[-153.54343160411673,57.176828731599606],[-153.54170260340854,57.17533573196454],[-153.54417060056252,57.16991073197245],[-153.53484559969004,57.16763173353614],[-153.54417559573974,57.16045673263317],[-153.5009846024906,57.171063738395496],[-153.49192760239114,57.17032173981141],[-153.49346160117463,57.168030739740175],[-153.49341359680275,57.159457740346085],[-153.50527659140565,57.14958773924925],[-153.5096385884821,57.1441137389748],[-153.5103525867641,57.140783739100094],[-153.51433458514367,57.13784273870629],[-153.51825558094566,57.1298327386758],[-153.5150305786218,57.125068739493734],[-153.5075005761715,57.11979274099514],[-153.50782857235538,57.112304741468606],[-153.5028635710741,57.10948174241259],[-153.49742257122847,57.10945574323288],[-153.4932525685812,57.10399174424135],[-153.4928855674286,57.10169974445643],[-153.49627656656077,57.10019574405138],[-153.49022756431077,57.0953967452957],[-153.48692656103887,57.08874874625574],[-153.48962155383515,57.07470274683032],[-153.49887154882043,57.06536374609147],[-153.5199235528885,57.07467574227785],[-153.5359625540708,57.07798873963582],[-153.56358355918445,57.08976973465996],[-153.5770265604928,57.09317773240053],[-153.61861955531137,57.08554272668381],[-153.63806455510584,57.08635272370442],[-153.65907055355157,57.08460572067027],[-153.66350955415604,57.08607771989962],[-153.66196255475504,57.08716172005603],[-153.6647945559829,57.08976171944751],[-153.66871355519382,57.08845271895064],[-153.67384355245485,57.08337371853683],[-153.67606654968773,57.07805371857695],[-153.6728495476688,57.073864719354944],[-153.66767754718128,57.07257572022264],[-153.67201254681063,57.07211771960356],[-153.68841654268343,57.06500371763979],[-153.7179705428617,57.06723671304327],[-153.73434853965435,57.06194671095638],[-153.74536353507284,57.053595709891354],[-153.76334753349613,57.05163570732942],[-153.76750153188453,57.048715706911786],[-153.74849853309018,57.04987570968298],[-153.71822953967362,57.06095371344708],[-153.71050853897856,57.05908671473814],[-153.70985254131503,57.06366271451446],[-153.70791054137095,57.06364971480698],[-153.70465253907574,57.0589057156304],[-153.66383053774874,57.05369472212783],[-153.63947554105957,57.05870772543342],[-153.6257805387464,57.05327672787156],[-153.61533353850484,57.0521467295199],[-153.6059595400275,57.05457273075777],[-153.60668554117166,57.05687973048688],[-153.59583954122454,57.05630973215614],[-153.59312053973974,57.05320573278207],[-153.58085253802224,57.04904873491574],[-153.57875453375033,57.04046773583154],[-153.5819315323302,57.037853735537425],[-153.60501852688867,57.02851373272541],[-153.6092705235379,57.02213973253385],[-153.60761952102038,57.01704673313856],[-153.60472551974362,57.01433473376298],[-153.60709451941605,57.013832733442776],[-153.6128845204588,57.01626173240351],[-153.61261552369135,57.022652731995976],[-153.6156045241098,57.023668731476],[-153.63347952374437,57.02406372876542],[-153.6362565229753,57.02271372844323],[-153.6375645214001,57.019673728460305],[-153.64398252111175,57.01950572750879],[-153.66286151788702,57.01430172504119],[-153.67841151204001,57.00368572345426],[-153.67577451163118,57.002706723918756],[-153.64344251904436,57.01537272788002],[-153.63651451983392,57.016502728840344],[-153.62401451937393,57.01480673083513],[-153.61543451753076,57.010614732416755],[-153.60933951743635,57.0100467333711],[-153.59977551970155,57.0139427345333],[-153.57416551920346,57.01136473855722],[-153.56046751527407,57.002722741217326],[-153.54459851355557,56.99833374390522],[-153.54450551258424,56.99639974405416],[-153.54198351167256,56.9944347445699],[-153.54511451139243,56.99407074412549],[-153.54715750918504,56.98981274411666],[-153.55227250746742,56.98671574356567],[-153.55060450636677,56.98442574397585],[-153.5533255055477,56.982965743669794],[-153.5525875017019,56.97527474431802],[-153.556985499914,56.971990743887964],[-153.55678349834784,56.968862744136764],[-153.56445949726356,56.96717974310348],[-153.56767949496256,56.96279974292684],[-153.59180649291872,56.96022973948968],[-153.5953574904455,56.955525739286756],[-153.59738249040913,56.95557973897951],[-153.59731148788623,56.95054973934215],[-153.60068448380684,56.94262973939121],[-153.59774048180165,56.93844774012499],[-153.59763148080884,56.93646074028057],[-153.59932648024557,56.935442740097756],[-153.62894848021008,56.937228735534596],[-153.6511754788186,56.93585473230101],[-153.65928147734195,56.93342173125757],[-153.67054847662908,56.93271372961948],[-153.68298947899797,56.93823072736819],[-153.68548848070404,56.94179272674371],[-153.69108948088618,56.942512725853994],[-153.6896844830567,56.9467507257665],[-153.68018348965902,56.9593007263082],[-153.6862644905901,56.96154172523917],[-153.6830264949161,56.96994672513389],[-153.68423949774638,56.97565472455064],[-153.69173349656455,56.973780723559],[-153.69351549565246,56.972079723411326],[-153.69279949326685,56.96728672385579],[-153.69446948972737,56.96034672409362],[-153.70206848666936,56.95474072334891],[-153.69969448576026,56.95277772384279],[-153.69004048652607,56.953687725225485],[-153.7033584843883,56.95027772346963],[-153.7102634812208,56.94440572284824],[-153.70696547889222,56.939550723683936],[-153.70899047701297,56.93593172363508],[-153.7011254725344,56.92648972547728],[-153.70444647052793,56.922695725246676],[-153.70020846741286,56.91620172633785],[-153.70366646569883,56.912997726045326],[-153.70404446440574,56.91043772616895],[-153.7156424597375,56.90184672503685],[-153.72653445756916,56.89820972366273],[-153.7356274535989,56.89084972282005],[-153.76275844986506,56.88512971916358],[-153.76910544769382,56.88119271849148],[-153.78258144719112,56.88106371648478],[-153.78259844782227,56.88232971639287],[-153.77635444870288,56.88368671723119],[-153.77835345015504,56.88672571671785],[-153.77657745601167,56.898334716164676],[-153.7786254556776,56.89779971589585],[-153.78475445126878,56.8893737155733],[-153.7834474492798,56.88530471605603],[-153.78846544783622,56.88274071548625],[-153.78198344541048,56.87745671682877],[-153.7870504404918,56.86792571674323],[-153.77009543695522,56.85972371985721],[-153.76289843729077,56.859928720918774],[-153.76004243814862,56.86146472123774],[-153.74800644463767,56.87369772217587],[-153.7336524467695,56.877042724087396],[-153.71553244675545,56.87584672688223],[-153.714764448289,56.87887072678445],[-153.70846944782815,56.87754272781963],[-153.6959164499602,56.881009729453936],[-153.69785844594432,56.87308672972017],[-153.69063644668424,56.87410773072881],[-153.68873244568155,56.871975731163495],[-153.6940224432658,56.86747073068868],[-153.6940664418903,56.86471473087571],[-153.6967134402129,56.86151973070431],[-153.70120343967784,56.86073373008804],[-153.71466643535652,56.85292572862363],[-153.72051743531168,56.853212727728625],[-153.72549143427793,56.85145772710842],[-153.726036433378,56.84968572715158],[-153.73333743406292,56.85153272593015],[-153.74215943279066,56.84954872475088],[-153.74488743339296,56.85093472424544],[-153.75028043003488,56.84453972388946],[-153.75595743073944,56.84632372291515],[-153.76450842865225,56.84268672189316],[-153.7732394299445,56.845851720365104],[-153.78831542890566,56.84474971818926],[-153.78838542713174,56.84118971842996],[-153.79044142601538,56.83908071827136],[-153.78955842524272,56.83746971851698],[-153.7783034242606,56.83475872039034],[-153.7780284236642,56.83354172051723],[-153.78222442288688,56.832252719981106],[-153.79645642246555,56.83233771784824],[-153.79596242433405,56.8360627176594],[-153.7999644258321,56.839336716830104],[-153.7961324276086,56.84265571716858],[-153.80095542956093,56.84689471614853],[-153.8073734301923,56.84858471506996],[-153.8179984298776,56.84865171347694],[-153.82990942704825,56.843752712042836],[-153.84931042400257,56.83891570948551],[-153.85421742259555,56.83641270892947],[-153.8627334174794,56.82668770834537],[-153.8551744165808,56.82437670963802],[-153.85416641428523,56.8196887101203],[-153.86513540931787,56.81041470913823],[-153.8754664077668,56.807978707767944],[-153.87597940629587,56.80504870789869],[-153.88684240329994,56.79973570665311],[-153.8853064004855,56.793956707291805],[-153.89059039908378,56.7914827066782],[-153.90360039961018,56.79341870459896],[-153.90750539931167,56.79307970404025],[-153.90979639824116,56.79107370384041],[-153.91320339452497,56.783802703847485],[-153.91666639273086,56.78041370357103],[-153.91773538626066,56.7674127043335],[-153.9343443845635,56.76510570201943],[-153.94121238306545,56.76254270117701],[-153.94495838335843,56.76338970055806],[-153.9514743798764,56.756789700054924],[-153.95215237837164,56.75379070016681],[-153.9577483765419,56.75046869956817],[-153.9718003732984,56.744861697871556],[-153.9831263722813,56.74357769627418],[-154.01623337110158,56.74346669134671],[-154.02263137704722,56.755946689504015],[-154.02633537726223,56.756637688902494],[-154.03717438024088,56.763414686803095],[-154.05080837969084,56.76324868478191],[-154.04784338129,56.76627668500806],[-154.0479363836418,56.77103868465443],[-154.04417238522612,56.77397968500603],[-154.04612538596606,56.77561068459855],[-154.0375803879248,56.77897568563306],[-154.03806539131352,56.78585368507038],[-154.03476539747138,56.79805368469275],[-154.02523840216722,56.806865685486464],[-154.0224774068795,56.816171685235446],[-154.02833340839112,56.819620684115264],[-154.0350204060237,56.815313683424],[-154.03879240328098,56.81004768323649],[-154.03973240075032,56.805010683455464],[-154.0439483985065,56.80077768312813],[-154.04660839126623,56.78635068376033],[-154.04269638902497,56.781552684686176],[-154.05050238523916,56.774445684028606],[-154.05602537874574,56.76169968411448],[-154.06431237766546,56.76009168299343],[-154.08510837255102,56.75119368052845],[-154.1065843690309,56.745572677729044],[-154.12482836756047,56.74388067513096],[-154.1290383665686,56.74216867462608],[-154.13698536638515,56.74235967342825],[-154.1487653676106,56.74567767143499],[-154.1386543750202,56.75996367191879],[-154.13764137738943,56.76468567173169],[-154.1274853842088,56.77775567231036],[-154.12545138702325,56.783298672216965],[-154.11845138827667,56.78533667311501],[-154.1117423929304,56.79426067347738],[-154.10510539455305,56.79706867426684],[-154.1017663970628,56.801897674419706],[-154.10184339890145,56.80561167414247],[-154.0955034009387,56.80927467482667],[-154.08725140861205,56.824157674994474],[-154.07186741567926,56.837308676351725],[-154.0728994175282,56.84109967592691],[-154.06744641980777,56.845303676440864],[-154.0552484227974,56.85046567789455],[-154.04096942511632,56.854136679765794],[-154.03052242593142,56.855052681261434],[-154.02560842464948,56.85213868220357],[-154.01855842476965,56.85189468327426],[-154.01295042611642,56.85421468394677],[-154.0009724318435,56.86489268497613],[-153.99755143662662,56.87425568482055],[-153.9978424390163,56.87906768443422],[-153.9890974413039,56.883055685457556],[-153.9848844441215,56.88841468570597],[-153.98595444647623,56.893204685204914],[-153.971474451427,56.902130686735426],[-153.96975545384126,56.90684468665697],[-153.96127345507074,56.908728687792006],[-153.95259245827978,56.914558688676344],[-153.93148145983395,56.9162406917158],[-153.9273464617276,56.91974769208553],[-153.92306746208237,56.920168692696066],[-153.91458546521972,56.925867693560896],[-153.90523746500165,56.92480569503559],[-153.89458546645005,56.926986696475446],[-153.8793434718653,56.936782698062515],[-153.87288447513987,56.94288669859708],[-153.8684024750083,56.9423266993081],[-153.86297547621544,56.94437469997571],[-153.8504844831032,56.95727970093269],[-153.85141248845406,56.96799870003443],[-153.84322548635404,56.96327670159546],[-153.82384949220176,56.97364370376529],[-153.82285749311697,56.97539970378982],[-153.8249364945211,56.978329703270816],[-153.82360949535558,56.979902703358576],[-153.80092249970645,56.98706970625261],[-153.795403502311,56.99188670673973],[-153.7683315046951,56.99486471058874],[-153.7713025061907,56.998027709920045],[-153.7945105050704,56.99731070649027],[-153.80627650288156,56.99372970497928],[-153.81444550033189,56.98919670407488],[-153.82684049845983,56.98628770242238],[-153.84047449257764,56.97548470114352],[-153.85990048929938,56.97024269860355],[-153.86554648697157,56.965981698059565],[-153.87203148558467,56.96364969725309],[-153.87518148558817,56.963865696766],[-153.87188148880082,56.97004369682248],[-153.87700349301775,56.97877569543564],[-153.87627549355074,56.97978769547312],[-153.87314049547933,56.98341569568571],[-153.86453049693938,56.98574869681087],[-153.86235150036464,56.992413696665174],[-153.855228502084,56.99535969752414],[-153.8515915060949,57.003086697522015],[-153.8417315111124,57.01239669834137],[-153.83628251234515,57.01448469901089],[-153.84518751287868,57.01612869755873],[-153.84944451407785,57.01878769673159],[-153.8630005144397,57.02039969458398],[-153.860566515022,57.021393694878604],[-153.86063551636735,57.02406569467893],[-153.8652595177553,57.027122693768504],[-153.86866051762163,57.027082693261015],[-153.87505951057838,57.01353769326188],[-153.88089550700127,57.00682469286274],[-153.8794025054481,57.0036416933124],[-153.8916644992915,56.9922256922841],[-153.89145549725953,56.98817269260309],[-153.8982134940451,56.98223069201175],[-153.8972144910109,56.97612769259471],[-153.90401548893334,56.972446691837],[-153.90325148658133,56.96771269228754],[-153.91364748506675,56.96539169089478],[-153.91772348331213,56.962169690513],[-153.9363424806041,56.958024688018455],[-153.96370547931568,56.95730368397151],[-153.97113947774506,56.954676683045044],[-153.9768924777835,56.955143682150315],[-153.97976448122094,56.96218968121831],[-153.97610148766628,56.97477668087052],[-153.97853649054707,56.980674680085635],[-153.97211149433275,56.98776968054298],[-153.9768894987291,56.99683267918123],[-153.9702125029645,57.00479467961498],[-153.96277751048814,57.01922567970209],[-153.944670517808,57.032519681471626],[-153.93549852323838,57.042661682126095],[-153.93315052577887,57.04753368213185],[-153.9186135283013,57.051553684027624],[-153.92323852846556,57.05218768328848],[-153.92615652928825,57.05401068272085],[-153.92525853017804,57.05571068273477],[-153.92987153048446,57.056625681977415],[-153.9319295312982,57.05837268154423],[-153.9322415336126,57.06297068117033],[-153.91180853824844,57.07076868368336],[-153.9001605417652,57.07694068499388],[-153.89539554343656,57.0799246854974],[-153.89485354517146,57.08331368533807],[-153.8874815472659,57.08695868618651],[-153.87537754911355,57.08980368780279],[-153.8589115491779,57.088844690344445],[-153.85782855050152,57.091384690326855],[-153.85199255097285,57.09193069116507],[-153.80480756330797,57.11315769675231],[-153.7983095659016,57.11784169739768],[-153.79022957127782,57.127896697901186],[-153.78333557353648,57.13189269865536],[-153.74440357531958,57.13289370443991],[-153.7404675771072,57.13615570480155],[-153.741560578548,57.13905670443248],[-153.7600985786028,57.1403537015523],[-153.7659485796787,57.14284370049642],[-153.77675157938256,57.14295769886337],[-153.7798905826713,57.14961969792006],[-153.78368058384095,57.15216069717013],[-153.77910758738446,57.158820697387156],[-153.78416658806657,57.16048569650819],[-153.78854158837925,57.161381695786545],[-153.80631058577643,57.15742469339282],[-153.8116885818009,57.149969693111515],[-153.82289557756212,57.14237269196383],[-153.82399857621124,57.13978969198109],[-153.8217785756096,57.13846269240891],[-153.82138057419482,57.13565569266765],[-153.82688457030693,57.128369692356074],[-153.84592356617324,57.12148168998172],[-153.88622656286418,57.117621684197445],[-153.89188656086853,57.11406668359918],[-153.89795555664756,57.1061536832493],[-153.9171495502984,57.09491268116466],[-153.9343775470231,57.089601678954644],[-153.95068554122517,57.07924967724225],[-153.96171853880446,57.07521067587348],[-153.96865253511544,57.06838867531845],[-153.98281253356365,57.06627767334319],[-153.99382752521117,57.0505026728151],[-154.00917751756586,57.03640567151787],[-154.01740251099397,57.023938671174115],[-154.0210895100372,57.022292670738736],[-154.0243085070613,57.01660867066198],[-154.03071550564465,57.01423566987073],[-154.0412584992934,57.00234666913962],[-154.04747049699637,56.998209668504295],[-154.05557449118314,56.987209668075955],[-154.06148948972415,56.984715667368235],[-154.06704148634321,56.97837166699001],[-154.07349648486704,56.975879666201294],[-154.07407348329545,56.972790666335946],[-154.0766434821008,56.970589666108474],[-154.09601747984297,56.967437663432506],[-154.10737348187703,56.97228066138489],[-154.106916483577,56.97563366121302],[-154.12049549007406,56.98951065818448],[-154.12141949222496,56.99385265773471],[-154.1383894909279,56.992461655291855],[-154.14070649273978,56.996226654674594],[-154.12541649827168,57.00614965625385],[-154.12609449964984,57.00893465595252],[-154.12356950064222,57.01072865620225],[-154.12334350238808,57.014179655988634],[-154.12073650401427,57.01722565616113],[-154.11476650498489,57.018735656947825],[-154.0967545126314,57.03264965865119],[-154.0969325133229,57.034032658525526],[-154.10466051399007,57.035891657233165],[-154.10061351744415,57.04245465736995],[-154.1092325204134,57.04893465561249],[-154.1067785230491,57.05398165561874],[-154.0921655239231,57.05469765775988],[-154.08622252568543,57.05777365843129],[-154.08424252719828,57.06062965852374],[-154.09159152601003,57.05878765755294],[-154.09357052681426,57.06051565713235],[-154.0843625291684,57.06453465822607],[-154.0849095323256,57.07081465769427],[-154.0710895383766,57.08181665898085],[-154.0535635431681,57.09007166102152],[-154.035974546443,57.09532866328684],[-154.02894754832613,57.098563664111076],[-154.02527055063297,57.10286166435614],[-154.01805255086103,57.10281966544354],[-154.01140155280626,57.10620166620099],[-153.99363255480455,57.108934668675396],[-153.98769155675444,57.112374669322506],[-153.98333255976993,57.11801966957493],[-153.96578356062875,57.11852767217579],[-153.95661256252856,57.12165167333156],[-153.95940156296328,57.12269467283799],[-153.9768645615636,57.12111467032607],[-153.97541356252728,57.12291367041588],[-153.97721156317687,57.12431367004574],[-153.9903835605975,57.12012566836507],[-153.9976345622821,57.12393266700355],[-154.00641156049912,57.12101766589261],[-154.01515056368922,57.12789066408834],[-154.02565756218112,57.12563766267042],[-154.0295185607357,57.12305566227458],[-154.03019456731553,57.13604866124408],[-154.0231095731894,57.147113661518254],[-154.02247457528878,57.151195661321935],[-154.0256645796243,57.159926660218005],[-154.02250758552609,57.17129365988033],[-154.02952358863214,57.177861658354985],[-154.02785859107638,57.18253965827092],[-154.0333765936779,57.18801265704922],[-154.03197059430266,57.18914065718006],[-154.02549459424193,57.18858165819457],[-154.02274859547376,57.190807658448676],[-154.02408959695126,57.19379265803343],[-154.04239859633807,57.1938376552747],[-154.04694159739387,57.19621465442092],[-154.0493536002286,57.20192865364886],[-154.0544006008764,57.20354065277364],[-154.0600026002223,57.202643651994705],[-154.05332559962983,57.20102765311535],[-154.05283459631093,57.194496653657076],[-154.0459995951362,57.19172965488368],[-154.02943659633885,57.192956657288434],[-154.03027259501604,57.190422657344],[-154.03774559283858,57.18666565648814],[-154.03281359086003,57.18245265753178],[-154.0315105895901,57.179874657912045],[-154.0327805883365,57.177503657890696],[-154.02841258490048,57.17046765905101],[-154.0297075788169,57.158616659703625],[-154.02606757250686,57.14597366115509],[-154.03030256861186,57.138605661045176],[-154.0448795622572,57.12709965967707],[-154.0628855591651,57.122246657318655],[-154.07841455796097,57.120943655078484],[-154.0819025600132,57.12522465424776],[-154.10190956269375,57.13188265076396],[-154.1159415657127,57.138793648159414],[-154.1477695691769,57.147820642727034],[-154.16634556684184,57.14452964017176],[-154.1867995658461,57.14400863713508],[-154.21613957170914,57.15760263174587],[-154.22850457312066,57.16125162962398],[-154.23800456921487,57.15425362870102],[-154.24296956599818,57.148284628385454],[-154.26022456289974,57.143422626143604],[-154.2744605613107,57.141315624156974],[-154.29905856226878,57.14496762019699],[-154.3382435611932,57.14568461425794],[-154.3649115591907,57.143686610396394],[-154.37386655699507,57.14002060931746],[-154.3811765521096,57.130938608878914],[-154.39606154674465,57.12146260733207],[-154.4120115439462,57.117120605253064],[-154.41817554397784,57.11763760429005],[-154.42292854763264,57.12519160302715],[-154.43221954837847,57.127347601475364],[-154.45218554797245,57.12802759842806],[-154.46909354571784,57.124843596121494],[-154.48559453879946,57.11243659454924],[-154.48741053070145,57.09659059543254],[-154.48190252648288,57.0878445968965],[-154.4660695179682,57.069824600584184],[-154.45994551580776,57.06509260184705],[-154.45355851663857,57.06626060271973],[-154.45398051539135,57.06382360283376],[-154.4438535148705,57.06203860448197],[-154.44262851347912,57.05919260487278],[-154.43779951267763,57.057246605738456],[-154.43420751045198,57.05257160661689],[-154.42582450872382,57.048525608167616],[-154.41597750872052,57.04778960969719],[-154.3983955127746,57.054522611843865],[-154.39932851073533,57.050551611992326],[-154.39352250969898,57.04807061304289],[-154.3814905102195,57.04821661483594],[-154.36877651303325,57.05285761640536],[-154.3489615194599,57.064131618559514],[-154.3295875299291,57.08342362006819],[-154.32017353677017,57.096251620552096],[-154.302863544125,57.109510622190946],[-154.28203354734626,57.114361624967636],[-154.27032954889168,57.11656762656583],[-154.2591715488522,57.11569062830474],[-154.25083355022878,57.117807629404126],[-154.24024055056591,57.11771663100154],[-154.23334955203865,57.12012763186252],[-154.19160655012712,57.11340363861653],[-154.17325655312445,57.11801764104056],[-154.16170555286502,57.116695642870724],[-154.1596035545352,57.119838642960424],[-154.15247655500025,57.120255644001105],[-154.1467625542697,57.118416644991505],[-154.14919155309562,57.11627364478064],[-154.14917655190195,57.113920644952046],[-154.14538655260694,57.11504464544055],[-154.1405225511393,57.111812646403365],[-154.1350345523377,57.113791647085414],[-154.1304105514093,57.11163964793466],[-154.1255515526914,57.11382764850738],[-154.13682655531537,57.119782646386035],[-154.12246755798222,57.12403464823806],[-154.11067555447022,57.11629865056468],[-154.10831855530333,57.11777665081286],[-154.11323655642636,57.12032964989078],[-154.1153555584338,57.12442964927815],[-154.111294559615,57.12647364974165],[-154.09656455731815,57.12093065235258],[-154.10040755250628,57.11171765243573],[-154.09602655138866,57.10921165327348],[-154.09300454830674,57.10292665417793],[-154.09660253998007,57.08674565479732],[-154.1123535298354,57.06779465379191],[-154.11282652703477,57.062288654115726],[-154.1055465266015,57.06092565530588],[-154.11451152308345,57.054587654415315],[-154.11546952108657,57.05070165455029],[-154.11304051643089,57.04131165558793],[-154.11560451373632,57.036150655573465],[-154.12236750992165,57.029059655067904],[-154.12139050807042,57.025319655482605],[-154.12810250640956,57.022493654678996],[-154.1320395065167,57.02298165405365],[-154.1477395099663,57.03092365112973],[-154.15027750973383,57.03064065076945],[-154.15092750891034,57.02905365078589],[-154.14646150713162,57.02521165173144],[-154.1446175024155,57.0157236526891],[-154.14959549818073,57.00766365252154],[-154.14934549503639,57.00139865300897],[-154.15942149348047,56.9990146516702],[-154.16765149065358,56.99397465079934],[-154.18140748996765,56.99358264876666],[-154.18331048875092,56.99129764864591],[-154.1669804865208,56.9857066514938],[-154.15924248375055,56.979647653088136],[-154.1504724833551,56.978242654502495],[-154.15009948195996,56.97543865475954],[-154.14537747906743,56.96934565590402],[-154.1475634770835,56.96554665584937],[-154.1530464757508,56.96327665519124],[-154.1525134729516,56.957658655674386],[-154.15502247066198,56.953269655613894],[-154.1530304700867,56.95198165600443],[-154.15406346932377,56.950532655953694],[-154.15199646905342,56.94984765631246],[-154.154609468084,56.94809765604687],[-154.15497846668785,56.94533765618976],[-154.16777746503982,56.94295165444563],[-154.1732124651733,56.943602653585415],[-154.1749844641637,56.94171265345593],[-154.17361146353608,56.9403626537585],[-154.17429146272733,56.93879565376939],[-154.18592245947647,56.933127652436156],[-154.18988345938976,56.933235651835844],[-154.19336145784234,56.93039165152001],[-154.20252845766444,56.93068865012724],[-154.20116545853588,56.932332650212906],[-154.19221145992708,56.934474651398396],[-154.1774634651873,56.94393165292572],[-154.20693645899217,56.93365564925422],[-154.2145374588798,56.9339736480942],[-154.2148084622634,56.94075064756606],[-154.2256844604388,56.93788464614496],[-154.25748146027058,56.939831641247395],[-154.25944845795567,56.935349641276325],[-154.2265834541383,56.92535964691221],[-154.2258324533594,56.923748647140535],[-154.22120445286848,56.92243564792736],[-154.21492344932219,56.91489364940941],[-154.2119844453222,56.906678650439986],[-154.21979644049256,56.897565649927714],[-154.22923543916855,56.89558964865894],[-154.24609143988152,56.898229645949144],[-154.24918544222223,56.903140645132765],[-154.25293044319207,56.90535264441357],[-154.25929044280878,56.90504364348506],[-154.2619514408448,56.90130264335681],[-154.2546354339744,56.88700664548078],[-154.25455543146765,56.88197364585541],[-154.2647974280766,56.875910644762],[-154.28184442498713,56.87094464257352],[-154.28886042461903,56.87071564154198],[-154.28527642847624,56.878196641537535],[-154.28828043084346,56.883163640730274],[-154.28886043377096,56.88907664021678],[-154.28412744505735,56.91134163931736],[-154.29970144573605,56.913830636809315],[-154.30419944683678,56.91636063595395],[-154.29634943118415,56.88443363943287],[-154.29567941908752,56.86010164128933],[-154.2980654137355,56.849517641697176],[-154.28924041592765,56.85328264274302],[-154.2901224164431,56.854382642532016],[-154.28596241651533,56.85422564316451],[-154.29115741879195,56.859178642031395],[-154.28688642031264,56.86192364247113],[-154.28156942041045,56.861733643278924],[-154.28063642139887,56.86365164327989],[-154.27773242166018,56.86396564369104],[-154.27526642117832,56.86281864414206],[-154.2742554233,56.86700664399114],[-154.27149342423783,56.86868964428235],[-154.24959443004929,56.878770646827526],[-154.2430444300601,56.878320647838606],[-154.24225443078882,56.879725647855494],[-154.24486543157894,56.881498647337544],[-154.24211843368607,56.88552664745787],[-154.24351343515085,56.88856364703073],[-154.22995443399543,56.885272649294215],[-154.2259104315649,56.88010765027008],[-154.22651442962422,56.876257650457],[-154.23179142746065,56.87229464995372],[-154.25497842332214,56.865656646967835],[-154.26003942114474,56.86164864650066],[-154.27675941656094,56.85364864458046],[-154.290854414136,56.849797642753586],[-154.30328141075853,56.84391064132311],[-154.30774041061946,56.84395664065419],[-154.3094054107425,56.84432564037895],[-154.30821241177324,56.846311640413596],[-154.30176641361922,56.84955364114186],[-154.30021341490402,56.85202364119555],[-154.30119141549855,56.85329064095787],[-154.2984424205178,56.8631766406549],[-154.30002243495045,56.8922526383196],[-154.30695744444978,56.91178463587205],[-154.3129094476759,56.91867363448457],[-154.3284854520456,56.92854963144138],[-154.3347174527261,56.93036563037788],[-154.3446344523806,56.930401628892284],[-154.35665545413906,56.93479862677608],[-154.3427464602398,56.94596362804845],[-154.3493924611248,56.948217626890965],[-154.33934746182092,56.948871628346446],[-154.34110246285096,56.951055627925776],[-154.33643846374753,56.95250362851882],[-154.31426546065208,56.94470663240014],[-154.29102645910015,56.939918636222636],[-154.27809946423014,56.949224637485045],[-154.27678146574814,56.95215863747038],[-154.27367146681564,56.95406363779843],[-154.274270468139,56.9567466375151],[-154.28700346946636,56.96031463535182],[-154.29826046862487,56.959452633729356],[-154.30066546876495,56.95990663333665],[-154.29909246921846,56.960696633514985],[-154.30068146998212,56.962334633158854],[-154.30618146909865,56.96097263243404],[-154.31014447006154,56.96318063168143],[-154.31425746857346,56.96051263125865],[-154.33541146865124,56.96221062797006],[-154.3393224679778,56.96115362746116],[-154.34008046649842,56.958258627557385],[-154.3456054646416,56.95495862696955],[-154.3597464628667,56.9524546250351],[-154.3650204604765,56.94807162456362],[-154.36505345872484,56.94457662481181],[-154.36000845674164,56.94024462588022],[-154.35637545664648,56.93978762645682],[-154.3562734560541,56.93859662655824],[-154.35981145589525,56.938539626033254],[-154.36934746052682,56.94849062388576],[-154.38530546558846,56.959767620680736],[-154.40751046906078,56.96833461673647],[-154.4396264714662,56.97551661140839],[-154.45982447407445,56.98222160789786],[-154.47633547444877,56.98420460528211],[-154.49872347636307,56.989700601530764],[-154.50732747625807,56.99014060021068],[-154.5116924752928,56.98854859967349],[-154.5247154763423,56.991623597500066],[-154.5285594813565,57.00189259617495],[-154.523888485118,57.00901859635405],[-154.5217934909488,57.02044659583371],[-154.51686249610526,57.03031259585224],[-154.5159155008084,57.039572595318376],[-154.5173405160356,57.069847592894966],[-154.51523352022966,57.077985592616635],[-154.52000752888992,57.0954615906247],[-154.5245015323679,57.10266758942408],[-154.5257455400029,57.11782458813019],[-154.52260054562575,57.12867058780991],[-154.5270405550254,57.14751058576681],[-154.52986456578958,57.168883583780406],[-154.53372057309383,57.18351358213131],[-154.53917957761408,57.1927905806325],[-154.5317765757749,57.18862658204958],[-154.5242215800292,57.19640058261706],[-154.53107557951665,57.1959105816224],[-154.53199557740749,57.19184458178137],[-154.54333158055195,57.19886257956412],[-154.5535275857891,57.209891577224084],[-154.5679985904829,57.22017357429528],[-154.57436460033477,57.239919571890994],[-154.59499860836354,57.25716156752199],[-154.61374361308654,57.267800563919906],[-154.62322861397544,57.270256562311744],[-154.62614061285214,57.268288562017965],[-154.64384761252978,57.2690135592996],[-154.68319960886697,57.264894553680215],[-154.68496360956823,57.26639855330403],[-154.68524161155892,57.27030255297459],[-154.68283161222755,57.271420553254984],[-154.67618761210093,57.27066155431085],[-154.67624761471455,57.27576155392623],[-154.68336461764397,57.28201855239425],[-154.69187561838075,57.28411055095892],[-154.71054961670308,57.282286548282165],[-154.7287296128919,57.27627054598962],[-154.73623161016647,57.27154054520964],[-154.73986561070888,57.2728815445638],[-154.73847461122057,57.27377054470751],[-154.74018161256123,57.27651754424776],[-154.77738861285957,57.28000853839007],[-154.78212861444206,57.283464537421224],[-154.7920746156997,57.28669653568512],[-154.79167861635273,57.28793753565304],[-154.7938606167395,57.28886253525602],[-154.78608961813967,57.29097853626916],[-154.78062162073851,57.29560953674976],[-154.77761862071674,57.29533153722246],[-154.7728086161224,57.286007538635914],[-154.7578376176597,57.287830540754626],[-154.7525626190955,57.290214541372734],[-154.75147662140793,57.29463254120984],[-154.7473106246613,57.30063954139342],[-154.74918162549756,57.30241254098064],[-154.75573662493193,57.301823540037226],[-154.75856162637893,57.30485953938746],[-154.75155762816237,57.307781540226195],[-154.74903463023207,57.31160954032331],[-154.74585463045577,57.311796540788606],[-154.74178563385667,57.31809054093647],[-154.7455746354786,57.32153654011134],[-154.74681563768468,57.32591853960054],[-154.75669163916066,57.32955453784414],[-154.77735963969016,57.33219753453467],[-154.77935464026598,57.33347153414],[-154.77670464120445,57.335085534419775],[-154.77761464210448,57.33690353414824],[-154.78576864212556,57.337583532869246],[-154.7865636443504,57.34196253242537],[-154.78892164549546,57.34436853189206],[-154.79849464577632,57.345664530353346],[-154.79669264745465,57.34877753039444],[-154.784895648793,57.35044753204892],[-154.78496264984247,57.35248753188784],[-154.78949265117674,57.35542853098731],[-154.7797976568239,57.365609531695284],[-154.76953565780443,57.366706533161285],[-154.7636146553673,57.36152453443739],[-154.76460265366643,57.358306534526385],[-154.7631786522038,57.35536153495863],[-154.73987165124367,57.35168653874361],[-154.73119864967677,57.34797554032496],[-154.7249066506607,57.34939554116864],[-154.72015764927278,57.34633654211024],[-154.71113965125886,57.34948954323684],[-154.70315564911343,57.344713544792725],[-154.70333864725526,57.341123545029795],[-154.69688864731899,57.34074954602943],[-154.69631864915755,57.344271545855804],[-154.69810565045788,57.346930545390414],[-154.7119916539404,57.35475254272024],[-154.7213086548995,57.35733154112512],[-154.707791665419,57.37665254173763],[-154.71037766520774,57.37644354136318],[-154.71094066390864,57.37397354146038],[-154.7243376562072,57.36009954046411],[-154.73281465460306,57.35764853936721],[-154.74099365193905,57.35312153846841],[-154.74189165282417,57.354906538201256],[-154.72035266059078,57.36827954046132],[-154.71656966285605,57.372371540729745],[-154.7115836668118,57.37963954094529],[-154.71025867048036,57.38663054062936],[-154.70061867838646,57.40116254101176],[-154.69965068449267,57.41287354029406],[-154.7026096883439,57.420528539282415],[-154.7221956875975,57.42059853632041],[-154.7213196899023,57.424974536129625],[-154.71266869499973,57.43412953675998],[-154.70945969535236,57.43456153721254],[-154.7050126977458,57.43882853756935],[-154.69957069871452,57.44027553828435],[-154.6933307019819,57.44608553879813],[-154.67635170612598,57.452757540871225],[-154.6708247060605,57.45220954174649],[-154.66429670900044,57.45736454235295],[-154.6561957110995,57.460782543325266],[-154.64758870563924,57.44962854544731],[-154.64441570643837,57.45092454583112],[-154.6453207080943,57.45417754545492],[-154.64038470843644,57.45446054617994],[-154.6445367143431,57.466128544693696],[-154.6545087172263,57.47242454272268],[-154.6639207104146,57.46005454221158],[-154.6657637126222,57.46443754161007],[-154.66052671834194,57.4750245416216],[-154.6505597252554,57.48753354220673],[-154.6439307270122,57.49039954299807],[-154.64511872989075,57.496008542405434],[-154.6296987379066,57.510197543693074],[-154.6187257408338,57.51497254500176],[-154.60572174229083,57.51678154683624],[-154.60256774344433,57.51875154716864],[-154.59169974379049,57.518597548824566],[-154.55543675443118,57.53623155301813],[-154.54094375677002,57.53962155496348],[-154.5399097555684,57.537249555294004],[-154.5417007548121,57.53593755511906],[-154.55651075252746,57.532673553116645],[-154.556352751768,57.53121055324787],[-154.54188974888746,57.524627555919885],[-154.52971174758224,57.521227558012505],[-154.5204127394157,57.504909560615225],[-154.51684873825596,57.50242456133654],[-154.51177873860215,57.50271256208269],[-154.51107374302563,57.511129561572886],[-154.5133847470388,57.51897956064815],[-154.51185274831832,57.521313560709196],[-154.501405748765,57.52139656228443],[-154.49253575175933,57.52646856325581],[-154.4865547521463,57.52676856413916],[-154.48737075306926,57.52859256388224],[-154.50693074998722,57.5241415612471],[-154.51343074973568,57.52414056026317],[-154.52437375476745,57.534567557842664],[-154.5300297554165,57.53622655686483],[-154.5244657589421,57.54254855724385],[-154.51423776136107,57.54641055850973],[-154.52216176223874,57.54867155714409],[-154.52122376162393,57.547428557377096],[-154.52303176081773,57.54602355720624],[-154.5312797585701,57.542342556227226],[-154.53508275904665,57.54353455556396],[-154.52682076657115,57.557282555807234],[-154.524686771041,57.56564755551735],[-154.52528977458653,57.57244855492746],[-154.52208077751322,57.57778655502234],[-154.51125377838432,57.57864655659995],[-154.50030377659039,57.57442355856852],[-154.46528677579266,57.57033656417361],[-154.4352277735371,57.56384756920247],[-154.42894877384296,57.56397457014472],[-154.41847777160106,57.55894157209859],[-154.40865577161793,57.55826257363625],[-154.3963077719629,57.55802857552408],[-154.38336977340296,57.55984157735233],[-154.36764777635702,57.56434257940696],[-154.33660478013465,57.56932058374967],[-154.32389577657935,57.56164158623416],[-154.31973977647021,57.5611385869006],[-154.31580877442912,57.556968587799155],[-154.30490877397705,57.55533358956978],[-154.29790677265922,57.55232459084935],[-154.2832907743127,57.554444592910365],[-154.26348778260197,57.5688465948676],[-154.25851378262317,57.56853759564409],[-154.23589678725878,57.57578059854833],[-154.23024578660971,57.574150599523136],[-154.21421378868834,57.576990601748804],[-154.19512378461837,57.56791760529933],[-154.20255278057826,57.56073660469226],[-154.20120977981898,57.55919660500704],[-154.18721877989532,57.5583726071876],[-154.1770517777833,57.55364460907024],[-154.17607377648034,57.55109260940271],[-154.17857177520256,57.54882860918766],[-154.1788157735608,57.54571460937539],[-154.17408877292738,57.54417961020259],[-154.16038077484532,57.54689261208441],[-154.15903477376028,57.54473061244436],[-154.16055976917107,57.53607861283758],[-154.1687417636988,57.52619361231109],[-154.16495475873128,57.51643961358865],[-154.1638147477008,57.49525761528937],[-154.15889874123147,57.48252561695172],[-154.16275273529098,57.47140161717062],[-154.16720073259526,57.466537616848335],[-154.16238173125532,57.46363261778715],[-154.16241672787967,57.45715461824884],[-154.1539717258294,57.45263361985235],[-154.14903372618795,57.4529816205742],[-154.1401057242833,57.44870762223267],[-154.1289307235821,57.44659162407546],[-154.11045372065126,57.43969162736669],[-154.11114972205974,57.4424466270634],[-154.12082472268813,57.44431762546513],[-154.1281827248182,57.4489156240212],[-154.13176872464845,57.44883562348457],[-154.15221572737266,57.455476619913156],[-154.16031772959207,57.4602976183397],[-154.15970273175122,57.46439961813715],[-154.16358773255564,57.46621161741853],[-154.155028737277,57.47467761810337],[-154.1550097397733,57.47946261776122],[-154.15316174125837,57.482181617844944],[-154.1574437449095,57.489472616671],[-154.15942575507867,57.509073614957416],[-154.16410776302925,57.524594613128485],[-154.1551927695119,57.53635961363065],[-154.1542047710225,57.539174613577266],[-154.1565227745608,57.546084612727505],[-154.1596037762261,57.54947261201599],[-154.17176177398298,57.54603261042155],[-154.17655177437743,57.5471156096174],[-154.1714347767427,57.55127261009293],[-154.17340777803076,57.55386460960664],[-154.18647978107563,57.56057060714076],[-154.19627478104442,57.56118960561113],[-154.19322178477682,57.56808760557551],[-154.2029467887786,57.5763796035015],[-154.21650778919573,57.57811560131942],[-154.22564678823147,57.576916600020276],[-154.2437247880353,57.57780559721487],[-154.26564278324832,57.57022859444073],[-154.28342577639424,57.55842259260123],[-154.29657877437307,57.55549859082015],[-154.31512277590264,57.55972858770263],[-154.3324187819306,57.57244258415705],[-154.37629877682252,57.56585057798613],[-154.3833437749514,57.562791577141354],[-154.3936277739211,57.56156857567215],[-154.4074397735045,57.56177157356459],[-154.45476277732186,57.57248156561173],[-154.46762977669323,57.57222356368075],[-154.46551377778508,57.57414856386047],[-154.45424277874832,57.57516056549467],[-154.4318617846579,57.584782568183904],[-154.42716078685845,57.58862856861584],[-154.42144378776518,57.58993956938674],[-154.420398789374,57.592923569327276],[-154.41140579262398,57.59845257028745],[-154.39313480140126,57.613810571938124],[-154.36890580527808,57.619430575204305],[-154.34810680966,57.62625857786282],[-154.34426481225293,57.630901578108144],[-154.3476538147095,57.635799577237194],[-154.35819581701642,57.640922575264035],[-154.34926781772134,57.64162157656852],[-154.33934381684574,57.639256578246915],[-154.3130898169697,57.63762958235047],[-154.30103181920927,57.641020583934484],[-154.26782082032926,57.64080658899204],[-154.26068182147392,57.64247458995485],[-154.2568978235295,57.64610259026629],[-154.25502182595233,57.65055759022807],[-154.23411883086914,57.658403592834155],[-154.23463083261532,57.66174159251439],[-154.23118483366028,57.663477592912216],[-154.22568183274606,57.661366593900965],[-154.21290083260658,57.66021659592579],[-154.19697983552797,57.66463959802416],[-154.18661783270053,57.658578600036755],[-154.1384348326411,57.655162607602904],[-154.08615083128882,57.64905561598566],[-154.05681083419117,57.65257162019006],[-154.04258683299656,57.64935862258211],[-154.0289208355668,57.65330762437471],[-154.0251018355413,57.65300462497679],[-154.0240698344214,57.65081762529052],[-154.031368834696,57.651823624109454],[-154.03803383327215,57.64957562325806],[-154.03671983251198,57.648049623567346],[-154.03358383283376,57.648448624015245],[-154.0315358343132,57.65111062413514],[-154.0324688326288,57.64798662421783],[-154.0232238311701,57.64460962586479],[-154.01511683133083,57.64437362711324],[-154.01387183251538,57.64653262714764],[-154.0090148326174,57.64640262789487],[-154.00950583117708,57.64370962801334],[-154.00275282815153,57.63753362948217],[-154.00014882489776,57.63119863033214],[-153.98824882376698,57.628267632349655],[-153.98254782110342,57.62284263360419],[-153.98176181920178,57.61918563398533],[-153.98486781140252,57.60459563455908],[-153.984472802729,57.5880956358009],[-153.97443079593558,57.57451363829707],[-153.97141579233136,57.56745563925974],[-153.97388278796677,57.55930863946873],[-153.98224978443633,57.55313763864161],[-153.9862117802683,57.545455638590816],[-153.99830878044853,57.54660363667431],[-154.01798177782993,57.54292263395557],[-154.0916977707329,57.53434962339754],[-154.10394476920598,57.53226762169128],[-154.10371876720959,57.52844062200109],[-154.107831765447,57.52535462159996],[-154.0890747679663,57.528889624187755],[-154.06489076664877,57.524735628151014],[-154.04814476986184,57.529741630329184],[-154.02485977171744,57.53172063371634],[-154.01946877292096,57.53365663439453],[-154.00077977310733,57.53276463729116],[-153.99466477527494,57.53649363795116],[-153.99504277653898,57.53893063771917],[-153.99845477810078,57.5421366369723],[-153.99146677657674,57.538764638273314],[-153.97869477856432,57.54170763999886],[-153.97136577762038,57.539421641273556],[-153.94757077887576,57.54024464482235],[-153.93401777715903,57.53607864717499],[-153.92592577375498,57.529051648903454],[-153.92300176919542,57.520153649982035],[-153.92325075943623,57.50151665127469],[-153.92104875701904,57.496747651948674],[-153.91991775102667,57.485202652943904],[-153.91669674897668,57.48106465372718],[-153.91309074822678,57.47939165439264],[-153.90951774397115,57.47100165553203],[-153.91031473785102,57.45931565624468],[-153.90718773576668,57.45511065701797],[-153.90943572907798,57.44241365758317],[-153.90480772513908,57.43454065884455],[-153.89582071898113,57.4221086610901],[-153.88569871507195,57.413922663204275],[-153.87357271499997,57.41299266510449],[-153.86565970968013,57.40223066706686],[-153.8497477089177,57.39972766965107],[-153.84907270794025,57.39779966989005],[-153.84901170688025,57.39575267004492],[-153.85698070621672,57.39499066889411],[-153.86054970708668,57.396899668218836],[-153.86252070636803,57.39564266801014],[-153.84139270317596,57.38811567173948],[-153.84083770239363,57.38657067193314],[-153.8321927020248,57.38529967333029],[-153.82215869198447,57.36526667626921],[-153.81960769166017,57.36447567671096],[-153.8144406930883,57.366901677319646],[-153.809801688952,57.35860967860892],[-153.80475168786077,57.356174679544544],[-153.80295268519117,57.35089668019068],[-153.79535068451878,57.3491076814659],[-153.79464168283712,57.34580868180699],[-153.7987016806188,57.34177668147935],[-153.79917267883204,57.33834868165126],[-153.79042267828822,57.336733683087274],[-153.78230367437783,57.32863968488687],[-153.7806276727875,57.325450685365816],[-153.7810376697556,57.31960068571821],[-153.75950466352793,57.30614468992151],[-153.748459663357,57.305108691661935],[-153.73345666062212,57.29884669436916],[-153.71481666125248,57.298889697179526],[-153.70763265964857,57.29532169851576],[-153.69744165963016,57.29464370010157],[-153.68346765717214,57.288990702609325],[-153.66784465755572,57.28875670498354],[-153.66629565665542,57.28691070534737],[-153.65997765644178,57.28610070635799],[-153.6529916542739,57.281451707739606],[-153.6311416508353,57.27340671160263],[-153.62578065215516,57.27564071225449],[-153.6231796531546,57.2774227125217],[-153.62314165414904,57.27935371239171],[-153.628377659559,57.29018971083968],[-153.63556266072106,57.29289270956491],[-153.6685556611113,57.2957067043867],[-153.67701266652884,57.30675070233181],[-153.68908366701328,57.30844770038966],[-153.7053796660295,57.30756469799165],[-153.71991166680033,57.309977695627566],[-153.74450967064334,57.31898969127689],[-153.74805067462313,57.32692769018072],[-153.7464756775557,57.33250769002398],[-153.75557667923775,57.33634368837797],[-153.75989868108726,57.34019968745237],[-153.76394968361922,57.34535768647528],[-153.76704068894654,57.35585768526504],[-153.77405469099878,57.36027268389264],[-153.77321169732727,57.372443683157904],[-153.77654169776517,57.3735016825796],[-153.7830217028106,57.383653680880634],[-153.79795470782986,57.39428967786884],[-153.7990907097121,57.39799067743462],[-153.80437171170342,57.40216667633964],[-153.81152671676602,57.41237667453289],[-153.81334171938613,57.4175366738922],[-153.81520673023064,57.43850967212101],[-153.8177177343178,57.44652167117207],[-153.8170857368546,57.45135167092464],[-153.82122874364373,57.464643669353265],[-153.81607674842056,57.473469669506734],[-153.81603375139238,57.479160669109035],[-153.81900575449103,57.48528566822359],[-153.81972976111928,57.49801666720937],[-153.82511276648302,57.50861766564031],[-153.82211477045126,57.51600766556941],[-153.81265977111255,57.51666466695612],[-153.8050117691339,57.51239566841853],[-153.8033917692479,57.51250966865607],[-153.80378177007552,57.51411566848281],[-153.8137807735747,57.52143866644687],[-153.815639777746,57.52951966559097],[-153.81912278079227,57.53555466463387],[-153.83190278378845,57.54208766223126],[-153.84802279280856,57.5603096584895],[-153.84923879497734,57.564516658005445],[-153.8488637959795,57.56639965792826],[-153.84096679771375,57.56919165892797],[-153.84697879914802,57.57230665779373],[-153.8465428006359,57.57510865766054],[-153.8436878022044,57.57790765789458],[-153.82457280270498,57.57763266081529],[-153.8215338022105,57.57649766135742],[-153.82412280051142,57.57343266118247],[-153.81989379975698,57.57172666194556],[-153.83281979842883,57.570028660104676],[-153.83092379721867,57.56760466056478],[-153.81925379656596,57.5656146624772],[-153.81696779217077,57.55710166342921],[-153.8103377936659,57.559524664262845],[-153.7967067936905,57.558701666389524],[-153.78627878881784,57.548757668677666],[-153.78442778827932,57.54761366903975],[-153.77862578900732,57.548632669847606],[-153.77162878609568,57.542639671334086],[-153.7464517837622,57.536599675581115],[-153.74698178525412,57.53947767529689],[-153.73933478589984,57.540226676403805],[-153.7382467853702,57.53914867664507],[-153.74132578330443,57.53540367644337],[-153.73223978456335,57.53723267769195],[-153.7265717843237,57.536419678609214],[-153.69222978081933,57.52758768444274],[-153.67354178116994,57.52709468731196],[-153.67220078348282,57.53142368720985],[-153.6811757864945,57.53772368540327],[-153.68749978710184,57.5392746843343],[-153.69270878921776,57.54363168323617],[-153.7007737902397,57.54608168183929],[-153.69588679082,57.546882682524206],[-153.6965047921364,57.549428682250515],[-153.73971279176166,57.55142067555354],[-153.74084979271757,57.553312675247064],[-153.74819679265988,57.553665674107314],[-153.7746297983669,57.56619966920734],[-153.78541179877894,57.56766766746681],[-153.7897537999633,57.5701966666283],[-153.80235280682675,57.58404766373212],[-153.8198948109896,57.593075660427374],[-153.8237738132691,57.59765165951283],[-153.84684882039326,57.612648654941424],[-153.8525228206591,57.613517654017606],[-153.86761982461613,57.62199165112071],[-153.8691738266574,57.625959650601736],[-153.8777778282487,57.62952964904023],[-153.87996383057293,57.63407264838397],[-153.8748878321391,57.63670964896725],[-153.8743068371267,57.64611064838504],[-153.8682958392234,57.6496886490436],[-153.85856584032175,57.65113865041914],[-153.82414783965515,57.64767265589737],[-153.7938958408928,57.64808766046633],[-153.7754368430469,57.65099266306593],[-153.7602968413856,57.646896665658346],[-153.74919984139933,57.64622466739301],[-153.74228384342118,57.64961366820409],[-153.725011840363,57.64274967131642],[-153.70977484094635,57.64290267362171],[-153.69947083955557,57.63963067541988],[-153.68659884056595,57.640743677297834],[-153.672476840038,57.63887167957715],[-153.65984984106498,57.64003568141439],[-153.64997483831834,57.63423168332556],[-153.64472983828728,57.633850684149856],[-153.63705783625096,57.62952568562138],[-153.63319283256556,57.62231068671768],[-153.6239838279093,57.612924688779316],[-153.62103182116593,57.59995669014214],[-153.61446181658147,57.590854691781516],[-153.61041981652187,57.59049469242094],[-153.6066418177967,57.59268469284045],[-153.60793882186852,57.600490692093565],[-153.60647482225716,57.601138692270375],[-153.5948648229459,57.601738693991976],[-153.57634381621412,57.58783969778372],[-153.5740318178158,57.590740697930926],[-153.56713181782476,57.59034069900722],[-153.56286082114653,57.59638769923077],[-153.5677098221718,57.5986256983367],[-153.56896982571698,57.60542569766691],[-153.58318682778295,57.61020269517043],[-153.59215483551398,57.62539269273805],[-153.5931198376635,57.62952069230073],[-153.59706483828185,57.63093069160182],[-153.60547184193007,57.63834468980117],[-153.6182848450011,57.644932687388525],[-153.62756484575934,57.646932685836475],[-153.6319308493466,57.65397968467519],[-153.63419184978787,57.65495168426279],[-153.6428118474394,57.65104168322796],[-153.64508584772338,57.65171768283436],[-153.6509618500145,57.65640768160952],[-153.65494485033648,57.65726068094364],[-153.65802985247012,57.66148068017629],[-153.6767428561937,57.66966367675155],[-153.68246885559037,57.668878675935936],[-153.69349785763214,57.67341467393732],[-153.71511685806917,57.67558167049527],[-153.72075985999783,57.679571669354],[-153.725987859722,57.67937766857239],[-153.73003786081918,57.68169966779183],[-153.75271586175856,57.68489066411531],[-153.7656268632677,57.68854766189141],[-153.77876386132135,57.68570566009465],[-153.77968986242428,57.687843659801764],[-153.77613886395517,57.690505660153036],[-153.7770408643463,57.69129965995938],[-153.78692986364788,57.69060765850384],[-153.79799186640818,57.69650965640123],[-153.80528386689898,57.6978966551929],[-153.82738086599144,57.697592651852446],[-153.83778086807297,57.70217764994343],[-153.86290686974894,57.70694364578025],[-153.88387086868013,57.70628064263769],[-153.89313286659248,57.70294764146643],[-153.90720086591185,57.702576639352586],[-153.90863186775658,57.706143638879816],[-153.90133186885012,57.70772963987721],[-153.9000298697473,57.7093346399607],[-153.92000587218396,57.71521763650052],[-153.92218787295263,57.716805636054865],[-153.91754687754752,57.725147636164785],[-153.92516987792737,57.72635763491787],[-153.93787988160696,57.734102632429206],[-153.9375678857012,57.74177463192749],[-153.93242088896756,57.74757263229624],[-153.93120089132236,57.75191363217149],[-153.93488290862055,57.78457762927264],[-153.9322089175084,57.80103262850228],[-153.9352409238318,57.81304762717974],[-153.93049292559067,57.81602462769063],[-153.90156193170952,57.8255766314193],[-153.89771693388155,57.82938163173364],[-153.8965979372691,57.835627631457776],[-153.87256893912988,57.83755463498615],[-153.86099394108845,57.840465636544465],[-153.8522839484928,57.853703636928685],[-153.85620995167886,57.85988463588832],[-153.856258953881,57.863985635587895],[-153.8519689564691,57.868526635918776],[-153.85052695889485,57.872945635823605],[-153.84816395953175,57.87397963611046],[-153.84651195649116,57.86822063677371],[-153.8340039565295,57.867497638735124],[-153.82834695558049,57.865373639750366],[-153.82340595555505,57.86501364053029],[-153.81052395883424,57.87029864212057],[-153.78910195843716,57.86821164554034],[-153.78524795925495,57.86949064603783],[-153.77661996359018,57.877008646820414],[-153.75763996492714,57.87830764962687],[-153.75526896658658,57.88124264978033],[-153.7567929697951,57.88729664911713],[-153.75232997112388,57.88948564964339],[-153.7468889710692,57.889045650505864],[-153.7355569732424,57.89237665200052],[-153.73258997445973,57.89445165230669],[-153.7305119768886,57.898829652313154],[-153.7282579770841,57.899052652641785],[-153.72408997600687,57.89679665343897],[-153.7211969727726,57.89061565431972],[-153.71743497151178,57.888042655077264],[-153.704410969635,57.88375465737112],[-153.69135397075345,57.885028659275775],[-153.66896596948285,57.881297662960634],[-153.6643059700754,57.882113663614724],[-153.65885096900155,57.87978666461286],[-153.64881996950106,57.88010366612289],[-153.64113797129366,57.88296566709424],[-153.63413597066227,57.88136866827699],[-153.62084197123454,57.88162667029001],[-153.61972197065768,57.88048767054159],[-153.62728496561303,57.87157267001621],[-153.62608296450765,57.869445670350125],[-153.62914296376735,57.868254669967016],[-153.633881960637,57.86272166963423],[-153.63754395982454,57.861432669166085],[-153.6627449614086,57.86591266500014],[-153.6681789611482,57.86576066418101],[-153.66937496025972,57.86418166411005],[-153.66592295935706,57.86229166477125],[-153.64652895977287,57.861882667762046],[-153.63635195852112,57.85893566952479],[-153.63387495794674,57.857716669989266],[-153.62741295166282,57.84562867183036],[-153.61373595017656,57.842032674172515],[-153.59959695160435,57.84383867620389],[-153.59805995045076,57.84159767659662],[-153.5924609492643,57.83905067763123],[-153.57341394728402,57.83421768087995],[-153.57138394621387,57.83210168133906],[-153.56774094070866,57.821618682633904],[-153.55610792893518,57.7989426860063],[-153.55464092468847,57.790917686795254],[-153.5508509226978,57.78696868765125],[-153.54938491492126,57.77232968890521],[-153.54504891313925,57.76873368981955],[-153.54603091156852,57.765850689872536],[-153.55292290862303,57.76074368918127],[-153.55766889460978,57.7347416902881],[-153.55424688817604,57.722450691674425],[-153.5431518836117,57.71320569401464],[-153.5483038780511,57.70305169394405],[-153.53942786859656,57.68471369658485],[-153.52732486112353,57.669898699467744],[-153.52752985901603,57.66593369971502],[-153.52476085679692,57.66157970044217],[-153.5254958548487,57.65794470058559],[-153.52401085304783,57.65445470105659],[-153.5153368505474,57.649213702744035],[-153.51475884729444,57.64303070326583],[-153.50437484140235,57.63126870567044],[-153.50106483580646,57.620478706930484],[-153.4948568335741,57.615881708196376],[-153.48500983391992,57.61595370968819],[-153.49983083801675,57.624590706829586],[-153.50016983895702,57.62639070665173],[-153.4950838402519,57.62853970727453],[-153.50321485012026,57.64768570469515],[-153.5023778533817,57.65379870439348],[-153.50623986198033,57.67026070265073],[-153.50517686399627,57.67400070255007],[-153.5062488662784,57.67836770208046],[-153.51030087068406,57.6869127008638],[-153.52236987800987,57.701426698007154],[-153.52433188051654,57.7062606973689],[-153.52426388387778,57.71257969693516],[-153.52098488725457,57.7187336970023],[-153.50483688400288,57.7116616999584],[-153.486186882268,57.70729570310526],[-153.47800988267448,57.70757870433082],[-153.4747968799094,57.702186705198145],[-153.46872287844351,57.699070706341374],[-153.46207787799165,57.697829707440285],[-153.4540158790038,57.69926270856752],[-153.4447538756275,57.69236371046101],[-153.4348828734928,57.68776671228552],[-153.4316708733538,57.687317712806056],[-153.43399387526318,57.691049712191315],[-153.4315448771736,57.69450471232249],[-153.44848588301147,57.7064807089043],[-153.45611688406177,57.70890270757245],[-153.46383688780156,57.71638770587204],[-153.49331589315645,57.728184700553776],[-153.49756989536112,57.732576699597416],[-153.50804289760288,57.73740469766249],[-153.50423190612207,57.75316069713671],[-153.49815290905633,57.7583016977025],[-153.4925869181061,57.77492269738425],[-153.4879899183021,57.77501869807871],[-153.47560591482423,57.76777970047509],[-153.4699129143386,57.76653670143048],[-153.45546491532525,57.767538703563396],[-153.44505291444827,57.76528870530884],[-153.43918591691525,57.769566705903905],[-153.4324389175446,57.77035270687786],[-153.40957491392112,57.762242710932],[-153.39270890813876,57.75043371432924],[-153.39422290701543,57.74841471423954],[-153.3911849031953,57.74107471521566],[-153.39126989854313,57.73234871581223],[-153.3841628935506,57.72256371757877],[-153.36877488662273,57.70865772089383],[-153.3659048868087,57.708842721318284],[-153.35648688455015,57.70405572308692],[-153.34799788365515,57.701886724531136],[-153.33301188733472,57.70795472639116],[-153.32947488694293,57.707016726995406],[-153.3238688842436,57.7016207282252],[-153.31970588428612,57.70146472887031],[-153.31903788522638,57.70319572885138],[-153.32122088687123,57.7064137282948],[-153.3187568889429,57.710169728408665],[-153.31101989234958,57.71613572917233],[-153.31063989481493,57.72074672890942],[-153.32938190525627,57.741408724613805],[-153.33323190998186,57.75048872339408],[-153.34632591055623,57.75230972127051],[-153.35318991290427,57.757100719889586],[-153.37174891281467,57.75799371699712],[-153.37617491502823,57.76239371601497],[-153.37898791809116,57.76829071517407],[-153.40257492197532,57.77691671097346],[-153.41158392499082,57.78307770916842],[-153.4297249265898,57.78711770611797],[-153.44280892538777,57.785630704226044],[-153.46063592788812,57.79134470110589],[-153.4698099353773,57.80587269868718],[-153.4803979397557,57.81466569645415],[-153.4798909436195,57.82184369602768],[-153.48290994478168,57.82418769540234],[-153.48424094802786,57.83031769476871],[-153.4873709500528,57.83427469401279],[-153.48026995294418,57.83924469474825],[-153.47947795445972,57.84202069467426],[-153.45158195386514,57.839284699126395],[-153.42459895096513,57.83231670373554],[-153.409288950628,57.830804706179336],[-153.39999994837103,57.826063707929386],[-153.33950393937957,57.80583571857849],[-153.33596293989896,57.80660471906536],[-153.34326494184444,57.81064971766851],[-153.33565894157414,57.809713718895026],[-153.32781093948802,57.805375720395546],[-153.32030193952292,57.80501672156684],[-153.3186809385269,57.80306572195005],[-153.3150399383048,57.80244572254913],[-153.31031994073138,57.80670972297268],[-153.29057993715773,57.79892872652776],[-153.28112693791783,57.79981872790894],[-153.26697293600913,57.795463730372276],[-153.25871993685533,57.79658473155402],[-153.25508793903643,57.800455731839634],[-153.24638493757874,57.797250733390904],[-153.24431093598687,57.79416273392195],[-153.21740593600268,57.79270573812995],[-153.21027493437728,57.789276739456156],[-153.21183793651616,57.79335873893453],[-153.20816993638417,57.7929107395257],[-153.2043379335339,57.787374740494215],[-153.21812991668426,57.756607740522696],[-153.21908991160913,57.74715074103202],[-153.2230429069695,57.738668741017314],[-153.22413890346283,57.73214974130237],[-153.22014090213236,57.72943174210018],[-153.21024790128948,57.72730374375591],[-153.20409889486618,57.714900745552484],[-153.20110789415557,57.71340074611217],[-153.1931968893521,57.70393574797319],[-153.1799788887585,57.70209475011463],[-153.17777889075447,57.7057277501986],[-153.1904678985203,57.72101674720665],[-153.1952278996444,57.72338874631681],[-153.19595290238902,57.7285817458466],[-153.2028589059958,57.735729744298666],[-153.19969190821152,57.73971174450563],[-153.18777992341637,57.767545744395086],[-153.1862849258931,57.77209874430776],[-153.18505593850543,57.795606742867484],[-153.18094893946082,57.79716674338632],[-153.1855309460505,57.809715741817726],[-153.18933294838507,57.81427774092097],[-153.18038094807005,57.81320174236277],[-153.1847629497892,57.8166467414547],[-153.18340595052453,57.817943741572286],[-153.18778795103253,57.81912974082082],[-153.1883039562876,57.828950740061345],[-153.1968909589077,57.834299738378775],[-153.2014799664779,57.84863973668331],[-153.22053397585967,57.867123732488395],[-153.2242159796995,57.87445673141636],[-153.23068998272305,57.880424730012024],[-153.23707798853414,57.89155572826188],[-153.2362479902033,57.894604728176795],[-153.2262649899689,57.89362072977214],[-153.21965198770653,57.8890627311002],[-153.21182698834514,57.88981773224464],[-153.19844598693007,57.886461734524104],[-153.19087998522528,57.882886735929155],[-153.16662698312288,57.87766773999987],[-153.1666539807374,57.873241740302326],[-153.15317097668665,57.86498974293533],[-153.14091697531998,57.86178974503018],[-153.13542797379563,57.8586617460858],[-153.11741697269247,57.85564474904768],[-153.11041296952797,57.84938675055066],[-153.11149396815966,57.84689975055725],[-153.10361096517985,57.84093475217403],[-153.07418795928288,57.828391757535535],[-153.05889695861708,57.82634276001342],[-153.04746295380096,57.816765762419955],[-153.04191295374417,57.816367763295275],[-153.04046195471153,57.818094763397916],[-153.04802596243718,57.832883761224174],[-153.08310596604176,57.841446755272486],[-153.08681496715792,57.84372075454882],[-153.08401697062143,57.85001375454237],[-153.0854439724739,57.853533754081504],[-153.0934929764974,57.861438752305276],[-153.08943997865637,57.86523375266305],[-153.10712198064311,57.86986474963946],[-153.1166459841501,57.87688374769799],[-153.1295169864209,57.8817867453907],[-153.1314789875982,57.88407574493226],[-153.13117099069717,57.88980574458309],[-153.167187000226,57.90940073771616],[-153.16718200319744,57.91490073733599],[-153.19485700681673,57.923098732531734],[-153.19553000809933,57.92550773226178],[-153.19414900856137,57.92628673241905],[-153.19864001039628,57.929923731479306],[-153.1964080109473,57.93082073175869],[-153.20339301369768,57.936284730310156],[-153.23325001536176,57.94099372541188],[-153.25257002100224,57.95247272165536],[-153.2703460237721,57.95856671850904],[-153.2752200258624,57.96269271747507],[-153.27819003014724,57.97075771645836],[-153.28329403112406,57.97284171553138],[-153.2830950329162,57.97613271533264],[-153.28789503436616,57.97907071439236],[-153.29299903446207,57.97953171357838],[-153.3021990401861,57.990583711398045],[-153.30087304217992,57.99417871135046],[-153.29777804349519,57.996425711668145],[-153.28631204481877,57.99822271329995],[-153.26399904524592,57.99777171675135],[-153.26081204375424,57.99485171744322]]],[[[-153.18314610162514,58.09665672228035],[-153.16863809752294,58.08838572508273],[-153.12283910076988,58.091866731875974],[-153.11467210267924,58.09491873291909],[-153.09146809995127,58.08871173691302],[-153.07821808952778,58.068967740313006],[-153.0674020840183,58.0583207427093],[-153.06265608328223,58.05672474354817],[-153.06220808100775,58.05253774390588],[-153.05390307978035,58.049855745366045],[-153.0519510782427,58.04693774586689],[-153.0468390719191,58.03508274746963],[-153.04834207018598,58.031983747452706],[-153.0463940687773,58.02929874793691],[-153.05659706634958,58.02537874664185],[-153.04874106589452,58.0241327479331],[-153.04595006784962,58.02757374812396],[-153.03047807051985,58.03166475021596],[-153.0331740731919,58.036703749454816],[-153.0287700732879,58.03665075013415],[-153.02422907032485,58.03098275122173],[-152.99967606950494,58.02820875518045],[-152.99806806823744,58.025800755593075],[-152.98772506712737,58.02323175735677],[-152.98149506742791,58.023462758296795],[-152.97879006510018,58.01905275901512],[-152.96760106448073,58.01734276084935],[-152.93596706009797,58.00768376636587],[-152.92930405570735,57.99927876796447],[-152.9283970527261,57.99375276848265],[-152.9295620500568,57.98890276863684],[-152.95176204620682,57.982948765641325],[-152.95938704725975,57.98527576431247],[-152.98242704630383,57.984697760819586],[-153.00164804886873,57.99040775747981],[-153.0299570504204,57.99472975284157],[-153.08828805123363,57.99928474358303],[-153.09026805231522,58.00137774313497],[-153.12541105996323,58.01729373664481],[-153.1513870631113,58.02446173216408],[-153.20254606469078,58.03012272392385],[-153.2099060670911,58.03492572246124],[-153.2145900710389,58.04241872122176],[-153.21837607179503,58.04401072053017],[-153.22326907455206,58.049329719409684],[-153.2226840782923,58.05614771902513],[-153.22484207885446,58.057294718614195],[-153.22315708115872,58.06142071858588],[-153.2361380836647,58.06671571622506],[-153.24757708455732,58.06897571431181],[-153.25656408715568,58.07422171256695],[-153.25802609008727,58.07966171196359],[-153.2651860927149,58.0848577105022],[-153.27663409372832,58.08734070857129],[-153.28331109319893,58.0867427075878],[-153.27180808943126,58.079221709878304],[-153.26413908283837,58.066741711925296],[-153.23123707476765,58.05015971812915],[-153.23779007265816,58.046653717367704],[-153.24876207205818,58.0461567157189],[-153.2811810719681,58.047779710631914],[-153.28972207310187,58.050330709143566],[-153.3359330682314,58.04398470249757],[-153.34482806612337,58.04061970136834],[-153.3655960646292,58.039051698292745],[-153.36703206630278,58.04220169785207],[-153.37529206924947,58.048070696174356],[-153.38151907316987,58.05560669469149],[-153.3907990735831,58.05689069317775],[-153.39971307250173,58.05541769191345],[-153.41980507417992,58.0596386885352],[-153.41836407663564,58.06405268844656],[-153.41295507995144,58.0698116888725],[-153.39223108769565,58.08279369114269],[-153.37031809165398,58.088785694086674],[-153.3594520971269,58.09816769509824],[-153.34124409841834,58.0995016978008],[-153.3347171008285,58.103534698521166],[-153.34056010707747,58.11525969680373],[-153.33973510845883,58.11773169675742],[-153.3206241134243,58.12571169913571],[-153.31768411764187,58.13322869906189],[-153.31947212010104,58.13780469846737],[-153.3161491216238,58.14039069879726],[-153.29279012556663,58.146266701977424],[-153.2742361271395,58.148102704701564],[-153.2626641258381,58.145099706689805],[-153.26101012403262,58.141724707179556],[-153.25169712256607,58.13854570883266],[-153.23832711829345,58.13003771148023],[-153.2351791164127,58.12644071221454],[-153.2275881149512,58.12336471359541],[-153.19913910408337,58.10200671945191],[-153.18314610162514,58.09665672228035]]],[[[-151.79675222452872,58.25778392500143],[-151.791942221636,58.252412926095154],[-151.7878172162228,58.242526927377575],[-151.79782320557553,58.22369292706156],[-151.79434020413004,58.220964927777395],[-151.79613720086263,58.215133927880565],[-151.7930221987156,58.21115092862128],[-151.80541718945636,58.19486392777145],[-151.80366618805502,58.192269928210784],[-151.80707018683378,58.19018192782207],[-151.80780518536235,58.18754792788062],[-151.8554181735234,58.1678149218265],[-151.86540717229286,58.16594492040872],[-151.86776217472323,58.170430919752],[-151.87302117511533,58.17132991888218],[-151.8752891772996,58.175365918268135],[-151.87486517907806,58.17856891812399],[-151.86830718060693,58.18109891896968],[-151.8619371806129,58.180880919966484],[-151.85941418134558,58.182115920274754],[-151.8603701818381,58.183040920066865],[-151.867653182802,58.18504591881232],[-151.87450318184455,58.18356091785277],[-151.8850981837358,58.187363915969655],[-151.89435218657124,58.19282591418428],[-151.89359318858118,58.196430914065004],[-151.8858601919063,58.202157914882825],[-151.88749419397547,58.205953914381794],[-151.88586719599985,58.209549914397286],[-151.89394119872946,58.214768912809234],[-151.88774720155763,58.21964691344541],[-151.87534220315524,58.22208091520062],[-151.8695392067748,58.228397915682734],[-151.8659572069581,58.22859991622247],[-151.86657020962042,58.23341991581213],[-151.87609521561197,58.24455391361193],[-151.86344622192203,58.25545491485128],[-151.85542822192247,58.25516891610855],[-151.83798722646102,58.2627099183092],[-151.83176122955103,58.268042918922326],[-151.82787322935295,58.26754991955531],[-151.82988222820916,58.265564919374654],[-151.8132482276302,58.26393792205103],[-151.79675222452872,58.25778392500143]]],[[[-152.87057624278165,58.33574275391305],[-152.85375424320785,58.33567975651517],[-152.84701024528385,58.33906675732444],[-152.8392122424873,58.333677758898396],[-152.84148724190993,58.332754758610214],[-152.84420924318192,58.335165758024495],[-152.84842724316437,58.335340757361266],[-152.85137124221856,58.33379075701281],[-152.84128024028638,58.329835758842286],[-152.82088024010386,58.3285147620832],[-152.82728723772476,58.324562761364575],[-152.82394523528794,58.32003176219084],[-152.8194972346087,58.318597762976],[-152.81722623297506,58.31555776353462],[-152.80476523174414,58.31274576565107],[-152.80008723203142,58.3130347663533],[-152.79921223409775,58.316698766237764],[-152.80408523476666,58.31813376538713],[-152.8011532361552,58.32048176567923],[-152.79693723470217,58.31767276652245],[-152.7979282311916,58.311423766797056],[-152.7957592297161,58.308671767320114],[-152.7916492296328,58.30832376797823],[-152.78994022511378,58.30012976880248],[-152.78476222142282,58.29325077007198],[-152.7850872198846,58.290502770209606],[-152.78022921816006,58.28716977118712],[-152.78012321685958,58.284826771363626],[-152.77599521712514,58.28510577198135],[-152.77535821618767,58.28338977219691],[-152.7825212159676,58.283338771095224],[-152.82075321874444,58.29018076472784],[-152.8212832204202,58.29321776443818],[-152.82529022244438,58.29704876355755],[-152.8454522242965,58.30135976015051],[-152.88404522642952,58.30708875380092],[-152.9124712257003,58.30719174940662],[-152.92114322884538,58.31326874765025],[-152.92418023313837,58.32112074664118],[-152.93102723700196,58.328389745083875],[-152.93677823802642,58.33051374404988],[-152.9371142393905,58.332974743828586],[-152.9364612404968,58.3349237437952],[-152.92560724345958,58.33968674514343],[-152.89542824743737,58.34530574941791],[-152.87057624278165,58.33574275391305]]],[[[-152.64397732788385,58.47651977934153],[-152.63334432553071,58.47186378130557],[-152.62218232855378,58.476707782705574],[-152.6109763283161,58.47577578450518],[-152.60558632450008,58.46877078581617],[-152.60560532265498,58.465501786035105],[-152.60968231922772,58.45961178580382],[-152.61956331410502,58.45097578486039],[-152.60452131521467,58.45225878710269],[-152.6118403131663,58.44895778619341],[-152.6063133121042,58.44682078719443],[-152.5991173122506,58.446753788313416],[-152.60037331618935,58.45379978764046],[-152.59590431616908,58.453560788348625],[-152.59305631720878,58.45527578867338],[-152.59270631925313,58.458885788482554],[-152.58483032151187,58.462533789454845],[-152.58107832480846,58.46820678965116],[-152.57736232541316,58.46911079016559],[-152.57041032448217,58.467147791375865],[-152.5645603224548,58.46329179254353],[-152.5555303217687,58.461670794052296],[-152.55391332061095,58.45954579444674],[-152.5576863165421,58.452498794339824],[-152.5568243160459,58.45157979453571],[-152.54523231890755,58.456136796022484],[-152.5440093206838,58.45923179600216],[-152.53671432059423,58.458747797165046],[-152.52095132510627,58.46604479911301],[-152.51505732576334,58.46694779996506],[-152.49994132462706,58.464266802488446],[-152.495795325405,58.46546280304992],[-152.4924293242844,58.46332880371577],[-152.48526532380228,58.46215980490474],[-152.48223432245157,58.45963280554502],[-152.4889953219702,58.45907580453521],[-152.49256631762464,58.451526804492175],[-152.49859231635457,58.44953880369297],[-152.5003803140818,58.44558480368332],[-152.50553831186446,58.44187680313524],[-152.5121093036446,58.427566803085185],[-152.53514429420758,58.41180880058565],[-152.53302429126379,58.40647480127469],[-152.531291290819,58.40560580160162],[-152.52269829112154,58.40576180292072],[-152.51863729282402,58.40861180335659],[-152.51146129247755,58.407676804530276],[-152.5088182942789,58.41076580473041],[-152.50378729568536,58.41304580535504],[-152.4996832943295,58.41045180616561],[-152.5058692897738,58.40261580573782],[-152.5022022887019,58.40054480644519],[-152.4965902915019,58.405282806993526],[-152.48962529237042,58.406521807987644],[-152.49444129065253,58.403675807434624],[-152.4941462888234,58.40040580770108],[-152.49798728703155,58.397383807310845],[-152.49847428470247,58.3932558075143],[-152.49640528471835,58.39319280783876],[-152.49497428584436,58.39513580792892],[-152.49281828457706,58.39278280842148],[-152.48822928619248,58.395458808950636],[-152.48982828779504,58.39838380850573],[-152.48729028936586,58.40106980871712],[-152.48184029052695,58.40289780943713],[-152.4747902894635,58.400694810676804],[-152.4703192903699,58.40211281127287],[-152.46771428994364,58.40123981173508],[-152.46972628761495,58.3971808116976],[-152.47626128682384,58.3960578107621],[-152.47773028431033,58.3916438108327],[-152.4815852820064,58.38770681050208],[-152.48011727933914,58.3828868110543],[-152.49410627503192,58.37581980936757],[-152.4963202733412,58.37290080922223],[-152.49282326912285,58.36521581028198],[-152.49285826710064,58.36160581052026],[-152.4948452655774,58.35897281039092],[-152.4941702619037,58.352377810940446],[-152.49594525993882,58.34894381089793],[-152.49359225781657,58.3450448115248],[-152.49407125585253,58.34155281168648],[-152.48952325541254,58.3405648124561],[-152.4862322520277,58.33436281338328],[-152.47768425132506,58.33272881481448],[-152.45907525834977,58.34448181689824],[-152.46269326153532,58.35033581594437],[-152.46028626277914,58.35245381617368],[-152.45430926281477,58.35225681711113],[-152.4483032595503,58.3461588184504],[-152.44551526340027,58.35291981842594],[-152.44955526667425,58.35894581739542],[-152.44292726675948,58.35880981842944],[-152.44236226802337,58.361042818366315],[-152.44999627109604,58.36686181679378],[-152.45347627127163,58.36732681622437],[-152.45101727370476,58.371562816319106],[-152.4401262751671,58.37369881785981],[-152.43377227332226,58.370130819082696],[-152.4345752715385,58.366981819170626],[-152.42796027110856,58.36592782026463],[-152.427566269382,58.36282782053424],[-152.41650526857057,58.36090082237436],[-152.41625426607135,58.35642582271435],[-152.41881426322664,58.351452822652874],[-152.41787626145305,58.34824182301398],[-152.411125262272,58.34941482397874],[-152.40262226002267,58.345027825588325],[-152.40516625321035,58.332949826007116],[-152.40862125012598,58.32757682583437],[-152.40333424893,58.32520782681055],[-152.4019742464966,58.32079082731745],[-152.40758624368542,58.315994826772645],[-152.41499724173184,58.312812825841654],[-152.41789123901398,58.30806482571386],[-152.4231472365969,58.303956825178325],[-152.42837123580844,58.3027688244511],[-152.43047523381475,58.29928282436064],[-152.42803423214193,58.29617482494676],[-152.42253023552422,58.302005825404635],[-152.4158832371392,58.30461582625592],[-152.40935823753995,58.305052827234434],[-152.40667123673632,58.303495827754155],[-152.40683723855554,58.30676582750885],[-152.4031252400721,58.30932582791026],[-152.38894924293947,58.31385782979571],[-152.37944924129152,58.31049783148908],[-152.37428324821653,58.32268683146921],[-152.36205625123256,58.327567833031374],[-152.3650632521627,58.32936083244638],[-152.36572325605326,58.33635183187511],[-152.3697762584635,58.34083583094785],[-152.37907925957845,58.34322582934914],[-152.3799952619301,58.34746982892242],[-152.3911542670716,58.35713482654788],[-152.38784926849422,58.3595348268976],[-152.3801012661295,58.354979828401866],[-152.3707292676442,58.35728682969611],[-152.36605826742542,58.35669783045807],[-152.35414126264834,58.347655832907336],[-152.35510226718213,58.355798832212685],[-152.36475127191426,58.36465883012574],[-152.3640142746566,58.36952282991329],[-152.36675727810288,58.375787829068486],[-152.36332928000851,58.37904182938027],[-152.36544928208437,58.38283282879774],[-152.35513628542478,58.38835083002316],[-152.3480962848665,58.38705883119937],[-152.34488128750834,58.39163083139006],[-152.34162228731876,58.39115583192619],[-152.3461192898628,58.395876830913735],[-152.35192429582222,58.40673082928695],[-152.3511712995138,58.413266828964794],[-152.35509429930042,58.41305282837187],[-152.35874530063793,58.41558582763656],[-152.35633830520067,58.42359582747155],[-152.34568630133447,58.416273829612166],[-152.33299730025405,58.41381983174146],[-152.3319832973762,58.40865783224446],[-152.32805529819927,58.40995783276546],[-152.32263629712384,58.407817833747956],[-152.3255342948687,58.40392583356022],[-152.32251229428962,58.40276883410536],[-152.3205032925297,58.399551834632],[-152.31643429403118,58.40205483509423],[-152.3173732950761,58.40395383482156],[-152.3115532937465,58.401344835897305],[-152.30630129482225,58.40304083659676],[-152.3008812942913,58.401870837514046],[-152.30234029271824,58.39913083747159],[-152.28630428793235,58.38994284056842],[-152.28488328802652,58.39005184078124],[-152.2862172903791,58.3942978402906],[-152.29875529639844,58.40553283759784],[-152.3098612990967,58.41079483552609],[-152.30800730320055,58.418015835329626],[-152.31005830377003,58.41911383493832],[-152.3068903077361,58.42603083496563],[-152.30173430935784,58.428697835585524],[-152.29871330819552,58.42650783620012],[-152.30000330559093,58.421932836306695],[-152.28821030670332,58.42342183803329],[-152.2845473058116,58.42168583871662],[-152.28839130450643,58.419524838266014],[-152.27750030154138,58.41380384033535],[-152.28458429768833,58.407241839677454],[-152.28003529720357,58.40619184045195],[-152.27464929908854,58.40932384107643],[-152.26204329915248,58.40891984305502],[-152.26527229644267,58.40423084286869],[-152.27397129285387,58.398199841925056],[-152.27523029118387,58.395277841925655],[-152.26895429028545,58.39341984302135],[-152.26173729175449,58.395739843983314],[-152.25609529132095,58.39473684492359],[-152.25378028924362,58.39094184553547],[-152.2471612888941,58.39004884661959],[-152.24342728382612,58.38086484781082],[-152.24019128305318,58.37935484841236],[-152.24024328125384,58.37614884861825],[-152.25179127992502,58.374249846958065],[-152.26663828129398,58.37729984445719],[-152.27112528335653,58.38116184350482],[-152.2722622854251,58.38489584307911],[-152.2813642861051,58.3864828415645],[-152.27895128335692,58.38148484227214],[-152.27455528158467,58.3781438431758],[-152.2744792803977,58.37602384332913],[-152.26898127938406,58.37398984431594],[-152.2643712774869,58.370415845267885],[-152.26365827599088,58.367716845558625],[-152.25932227546744,58.36660484630368],[-152.25560127313557,58.36228984716751],[-152.257321270567,58.35777384720299],[-152.26552626850912,58.35443484615701],[-152.26471626643905,58.35070284653156],[-152.26138326561028,58.34908484715498],[-152.25402026841894,58.35380184797888],[-152.2538502670752,58.35139384816586],[-152.24854126705407,58.35113884900404],[-152.24739626528176,58.34792484939562],[-152.2374732605463,58.33905385152187],[-152.2365612616241,58.34094385153685],[-152.23089626247213,58.34222985232716],[-152.2361592640683,58.34529785130852],[-152.23995826694008,58.35058485036829],[-152.23768127016191,58.3562478503427],[-152.23980927168952,58.359062849825634],[-152.23465027349516,58.362076850422596],[-152.22506127112035,58.35744685221483],[-152.21697026672527,58.34926785401151],[-152.20822426558118,58.34686985552382],[-152.1996402596624,58.33594085757936],[-152.1972482597071,58.335924857950104],[-152.20002226410966,58.34390885698962],[-152.1969742677305,58.35025785703819],[-152.20250026784674,58.350687856154735],[-152.20506626897887,58.35281385561638],[-152.20142127046222,58.35531685601332],[-152.19587927069787,58.35551485685739],[-152.18532726862898,58.35139585876379],[-152.1846812714627,58.35643185852863],[-152.17505127351504,58.359711859799866],[-152.17639227531603,58.3629808593751],[-152.18158727566663,58.36381385851589],[-152.1830702769871,58.36622985812569],[-152.1769892769758,58.36596685908395],[-152.17292027830527,58.36817685956655],[-152.17438427965698,58.37064685917556],[-152.17195928086042,58.37269685941437],[-152.15593728524934,58.379886861415784],[-152.1405422845157,58.37797086392582],[-152.13769928505073,58.37881286430971],[-152.13885128647536,58.38139786395971],[-152.1376042876224,58.38339286402023],[-152.13996528835017,58.384782863562386],[-152.1403572895325,58.386904863360655],[-152.1346382913828,58.38997586404187],[-152.1299932905342,58.38828186487363],[-152.12927929511685,58.39641486444395],[-152.1253612951929,58.39639686505182],[-152.12249029363568,58.39351186568774],[-152.11772929308145,58.39233886650279],[-152.11486228879195,58.38458586746131],[-152.1187552892359,58.385528866795916],[-152.1215852862862,58.38038286669951],[-152.12468428497544,58.37816786636696],[-152.12035528437838,58.37693386711882],[-152.1218242828404,58.374248867069774],[-152.12586928215268,58.37318086651473],[-152.12388128036085,58.369906867039695],[-152.11917328138236,58.37154486765953],[-152.11605528044169,58.36974486826138],[-152.09045828261677,58.37262887203142],[-152.08927227984842,58.367644872545476],[-152.0911952781383,58.36466787244516],[-152.0976322773791,58.36356287152245],[-152.0981542753167,58.35990187168419],[-152.10764726849845,58.34809387099869],[-152.10729426645364,58.34442587129648],[-152.1113762645162,58.341121870884294],[-152.12218226287476,58.33860986937978],[-152.119552257991,58.3297708703729],[-152.11462025686524,58.32756287128188],[-152.11414825485625,58.32394887159451],[-152.1232652519631,58.31912587050513],[-152.1254462489152,58.31375187052448],[-152.12453924710738,58.31047687088201],[-152.1317912446395,58.3063388700357],[-152.1404992353676,58.29005086977103],[-152.14144923043787,58.281236870209305],[-152.1471632223859,58.26699287027237],[-152.1449252186716,58.260223871067105],[-152.14725720611685,58.237710872201305],[-152.14320020161688,58.22943787337612],[-152.14214219544172,58.2182558742811],[-152.13710619432877,58.21604787520457],[-152.13385719474118,58.216663875664885],[-152.1308571968261,58.22030787588627],[-152.13009419982825,58.22569387564673],[-152.1259052018456,58.22916687606306],[-152.1322462081152,58.24071787431859],[-152.11592621036357,58.24412587661181],[-152.1165992128306,58.24859487621165],[-152.10798421964773,58.26052587675121],[-152.1112682215617,58.26409687600753],[-152.1078092238569,58.268088876277034],[-152.1076562306229,58.280240875495494],[-152.0996932345014,58.286894876284755],[-152.09963323881155,58.2946278757817],[-152.09020724141251,58.29892687695356],[-152.08390124472487,58.30462187755099],[-152.08236424772844,58.30994587743604],[-152.07009525083106,58.31503087899607],[-152.06414125051865,58.31424187996859],[-152.06096824875365,58.310957880676334],[-152.05772724842956,58.310252881223995],[-152.06037023984615,58.29496488182668],[-152.0670792349044,58.28635488135946],[-152.07213222820474,58.274516881361926],[-152.0720352252077,58.26912688173346],[-152.06517322380225,58.266335882977856],[-152.05944822597593,58.2700228836184],[-152.0563652245349,58.267313884273584],[-152.053044226376,58.270495884576135],[-152.0548812292143,58.27566688395056],[-152.05364123022488,58.27743488402527],[-152.0483982312153,58.27901288473095],[-152.04482523392807,58.283747884970175],[-152.03584123612788,58.28735388612011],[-152.030361240185,58.29442588649971],[-152.02287624747547,58.30721388681229],[-152.02442824920948,58.310379886363286],[-152.01784325098464,58.31331088718776],[-152.0142572538338,58.3182778874143],[-152.01381525620963,58.32251488720297],[-152.00661026213348,58.3328428876355],[-152.0072212632434,58.33485088740836],[-151.9990162648927,58.33749188850325],[-152.00068226633624,58.340134888071006],[-151.99579826876504,58.34429288855238],[-151.9879342700509,58.34629588963687],[-151.98619227239294,58.35041488963472],[-151.98180227111723,58.347971890474945],[-151.98146726904153,58.34425089077213],[-151.9735392668989,58.34012589227053],[-151.97498626367053,58.334407892423485],[-151.962157262026,58.33098989463297],[-151.97021925891246,58.3257188937332],[-151.96544024784987,58.30572989578881],[-151.96669724402628,58.29892189604269],[-151.96530424168478,58.29467089653794],[-151.9772932375541,58.28770589514388],[-151.98143423461394,58.28258289484158],[-151.97153423331005,58.279871896549736],[-151.96412422743953,58.269049898406884],[-151.967209224167,58.26328189831015],[-151.96803522042137,58.256575898623964],[-151.97326421969885,58.255470897889225],[-151.9775072170134,58.250796897541534],[-151.98894821299868,58.243997896222936],[-151.9751932084911,58.23536289891505],[-151.97207520596987,58.23070289970306],[-151.98614919629298,58.213774898645426],[-151.99537419312142,58.20839589757615],[-152.0067771918482,58.20652689594025],[-152.02898119285877,58.209194892338644],[-152.04614318849437,58.20196789016822],[-152.04893918622486,58.197973890000576],[-152.05780418353345,58.19344988893204],[-152.0584671807,58.18835188916662],[-152.05446517842543,58.184082890065504],[-152.0442831792054,58.185102891568306],[-152.04553517756992,58.18219189156733],[-152.06319616886765,58.167115889840055],[-152.0811041614007,58.15427588792849],[-152.1122261575786,58.14855988351118],[-152.11552215865365,58.150639882865775],[-152.11427315997366,58.15298488290296],[-152.11540016172185,58.15619988251638],[-152.12319916347454,58.15968488108397],[-152.13780416263702,58.15874387889568],[-152.14097716425454,58.16180187820394],[-152.14199917153908,58.17503987716885],[-152.14583117289322,58.177643876405604],[-152.15443517383716,58.17969487494331],[-152.1601791734141,58.17915787409343],[-152.17369217005393,58.17361487237836],[-152.18432016855172,58.171320870892636],[-152.2003071713769,58.17708286804583],[-152.20193517729666,58.187862867078195],[-152.22319618065242,58.194795863339124],[-152.2244601848114,58.20236586264031],[-152.21984818708694,58.20628986309019],[-152.20750918736152,58.20628486499358],[-152.20636318922357,58.20960186494969],[-152.20827419033114,58.21167986451658],[-152.20372119064137,58.21205586519389],[-152.21957819471325,58.220049862216115],[-152.2174611965951,58.22335986232229],[-152.2206031992988,58.22836486150447],[-152.22020620159338,58.23248686129114],[-152.23517120050315,58.23113085907257],[-152.23602620388897,58.23726985853143],[-152.23385120730106,58.243329858463255],[-152.24267620576,58.240913857262534],[-152.2430342079758,58.2449208569401],[-152.23974120947585,58.24748785727732],[-152.23432520955103,58.24740185811881],[-152.23326921173606,58.25129385802266],[-152.2398982142122,58.256021856684114],[-152.23818021724037,58.26140085659096],[-152.23983321941074,58.26537285607089],[-152.24622622237288,58.27096085471123],[-152.25333922347346,58.273230853461364],[-152.25435322233378,58.271223853438684],[-152.24674521640017,58.260239855346114],[-152.2451582124238,58.253017856072574],[-152.252249210435,58.24972785519747],[-152.25318120837656,58.24605885529815],[-152.25711220750125,58.244643854785856],[-152.25695920884118,58.24705085464912],[-152.26392921086347,58.2509798533112],[-152.26354821240278,58.253735853186136],[-152.26856721433447,58.257419852165555],[-152.27603621450132,58.2580288509718],[-152.2887322170487,58.26313884867069],[-152.27339920892092,58.24787285205691],[-152.26538020625713,58.24274285363683],[-152.26532320457372,58.23970685384823],[-152.28065020568576,58.242344851306996],[-152.28543020855267,58.24770785021119],[-152.2966122072064,58.24574784861643],[-152.30078220867867,58.24857384778403],[-152.3257102075549,58.247593844002616],[-152.3199042060878,58.24470684509181],[-152.31887320441865,58.24165584545495],[-152.32573119947537,58.23303284497359],[-152.31280219742777,58.22879684725154],[-152.3100961940821,58.22264684808022],[-152.31569619104738,58.21740384756682],[-152.3217481911093,58.21776984660907],[-152.3311201926588,58.220961844949976],[-152.33127619106875,58.21809784511766],[-152.32518718808925,58.212460846433856],[-152.32925618597258,58.20880884605057],[-152.328638184687,58.20645984630304],[-152.31869318505417,58.206704847820056],[-152.3185241870214,58.21025184760907],[-152.31447218859532,58.212924848055174],[-152.30959418898215,58.21341884877432],[-152.30435918699965,58.20961884983572],[-152.29770018589986,58.20735385101388],[-152.29013318259734,58.20106985260022],[-152.28365017528637,58.187577854500354],[-152.28360017389218,58.185052854676535],[-152.2874511717214,58.181283854334495],[-152.2869641696769,58.177561854658116],[-152.29343817011343,58.178621853589604],[-152.31179717375358,58.18597985026862],[-152.3223521746418,58.188030848504496],[-152.32405517552615,58.18970284813034],[-152.32260717660287,58.19158984822732],[-152.32465217696884,58.192337847861985],[-152.33007117654074,58.19179184706325],[-152.32987817572044,58.190299847192726],[-152.33650317434342,58.18808784631968],[-152.34438017455804,58.188809845057285],[-152.34041517774853,58.19441384529337],[-152.35102318081834,58.20041484325643],[-152.3589851817263,58.20239484189633],[-152.35657917886107,58.197111842621034],[-152.35986617761966,58.19500684225522],[-152.35945817658,58.19310884244543],[-152.3682261761394,58.19268584112226],[-152.37061817523568,58.19115284085626],[-152.36384517392253,58.18848784207871],[-152.35347117411325,58.188390843684125],[-152.35221617249104,58.18540184407766],[-152.3259751691201,58.17818784860428],[-152.32234916735922,58.174845849386664],[-152.325115164992,58.17067384923924],[-152.33041916491362,58.17075584841646],[-152.33026816235397,58.166110848750364],[-152.32374216050022,58.16247484999891],[-152.31222715906404,58.15938585197936],[-152.31853015745114,58.15672585118602],[-152.31784215531556,58.15282285155278],[-152.32773815637222,58.15515684987261],[-152.32900215419764,58.151264849938144],[-152.31439615141124,58.14559185256673],[-152.31429915466424,58.15149185218757],[-152.3108601544815,58.1510158527489],[-152.30419615714573,58.155569853471384],[-152.304570155688,58.152940853589214],[-152.3018121540063,58.14977385422542],[-152.2884521530494,58.1474788564364],[-152.2802611496201,58.140911858136064],[-152.26513214711417,58.13573286081097],[-152.27362614136212,58.12563186017642],[-152.28755514085915,58.125296858054476],[-152.29116814229374,58.128055857314074],[-152.31709114084478,58.126508853426465],[-152.31457113872295,58.1225448540792],[-152.31938313638756,58.1184998536087],[-152.32913713489108,58.116188852261715],[-152.3340681320167,58.11116685183853],[-152.33215013107915,58.109378852253236],[-152.33863012700994,58.102243851733014],[-152.34294412679358,58.10203285108327],[-152.34379513124597,58.110176850407825],[-152.35213413339773,58.114447848838736],[-152.3525291348068,58.11702884860535],[-152.35064513639122,58.11983084870795],[-152.34354313619664,58.11917484984494],[-152.34296113737457,58.121292849792844],[-152.35409314032117,58.12712484768923],[-152.36650813996516,58.127007845785776],[-152.3799581411866,58.12980484352799],[-152.3857721375621,58.12346484305792],[-152.39316213507024,58.11925084220295],[-152.40177913564398,58.1206668407817],[-152.4092241396397,58.128255839126815],[-152.40546814318787,58.13454283928327],[-152.40686414359834,58.135348839014455],[-152.41425714100916,58.130963838170594],[-152.42402313903114,58.12779283688008],[-152.42887413907977,58.128092836113154],[-152.4320171424464,58.134349835209264],[-152.4363161434855,58.13642583440814],[-152.4351911454034,58.13986083435042],[-152.44506114755342,58.144197832539554],[-152.4468291462201,58.1418538324248],[-152.4440591445439,58.138687833064054],[-152.45403114239886,58.1352278317614],[-152.45126914044258,58.131550832433824],[-152.45326013844291,58.12800283236585],[-152.4579311370468,58.12566983180377],[-152.46384413804805,58.127750830753754],[-152.48269513872404,58.1298138277136],[-152.4859631377031,58.12810282732593],[-152.48893813426452,58.121980827280034],[-152.50714113031952,58.11561382490797],[-152.5148151294211,58.11432182381447],[-152.51748313055532,58.11650582325673],[-152.5225971281993,58.11244682274361],[-152.5318271197122,58.09740082233835],[-152.52905711779425,58.093779823008425],[-152.5315681163234,58.09121082279564],[-152.53040911446377,58.08776682320595],[-152.53568211512678,58.089213822297644],[-152.53903311464182,58.08848082183174],[-152.53732411311046,58.08560982228822],[-152.5458681115919,58.08322582113542],[-152.54972711253697,58.08512482041386],[-152.5544821121423,58.08462081971691],[-152.5572581130824,58.08646181916571],[-152.56010211697222,58.09368581824068],[-152.55803211856662,58.096498818369],[-152.5593971203887,58.099881817930665],[-152.56508512157347,58.102299816892604],[-152.56709812404085,58.10688681627306],[-152.56351012601277,58.1103148165934],[-152.56412512734985,58.11277781633243],[-152.56961612832367,58.11480081535096],[-152.5650711350773,58.126882815233984],[-152.56104713753643,58.131171815563526],[-152.56631313801253,58.1322768146784],[-152.5660731396589,58.135258814513755],[-152.56315214048297,58.136623814871264],[-152.5617681393825,58.13456081522361],[-152.555169139945,58.1352838161903],[-152.5517801426769,58.14009481638706],[-152.55629114361128,58.14199681556427],[-152.5612091461141,58.146765814485036],[-152.55751815387458,58.160683814112815],[-152.56072915531144,58.163435813432436],[-152.55990515947215,58.17094281305211],[-152.55615616294304,58.17706281321597],[-152.56286416323005,58.177886812126886],[-152.5625091646615,58.180463812007446],[-152.55859916618004,58.183036812435965],[-152.56050416831818,58.18699481187493],[-152.57010216862716,58.18798981032879],[-152.5689991709007,58.192054810224],[-152.56629717080884,58.19176581065984],[-152.5644741695212,58.189352811103895],[-152.56282117114293,58.19221281116513],[-152.56889817622522,58.20168280958838],[-152.56745417841447,58.20557580954772],[-152.55607817982585,58.207611811163396],[-152.5546281823344,58.21207981108469],[-152.56178518172123,58.211295810034706],[-152.5620761832359,58.21404580980371],[-152.57477318680498,58.22106880737151],[-152.57554318577232,58.219238807376584],[-152.56911718243146,58.21291180879512],[-152.57419617578395,58.201125808809586],[-152.57160017628672,58.201916809156025],[-152.5723901744014,58.19854280926255],[-152.57741517082903,58.19230780891008],[-152.58349916932204,58.18985780813853],[-152.58470816767638,58.186933808149995],[-152.58804616822854,58.18808580755789],[-152.58155717506665,58.20016380774023],[-152.5849981764115,58.20275280703478],[-152.58793917482274,58.200013806766975],[-152.59008117648116,58.20311080622734],[-152.59395917730393,58.2047758055168],[-152.59853617557715,58.201862805008886],[-152.59554217314977,58.19733480577683],[-152.5939791690071,58.18976680653004],[-152.59793116533268,58.183294806359235],[-152.59740515699778,58.16816680746441],[-152.59906815465078,58.16398680749141],[-152.60416315389716,58.16285380678351],[-152.60596715542877,58.165714806312],[-152.60921215538178,58.16577880580799],[-152.6101971545712,58.164353805752846],[-152.60884015116224,58.158106806384986],[-152.60468414753365,58.15132980748359],[-152.6082491399685,58.13775180785427],[-152.60257013786818,58.133672809004246],[-152.61040613313983,58.12543480835621],[-152.6086111303479,58.1202718089819],[-152.61512412795872,58.11622380825389],[-152.61657312512276,58.11112680837612],[-152.62201512089644,58.10367980804357],[-152.6217331179167,58.098235808455556],[-152.631201112283,58.088400807665906],[-152.631235108734,58.08192580809928],[-152.62761110681282,58.078250808905345],[-152.6287001057486,58.07635780886598],[-152.6417601032333,58.07237180712887],[-152.64447910187974,58.070025806869886],[-152.65708810078428,58.06861380502801],[-152.66429510142143,58.070115803818645],[-152.68727310863378,58.084367799319615],[-152.68890310635982,58.08029379934572],[-152.68440710459055,58.07685080027049],[-152.67516310303637,58.0735768019136],[-152.65574209737184,58.06231380566193],[-152.65682309665274,58.061049805581604],[-152.6670600963075,58.0608988040189],[-152.69982509284932,58.056121799309366],[-152.70685208963656,58.05057779860665],[-152.72244209137142,58.05449479594564],[-152.72795808935385,58.05106679533151],[-152.76207909141675,58.05648078972185],[-152.7651600957594,58.06457078869739],[-152.76608610175717,58.075575787805235],[-152.76273010466534,58.080724787969906],[-152.7632421084806,58.087713787415],[-152.76507610818308,58.08725978716403],[-152.76508710730184,58.08565178727204],[-152.76927710706775,58.085426786643374],[-152.77017210312403,58.07826978699375],[-152.7796711010217,58.0748897857644],[-152.78828310088974,58.075066784428984],[-152.7946371026689,58.07862578320991],[-152.79970310294166,58.07937078238064],[-152.80335810193674,58.07771378193203],[-152.809083102443,58.078917780970066],[-152.80413210075608,58.0755947819577],[-152.8005711009759,58.07582278248942],[-152.79206209947495,58.07266578401215],[-152.77949409576226,58.06526978644761],[-152.78014709348545,58.06113878662903],[-152.777927087655,58.050364787704495],[-152.77137608597698,58.04697578894155],[-152.76270007950225,58.034697791110204],[-152.75497107620401,58.02827979273398],[-152.75412707460322,58.02530379306601],[-152.75939907399487,58.024442792315455],[-152.76134207288305,58.02249779214965],[-152.7615940689103,58.01522179260635],[-152.7577210674761,58.01240279339276],[-152.76495006432367,58.006964792653584],[-152.77551406224006,58.0036507912584],[-152.77949605717063,57.99452979126894],[-152.79067205566136,57.99229978970646],[-152.79159805624383,57.99341578948834],[-152.7855440576177,57.995645790265094],[-152.788793058593,57.997596789633626],[-152.79950505709442,57.99536578814227],[-152.80554605814766,57.997596787063515],[-152.80927005789638,57.99731778651118],[-152.80928005653092,57.99480878668074],[-152.8176550567621,57.99564478533903],[-152.8251070551976,57.99313578436735],[-152.830692055048,57.99313578351066],[-152.84091705674476,57.99675978169466],[-152.85070205496476,57.99397278038414],[-152.8553510551422,57.994529779632984],[-152.8553470557489,57.99564477955725],[-152.86139205649553,57.99731777851562],[-152.86976805657125,57.99787377719289],[-152.8768090587929,58.002307775809314],[-152.88757005849664,58.00230177415899],[-152.89520706015918,58.00573877275209],[-152.89638406143854,58.00814777240649],[-152.90132206192692,58.00929277157047],[-152.90283306088867,58.00746177146397],[-152.91951006248712,58.011237768646744],[-152.92036406458737,58.015136768248155],[-152.92552706410035,58.014503767499434],[-152.93296406676535,58.01977176599688],[-152.941034068101,58.02263176456237],[-152.94211106976056,58.0257307641842],[-152.93630007126268,58.02819076490723],[-152.94308707176145,58.02944976377906],[-152.9476030737933,58.033404762814456],[-152.95470207193705,58.03036276193396],[-152.94813307146597,58.02916476302444],[-152.94673007053498,58.027385763361806],[-152.9562120707052,58.02818076185219],[-152.96472107399717,58.034650760101606],[-152.9690220744422,58.03568675937035],[-152.96816907715635,58.040616759162354],[-152.98044907680503,58.04060175727842],[-152.98463307574633,58.03887675675483],[-152.98345007440784,58.036362757109394],[-153.0063970780334,58.04418775304886],[-153.01059807731653,58.04309175247944],[-153.02061107818602,58.04520275079695],[-153.0361520834344,58.055619747693136],[-153.0369200863862,58.061061747199936],[-153.04750008899052,58.066376745208665],[-153.0572220926508,58.073576743218865],[-153.0639730995405,58.0865177412882],[-153.0765071044176,58.096077738702036],[-153.0757661063538,58.09957173857432],[-153.07038910645085,58.09946673940777],[-153.06801910834227,58.10279273954219],[-153.06101210845551,58.1026327406298],[-153.05261610983518,58.104710741776515],[-153.05779110983897,58.104987740962216],[-153.04541111328382,58.110622742475606],[-153.0356021139151,58.11126374393887],[-153.0390661156048,58.11452274318154],[-153.04962311511028,58.114170741583315],[-153.06871111250354,58.110416738909024],[-153.08143811209513,58.1103397369584],[-153.09525911331633,58.11329273463006],[-153.11358611213706,58.112111731895475],[-153.11973311251683,58.11312973088024],[-153.14838810778235,58.10602372696969],[-153.15357010837565,58.10738272607943],[-153.15466610988497,58.11019372571599],[-153.16135210946263,58.10978172471731],[-153.1621291111341,58.11287072438345],[-153.1667991135069,58.11744572334828],[-153.1661951165129,58.12288972306325],[-153.1676261191778,58.12781972250107],[-153.18105212203784,58.13374772002565],[-153.18754512243348,58.13481771895315],[-153.1901681251225,58.13985171820018],[-153.20055912609476,58.142181716440646],[-153.2002581282768,58.146133716212084],[-153.20969413031546,58.15035071446804],[-153.21016513329562,58.15579271401684],[-153.21860913439104,58.15824071254814],[-153.22373013637326,58.162119711490476],[-153.22006813730758,58.16361771194945],[-153.22205113986334,58.16836571131387],[-153.21219514538424,58.1778497121698],[-153.21244314790766,58.18243971181225],[-153.219178149399,58.18550871056232],[-153.21800315086222,58.188097710562914],[-153.20867515539274,58.195801711462096],[-153.20891415709153,58.19889171121025],[-153.20525815907376,58.202283711537],[-153.20282216234946,58.20808171150848],[-153.19557416251075,58.20798271263114],[-153.17012316808746,58.216704715942996],[-153.16426116763435,58.2155717169245],[-153.15005416395056,58.2081497196273],[-153.13758616258752,58.20501972176394],[-153.1324041639191,58.207154722413634],[-153.12495116398637,58.206881723579954],[-153.12104716303082,58.204945724315344],[-153.09053016148079,58.200532729319214],[-153.08415116195502,58.201056730265016],[-153.0815411602901,58.19790573088502],[-153.0739481589643,58.19510773224738],[-153.06086715900713,58.194502734303114],[-153.03668316231474,58.19923673769919],[-153.03343616392635,58.20198573800919],[-153.01677916264092,58.19879974079393],[-153.01038015833322,58.19066974233994],[-153.00483515267643,58.18013374392019],[-153.00558415003013,58.17537374413324],[-152.9957231472192,58.16976874603711],[-152.99400714710896,58.16948074632088],[-152.9923921496501,58.17400774625759],[-152.99327315199255,58.17830074582619],[-152.99956415649322,58.186780744273086],[-152.99459715793293,58.189134744875474],[-152.9957881587216,58.1906247445895],[-152.99330516050287,58.193723744758],[-152.99049716077536,58.19407374516636],[-152.97449315993538,58.19173574779133],[-152.97512515801864,58.188295747931],[-152.9729681563097,58.18508974848379],[-152.9472351516042,58.17525375312188],[-152.93999415152186,58.17473875427166],[-152.92627014890792,58.169305756757375],[-152.91707714837304,58.167873758270765],[-152.90660214948443,58.16936475978054],[-152.87290914576974,58.16094576554337],[-152.8644771438874,58.157110767103724],[-152.85055314303523,58.154875769399595],[-152.84958514504973,58.15848576930143],[-152.8708431472456,58.16352176568475],[-152.88846015100017,58.17120876244635],[-152.89687115130317,58.17217776108519],[-152.91644015398674,58.17802275767159],[-152.9167581552065,58.18024975746983],[-152.91449015678998,58.18300575762971],[-152.92682016052285,58.19038775522416],[-152.927576162784,58.194520754823614],[-152.96217516158373,58.1940947495256],[-153.00264316726026,58.20643374244398],[-153.00545016816397,58.20821274188885],[-153.00492216969815,58.210960741780674],[-153.00060017026735,58.21176874239053],[-152.9981151716395,58.21412274261096],[-153.00700017566118,58.22184774070956],[-153.04328518015717,58.23183973442982],[-153.05433918036974,58.232796732660645],[-153.07415118257458,58.237808729261516],[-153.0893721888541,58.24993472607647],[-153.1001201917697,58.25575572401681],[-153.10243119424842,58.26034472334274],[-153.09930519640437,58.26406572356667],[-153.09055719943464,58.26906572456873],[-153.0889472015569,58.27280272455798],[-153.0804912018055,58.27280872586125],[-153.06989620435616,58.27684772721523],[-153.0693752066323,58.28091672701382],[-153.06181020937416,58.285455727866385],[-153.06335121136772,58.28912072737502],[-153.0570832147376,58.29485372794515],[-153.04745021646096,58.29745172925127],[-153.04767521836453,58.300883728979144],[-153.04476422173968,58.306794729019565],[-153.0235012186962,58.30023373275352],[-153.00441121918675,58.30013673570545],[-152.99323821734404,58.2962557376972],[-152.98237721277786,58.28749573997697],[-152.96026121206998,58.28510174355327],[-152.95712121305186,58.28670874392695],[-152.94129220955102,58.27961474685721],[-152.93706320941845,58.279163747540395],[-152.92275021154143,58.28226474953488],[-152.91744921118237,58.281353750415064],[-152.91668920947998,58.27825375074548],[-152.91907020708862,58.27406975066604],[-152.90530120626312,58.27189675293887],[-152.8989202074243,58.273668753801296],[-152.89393020654694,58.27184175469647],[-152.89295820071723,58.26129675557047],[-152.88841320272044,58.26467875603902],[-152.89003920745097,58.27327575519816],[-152.88623520793885,58.273964755737566],[-152.88580720536976,58.26931975612252],[-152.87973220649187,58.27103875694131],[-152.87725020828088,58.27413575711168],[-152.88861021274784,58.28273375476894],[-152.87940021625303,58.28857975578847],[-152.84938121487428,58.28462276069154],[-152.84299921358055,58.28198376185696],[-152.8411522120713,58.27917876233413],[-152.84027621499104,58.28438676211239],[-152.83604021574826,58.28554076268697],[-152.81848921472192,58.28283976557977],[-152.81600621587094,58.28478476582972],[-152.80777021606147,58.284727767104464],[-152.78685021451227,58.280930770591986],[-152.78155921213695,58.27640377171756],[-152.76984719929862,58.25272577514149],[-152.77343719668912,58.248194774897414],[-152.76155119379547,58.24240677712523],[-152.75949619206557,58.23918777766183],[-152.76147218918692,58.234088777705196],[-152.75725518872702,58.23305677842559],[-152.75498018964132,58.23459777867117],[-152.75624719313475,58.240960778041654],[-152.76401019741343,58.24904777629268],[-152.75993820578978,58.263942775903914],[-152.74518820802106,58.26725477795326],[-152.73621120657145,58.26421777954509],[-152.71802720563608,58.26167078252367],[-152.74138120984387,58.27035377832903],[-152.7677022119891,58.27547177391911],[-152.77168021443393,58.280059772992054],[-152.76332721583168,58.282172774136434],[-152.77023621970207,58.289460772572596],[-152.76968622156627,58.29278377243046],[-152.77810822619537,58.30150177053503],[-152.7747402283593,58.30522477080047],[-152.7758092303379,58.30882677038935],[-152.77024323511768,58.31713377068086],[-152.76253323631238,58.31890677175034],[-152.74203123678473,58.31877577492502],[-152.7507082374863,58.32044677347108],[-152.77218023724166,58.321034770115254],[-152.77824623813774,58.32293176904879],[-152.7777002396855,58.325679768945314],[-152.77942724088882,58.327918768525656],[-152.79502224629715,58.33835576540315],[-152.80446424640155,58.33899876390064],[-152.80597224760652,58.34122876351508],[-152.80402224957948,58.344665763581084],[-152.80682925065562,58.346726763006394],[-152.80379425192473,58.34885076332979],[-152.79303525339503,58.350961764847426],[-152.785969252911,58.349755766021744],[-152.7726442501578,58.344190768460926],[-152.76537224993388,58.34344176963552],[-152.76222924863944,58.34097477028964],[-152.75084424694847,58.337404772292274],[-152.74248324777795,58.338491773509645],[-152.73682724939673,58.34112077420387],[-152.72575924965085,58.34105177591861],[-152.72487725044087,58.34242377596132],[-152.73181425132037,58.344325774759824],[-152.73997325037087,58.3430137735888],[-152.74896425100007,58.34456677209368],[-152.7480832531363,58.34834677197159],[-152.7681332590529,58.359882768085434],[-152.7710492609984,58.36349876738759],[-152.77517626169092,58.364933766651596],[-152.77406926278024,58.36682676669318],[-152.77679626337834,58.36802576618978],[-152.79829426348437,58.36924876278336],[-152.8103502626463,58.3683337609828],[-152.81654626357454,58.37029175989088],[-152.819044265078,58.37309775931262],[-152.83925626418045,58.37247775623127],[-152.8267362668617,58.376655757879846],[-152.82337226839522,58.379229758223396],[-152.82423326949956,58.38124275795231],[-152.85347126921516,58.38215975336981],[-152.85596127245583,58.388063752579484],[-152.86704127241043,58.38852575083483],[-152.8713822754713,58.39419774977429],[-152.87791727789443,58.39883874844497],[-152.88312827865104,58.40044374752893],[-152.8888822835103,58.409384746024394],[-152.88637928425416,58.41058574632899],[-152.86496128133925,58.40434075007032],[-152.8441942810685,58.40284275338488],[-152.83647528147594,58.40319275455452],[-152.8348402826787,58.405255754665916],[-152.81222828228866,58.40346475828575],[-152.799925284391,58.40661575997265],[-152.79230328684486,58.410618760877675],[-152.7777042886816,58.413188762960125],[-152.7756462875798,58.41112876341949],[-152.78185828603185,58.40866976262679],[-152.77316828461713,58.40573476417179],[-152.77166928102616,58.39926576484605],[-152.7784372784324,58.39496676409339],[-152.77529227674998,58.39181676479517],[-152.77888127539737,58.38957676439345],[-152.7783572734524,58.38608276471348],[-152.75790627505128,58.387957767747444],[-152.74973227915459,58.39488476853818],[-152.75549927897262,58.394834767649684],[-152.76470828098383,58.398857765950325],[-152.7655612839812,58.40423876545064],[-152.7689192864674,58.40882676461755],[-152.76891128853066,58.41249976436753],[-152.78445128985402,58.4155987617513],[-152.78192929198386,58.419267761890545],[-152.77453029243804,58.41972176300426],[-152.77112729803702,58.429516762860644],[-152.77459129891665,58.43124576220633],[-152.77153230147735,58.43565076237826],[-152.76738530320162,58.43851676282414],[-152.75922430274,58.43730776416996],[-152.74952630476784,58.44044976545629],[-152.74180130477293,58.44009276667643],[-152.7404923054536,58.44123976680069],[-152.74374530669076,58.44359076613644],[-152.74209530847784,58.44668576618025],[-152.74262530985118,58.44914876592991],[-152.7257463116766,58.45159176837638],[-152.72462731442332,58.4564127682205],[-152.72973631425887,58.45636176743295],[-152.72951631526712,58.45813976734557],[-152.73375931567017,58.45905476662594],[-152.73386631657394,58.460662766499404],[-152.72327931781456,58.4623637680229],[-152.7221083157129,58.45858176846235],[-152.71851931509931,58.457324769104076],[-152.72137531185788,58.451707769045306],[-152.71878031002052,58.44832476967802],[-152.71104431083296,58.44940377080214],[-152.71259230920973,58.44659477075419],[-152.71019930888087,58.445898771172075],[-152.70954830773826,58.4438397714133],[-152.71370230598495,58.44092077096939],[-152.71294930474488,58.43868277123868],[-152.70270930597715,58.44039177270734],[-152.70219730356882,58.43608977307989],[-152.69466029599602,58.422275775188325],[-152.6966532922399,58.41568677532926],[-152.69176429194792,58.41493877613659],[-152.6810822942777,58.418585777540976],[-152.66780229541826,58.419997779499965],[-152.67831029853807,58.42603377746274],[-152.67655929987006,58.42832077757789],[-152.67101029997588,58.428250778441516],[-152.6628542985095,58.42526577990705],[-152.66371730010005,58.4281337795781],[-152.67392830164815,58.43135877777812],[-152.6709723023027,58.43238477816587],[-152.66832730588555,58.438627778150064],[-152.67179230660435,58.4400647775157],[-152.66479730903717,58.44406077832657],[-152.666198310263,58.44630177795715],[-152.670554309898,58.44585577731302],[-152.6728263112582,58.44837577678952],[-152.66886031490944,58.45467077697479],[-152.6700063201185,58.463961776164474],[-152.67521032247322,58.46837677505769],[-152.67030732262913,58.46842577581377],[-152.67268532392944,58.470839775281],[-152.66701332491513,58.472323776058424],[-152.66960432571844,58.47386677555192],[-152.6642593266012,58.47518277629032],[-152.66292832925657,58.4798237761804],[-152.65123933113597,58.48261177780178],[-152.6509553278403,58.47676377824388],[-152.64397732788385,58.47651977934153]]],[[[-152.55443340881757,58.615025783820975],[-152.55436340737825,58.61250078400321],[-152.55043940661957,58.610996784715155],[-152.55036040482275,58.60784378494127],[-152.55720040129182,58.601957784278255],[-152.55875739929428,58.59852378426933],[-152.5613863993658,58.59876678384466],[-152.56217839777466,58.59601078390871],[-152.5654743964895,58.59390278353994],[-152.5651763951551,58.59154778374594],[-152.57082438999322,58.58273778346704],[-152.568120388656,58.58026778405473],[-152.56522739208964,58.586168784103286],[-152.5617023936102,58.58868078448011],[-152.5624373953531,58.59177278415606],[-152.56025939514302,58.59130678452597],[-152.55592939191905,58.58545378559575],[-152.55954739160384,58.58506178506052],[-152.56340538971838,58.58192278467457],[-152.56050538714328,58.57726978544048],[-152.5607463855735,58.57452178558975],[-152.566757385754,58.575107784616556],[-152.57032038788316,58.57900878379854],[-152.577219386805,58.577423782835176],[-152.58063738453683,58.573591782564634],[-152.59532038163826,58.569157780586686],[-152.6071273815398,58.56951877872938],[-152.61003838381924,58.57365777799591],[-152.60707138522935,58.57600177829717],[-152.6172233855632,58.577048776650045],[-152.6190613864951,58.578769776247434],[-152.61195538693207,58.5792147773203],[-152.6125953884506,58.58191177703759],[-152.62112538820904,58.58187477571576],[-152.62627038709724,58.58015577503389],[-152.6235633857314,58.57763277562584],[-152.6268433849971,58.57649177519449],[-152.61845938383598,58.57406977666081],[-152.61400338147058,58.56970877764917],[-152.6108923780271,58.5635117785535],[-152.64349037395914,58.557840773880685],[-152.64481537288555,58.55601177379949],[-152.6576133709033,58.553109772011396],[-152.64873337376477,58.557738773073936],[-152.65382437636978,58.562556771955556],[-152.6513033780667,58.56542577215127],[-152.64735937855616,58.56610577271722],[-152.64745937969238,58.56810877256525],[-152.65063137915467,58.56730877212724],[-152.65335237977285,58.568520771622474],[-152.65642537797137,58.565493771351704],[-152.66671537705292,58.564351769832676],[-152.67096237802056,58.56624976904418],[-152.67094437900246,58.567975768929195],[-152.66525538009222,58.56962976969934],[-152.6514753808916,58.570401771785605],[-152.6301353844275,58.57564077474126],[-152.62946138555296,58.57758777471331],[-152.64168538642048,58.579670772673715],[-152.6437453875099,58.58167877221723],[-152.63867939093797,58.587467772609315],[-152.63649939072477,58.58699377298013],[-152.63871138822608,58.58270677292882],[-152.63608538806497,58.58230377336388],[-152.6278623901923,58.58566477441162],[-152.63113339083,58.58693377381738],[-152.62959339135813,58.58779077399826],[-152.61539239134888,58.5871287762484],[-152.61039338938318,58.58344977727477],[-152.60548738891805,58.58241077810724],[-152.6045523858109,58.576909778626536],[-152.60107838413663,58.573809779376674],[-152.59539638385417,58.57305678030991],[-152.58716438630333,58.576989781320556],[-152.59438338629047,58.57729278017917],[-152.5989513873519,58.57936377932917],[-152.59597238925352,58.58256977957381],[-152.59127738933478,58.582500780307385],[-152.58685739192074,58.58684278069861],[-152.58317739034587,58.583911781469205],[-152.57888339185388,58.586366781969225],[-152.58313339240277,58.58752178123079],[-152.58300839345472,58.58936278112524],[-152.59726039101756,58.585725779159255],[-152.601189391405,58.58658377849081],[-152.60313339305557,58.58956977798581],[-152.61141939406434,58.59171577655318],[-152.61412039575987,58.59481377592292],[-152.61094039743386,58.59760677622677],[-152.61626139975212,58.60191477510707],[-152.61559840029145,58.60283077514772],[-152.61054940166292,58.60500677578389],[-152.5974384009682,58.60319577794364],[-152.59807640167548,58.60446477775829],[-152.59077040064133,58.60232177903887],[-152.58386940159457,58.603682780018275],[-152.58175540315085,58.60631678016765],[-152.58394140391354,58.60775177973069],[-152.58359340493607,58.60952877966387],[-152.57965140506556,58.60957878027294],[-152.58246340718708,58.61342277957474],[-152.58070540811576,58.61497077974278],[-152.57644640762763,58.61392478047555],[-152.576087409271,58.6167877803368],[-152.5727794110211,58.61970478065266],[-152.56773141206364,58.62130478132831],[-152.56019241132853,58.619680782610246],[-152.55443340881757,58.615025783820975]]],[[[-152.32845942356857,58.631121817858066],[-152.3374954209838,58.6269758167318],[-152.35019542093858,58.62742681472688],[-152.35262241987112,58.62566081446832],[-152.35145541871452,58.62358781478918],[-152.34064341786885,58.62165581660002],[-152.34624141716174,58.620651815797345],[-152.33581141522484,58.616825817675945],[-152.34494941250503,58.61244381655007],[-152.34499841103275,58.60986681671564],[-152.34898940888863,58.606276816336916],[-152.34891840738356,58.60363581652546],[-152.35125240599172,58.60129381632039],[-152.35122740305187,58.596137816670854],[-152.35587440125462,58.59317981614778],[-152.35769539869696,58.58876881616166],[-152.35376439849298,58.58824581680741],[-152.3515254002036,58.591153816959654],[-152.34216740298587,58.59564281811187],[-152.33888640296172,58.59546381863375],[-152.33723439937114,58.58909581931832],[-152.3443583949705,58.58166881871085],[-152.34451539278265,58.57783381894418],[-152.36231438541571,58.565635817000185],[-152.37097538369542,58.56297581583415],[-152.38101737565947,58.54926281519791],[-152.37965437367413,58.545709815648706],[-152.37013837056088,58.5398248175216],[-152.3623633710872,58.54042381868787],[-152.36108037040034,58.53915981897203],[-152.3626783676644,58.534406819043554],[-152.360421366866,58.53290481949498],[-152.36035536518088,58.529931819705],[-152.38097036508572,58.530634816458814],[-152.39061235902724,58.520359815654295],[-152.39300435540332,58.514066815706855],[-152.39744635656973,58.51631481486643],[-152.39912835883524,58.52038381433169],[-152.39765736094895,58.524049814312875],[-152.3906543615574,58.524824815347365],[-152.3939093622977,58.526268814745144],[-152.394199364049,58.529368814491406],[-152.3896443670766,58.53451181485181],[-152.39359536637005,58.53343481431141],[-152.39726236375384,58.528978814042404],[-152.40205136374288,58.52916381328681],[-152.4036273620833,58.526304813234844],[-152.4104423596905,58.52237581244226],[-152.40384835762896,58.51845681372919],[-152.40442335615523,58.51588081381353],[-152.41828835545857,58.51524481170564],[-152.42153635233504,58.50986981156415],[-152.43592334762772,58.50217480985166],[-152.4368413455024,58.49845880996001],[-152.441953341788,58.49211380959533],[-152.45165133638457,58.48297580870836],[-152.46721833240522,58.47660980672519],[-152.4720683298319,58.47226480626707],[-152.4778593285664,58.47027680550398],[-152.5062843285901,58.471567801012085],[-152.51692633060412,58.47560479908994],[-152.52628233064377,58.47608979760708],[-152.53011632938814,58.47403679715211],[-152.54363632939098,58.47464379501584],[-152.55079033136042,58.47845079364947],[-152.55372433119146,58.478282793206105],[-152.5535163305156,58.47707679332014],[-152.56441833048453,58.47751079160146],[-152.5646883337459,58.483295791167215],[-152.56958733388487,58.483761790376384],[-152.56585533527195,58.486048790799586],[-152.56605233643512,58.488115790628875],[-152.57817033581438,58.48756278878825],[-152.57700933960018,58.494206788517346],[-152.58720633569257,58.48775478737482],[-152.60168733683105,58.490424784949276],[-152.60055633941698,58.49494678481743],[-152.60537033881442,58.49409978412867],[-152.6090513398892,58.49616778341774],[-152.61921833821765,58.49367478201122],[-152.62705733909033,58.4955757806671],[-152.6247023429728,58.502331780572476],[-152.6274253441371,58.50451378000191],[-152.62289234788696,58.51093178026823],[-152.62551534798126,58.51121777984201],[-152.63307234484432,58.506021779023925],[-152.63319734364183,58.50390277914889],[-152.63102834310962,58.50286277955584],[-152.63573734166434,58.500523778985034],[-152.64605834471158,58.50638277698622],[-152.65575434453453,58.50651577547421],[-152.65475934549937,58.50817477551552],[-152.64766334610013,58.50890977656539],[-152.64221634565368,58.507870777480626],[-152.63228634644952,58.508821778955365],[-152.63413834744145,58.51065877854314],[-152.6334623487602,58.51295677849159],[-152.64251534905304,58.5138887770245],[-152.64873634750285,58.511436776226994],[-152.65483534805963,58.51270077519529],[-152.65623734935394,58.51505077481791],[-152.64289735264617,58.52024977653242],[-152.6383323516532,58.518287777373786],[-152.63668135286355,58.52034877748955],[-152.63308435246793,58.51948577810597],[-152.61424235780464,58.528042780446015],[-152.62176235856012,58.52971777916576],[-152.61451336241322,58.53618177985045],[-152.60880936340175,58.53766478063444],[-152.6073723648679,58.540183780686135],[-152.62091336430768,58.53981177861071],[-152.61579136377887,58.538646779484566],[-152.627829361827,58.535754777813935],[-152.63024336027033,58.53312077761874],[-152.6314803574441,58.52819277776223],[-152.6420803560103,58.52614877625743],[-152.64468335727588,58.52850077569368],[-152.64216535887002,58.53119677590063],[-152.6422273620831,58.536864775505045],[-152.6396913637398,58.53966877570737],[-152.63978736513394,58.542129775524955],[-152.6463433642902,58.54094377458867],[-152.64516236308637,58.53876777492011],[-152.64934636057373,58.534530774559634],[-152.65512236010105,58.53396277370261],[-152.6641623615342,58.536905772099836],[-152.66783436472596,58.542700771135095],[-152.6457383684049,58.54816477419069],[-152.6288113689905,58.548421776799564],[-152.62608736954587,58.54927577716411],[-152.633593370399,58.55112077587378],[-152.6241843729133,58.5551177770619],[-152.61488837307644,58.55498177851368],[-152.604752372188,58.55295778022414],[-152.60410837102935,58.55088878046472],[-152.605985369877,58.54894478030555],[-152.60924737080882,58.55073377967782],[-152.6108183686493,58.547001779687776],[-152.60547236806917,58.545737780603226],[-152.60443036519854,58.54063278111195],[-152.5990853645823,58.53930478203147],[-152.59802236961886,58.548129781596494],[-152.59395937091975,58.55023678208384],[-152.58927337080706,58.54982678283888],[-152.58427136940136,58.54712578379839],[-152.57855136540655,58.53983078518136],[-152.57043136771864,58.54353978618941],[-152.57380836883783,58.54566278552115],[-152.5706343694684,58.54663078594799],[-152.57026837126693,58.549781785791026],[-152.57726837083695,58.549338784734715],[-152.58775637683405,58.560366782358166],[-152.58631537836942,58.563002782402705],[-152.57387738395076,58.57225778370477],[-152.55967838413142,58.57193978593061],[-152.55757938578137,58.57474578606615],[-152.5579753880512,58.578751785732834],[-152.5501493913744,58.58423978657557],[-152.5568353967954,58.59405378487124],[-152.55592939884232,58.59760478477108],[-152.5496564009514,58.60102478551338],[-152.54543939886273,58.5971737864297],[-152.545030397209,58.594253786691404],[-152.54273239690414,58.593616787091335],[-152.53640039708714,58.59365678807219],[-152.5267333994712,58.597411789319246],[-152.53962839361378,58.587703787974526],[-152.53967139100425,58.58312378827833],[-152.54647438973097,58.58118978735322],[-152.54960738492423,58.572883787430236],[-152.54090538373197,58.570400788949435],[-152.54365238232973,58.568057788681884],[-152.5488843827591,58.569045787802665],[-152.55273238201553,58.56790978728242],[-152.55198738001567,58.56435978763889],[-152.56119137871772,58.56248778633734],[-152.56296237701164,58.55956578626064],[-152.5604713762578,58.55812778674481],[-152.54839837993606,58.56405978821646],[-152.53397438034216,58.56413279045038],[-152.53797938171553,58.56672578965292],[-152.53511138384056,58.57033478985342],[-152.51145938697138,58.57479179322377],[-152.5158023878782,58.5765767924284],[-152.52861238686302,58.57535879052204],[-152.52871139286398,58.585903789792035],[-152.51285139330037,58.585969792250594],[-152.52156939531568,58.5898917906308],[-152.51391239559405,58.59004279180983],[-152.50807239743168,58.593010792515884],[-152.50262139683994,58.59173279344917],[-152.5033713977693,58.593396793219945],[-152.49909739812813,58.59383879385397],[-152.49091239743876,58.5922707952314],[-152.49373339877738,58.594742794625816],[-152.48572040014204,58.596786795732434],[-152.48293339752223,58.59206879648447],[-152.477036397532,58.59182879741657],[-152.4780943991055,58.59463579706236],[-152.4767663999844,58.59611979716839],[-152.49143640386345,58.60356279438593],[-152.49056640424172,58.604187794478776],[-152.45130139991878,58.594899801206594],[-152.46749040409068,58.602917798149726],[-152.4718604046436,58.60407679739239],[-152.47308040406278,58.603111797268134],[-152.48054040751802,58.60949279567759],[-152.4736314085604,58.611018796647876],[-152.47193641085371,58.614962796644555],[-152.4683384102835,58.6138077972818],[-152.45954341300305,58.61818979835223],[-152.45383841333015,58.61851579921685],[-152.46241641618133,58.623878797521144],[-152.46062941792465,58.626852797598026],[-152.46434541806767,58.62726379699246],[-152.46082241910122,58.62891979742809],[-152.46288241996862,58.63052679699924],[-152.45697042030062,58.630851797896426],[-152.45580841868912,58.62798179827095],[-152.45328741842218,58.627405798701716],[-152.45628341707217,58.62517279838702],[-152.4466364174558,58.62542779986922],[-152.4457034157111,58.62233380022326],[-152.4482354150291,58.621248799903015],[-152.44760041366834,58.61883880016466],[-152.44061941297656,58.61732680135177],[-152.4448074114434,58.61482180086999],[-152.43381640953154,58.61099980283613],[-152.42790141005665,58.61166580371035],[-152.42561540942472,58.610460804146896],[-152.42959940305542,58.59946680426981],[-152.4343244013796,58.59673080372051],[-152.43559539903242,58.592667803797134],[-152.4432453990578,58.59304180258358],[-152.44012539683854,58.589012803340204],[-152.44247639394723,58.58403880331098],[-152.46027039448867,58.5857588004311],[-152.46571439593336,58.58853079939818],[-152.4645703982108,58.59247779930922],[-152.47096639558006,58.58813879860892],[-152.48200439555745,58.58857979686465],[-152.47243339349026,58.584533798624854],[-152.47576039112934,58.580532798378535],[-152.4593563914396,58.58036480093752],[-152.4579103927508,58.582604801010724],[-152.44854939129638,58.579645802664274],[-152.45870338193254,58.56362880216962],[-152.45865437936,58.559101802482864],[-152.45494137944863,58.559096803059724],[-152.43634439500337,58.585628804156045],[-152.43193439656866,58.588186804668396],[-152.4321033984592,58.59151180441775],[-152.42267540399553,58.60081880525445],[-152.42043040669378,58.60545280529054],[-152.41171141016366,58.61116080626047],[-152.40878941297547,58.61596180639072],[-152.40182441630716,58.621498807100025],[-152.3975374169847,58.62250280769868],[-152.3983484197529,58.627381807243786],[-152.37926842125654,58.629204810087174],[-152.37540842251968,58.63125181054953],[-152.3602254220976,58.629874813002715],[-152.33783942408772,58.63241981631237],[-152.32845942356857,58.631121817858066]]],[[[-153.32833152523008,58.85549364675446],[-153.33252252486238,58.855087646129824],[-153.32798652424538,58.85377864692909],[-153.3342515235374,58.85289964601441],[-153.32518852277883,58.85110064755361],[-153.31766852086864,58.84740164898588],[-153.32615952171508,58.84932064752755],[-153.34485051975187,58.84695364478127],[-153.35893851339785,58.83676764330354],[-153.36941050407768,58.82125564276534],[-153.37075249133412,58.799302644103726],[-153.37819048448938,58.78786564375182],[-153.37884847989915,58.779951644207344],[-153.38514847175054,58.7661736441984],[-153.40249345762265,58.742607643162096],[-153.42076745010755,58.73055964117086],[-153.42666244449785,58.72112764092039],[-153.4450234371215,58.70931063890137],[-153.4588374362459,58.70856163680768],[-153.4689854380258,58.712234634970976],[-153.47777743804676,58.71276763356711],[-153.49369243396322,58.70655463153386],[-153.50515642823345,58.69721663041406],[-153.5083514248364,58.691472630324675],[-153.53686542437575,58.69229962583732],[-153.55267142091967,58.68717662374585],[-153.57756541056798,58.67053262106233],[-153.57675640941517,58.66847062133444],[-153.58308340506065,58.661222620867235],[-153.5878203994863,58.651743620805405],[-153.59165639270154,58.64008462103874],[-153.59153538920037,58.633941621493925],[-153.61660138858093,58.634319617578996],[-153.6253273875066,58.632947616323094],[-153.63997438350683,58.62679461448935],[-153.65142737893274,58.61944461323664],[-153.67761837358302,58.611603609734665],[-153.7334163715397,58.61135160110322],[-153.76085036781788,58.606468597200525],[-153.77408836743842,58.606604595139196],[-153.77306636910268,58.6094665950926],[-153.75091037338248,58.61564259808485],[-153.75539237340763,58.61595759736749],[-153.75016337647992,58.621035597815045],[-153.75440237550123,58.61957359726229],[-153.75963137246498,58.61455859681067],[-153.7766193700766,58.611393594404035],[-153.78283536680485,58.60602259382529],[-153.80625336631812,58.60659559015518],[-153.83285936827767,58.61167058566821],[-153.85145436774044,58.61187258277207],[-153.88962036388116,58.60745657717565],[-153.8898853647809,58.60905457701957],[-153.88467836593537,58.61075957770364],[-153.90033736566554,58.61126057524147],[-153.9069783646169,58.60983257431523],[-153.89783736374565,58.60773057588278],[-153.89724436285462,58.60612757608998],[-153.90447935435287,58.59162557601299],[-153.90517734843272,58.58124657665171],[-153.89951734706497,58.578483577727084],[-153.88278234721417,58.57770258037449],[-153.87769834634233,58.57585058129492],[-153.87401234476417,58.57284058208219],[-153.8746793426897,58.569225582238595],[-153.88146834515547,58.57399358084482],[-153.88606334506625,58.574122580123955],[-153.89308634306218,58.57102857925909],[-153.91064433316853,58.554676577717565],[-153.91739132604562,58.54252257754842],[-153.9207793196854,58.53149457781802],[-153.92132331321557,58.52008457855534],[-153.92492031294069,58.519824578017726],[-153.9266493168267,58.526808577247444],[-153.9346133186741,58.53057757574415],[-153.94503131928957,58.532323574006696],[-153.9564803166226,58.52833157252363],[-153.9569803155665,58.526495572578646],[-153.95406531218615,58.52032957347391],[-153.94769730952703,58.51521957482689],[-153.9389903082977,58.512492576369745],[-153.91915531135743,58.516659579137055],[-153.90951531106845,58.51554258070838],[-153.91589330731642,58.50929958017114],[-153.92439530496813,58.50567457911756],[-153.92158530329914,58.502540579777516],[-153.92613630250096,58.50141257915515],[-153.9348732982423,58.49441457830818],[-153.9486932972616,58.493549576234436],[-153.96039129361918,58.48783057483841],[-153.9641622944711,58.489581574129566],[-153.97404129342166,58.488348572691535],[-153.9776382953122,58.49193157187718],[-153.98844829325154,58.488965570420525],[-153.99244329444747,58.49134256963164],[-154.00194029467085,58.49234656809136],[-154.017664293668,58.49157656571685],[-154.02931229228102,58.48986556404061],[-154.02680629169512,58.48866456451462],[-154.03268829077135,58.48740456369684],[-154.0402132910759,58.48843056245995],[-154.04195129207773,58.490320562054514],[-154.05654729092672,58.48922255987869],[-154.0651432890393,58.486430558752495],[-154.0731922840776,58.47814455810895],[-154.0751582842297,58.478542557776414],[-154.0705902890619,58.48682455788234],[-154.0747192881682,58.485506557339875],[-154.0801742889642,58.48727455636901],[-154.08343228787766,58.48555855598998],[-154.08473528625555,58.482763555991205],[-154.09541128386437,58.47921455459904],[-154.08473528500073,58.48053555615261],[-154.08440227919996,58.47020955695221],[-154.0805982796912,58.47083455749447],[-154.08189227855104,58.46889255743541],[-154.08037127806378,58.46792755774004],[-154.0772172813274,58.473521557822],[-154.07482228057785,58.472033558299835],[-154.07395827634224,58.464449558982345],[-154.07525627272787,58.458106559241436],[-154.07361426647157,58.44686656030883],[-154.06708026055665,58.4359065621108],[-154.07024925852173,58.43248656186922],[-154.06970126139197,58.43756556158622],[-154.07502426433416,58.44315256035994],[-154.07481226104,58.437271560818466],[-154.07883826185216,58.438980560073404],[-154.07949326128522,58.43801356004237],[-154.07643326056498,58.436530560622096],[-154.07936925744454,58.43116156055774],[-154.0756672584795,58.432764561012824],[-154.06904325337675,58.42323556272496],[-154.0673102539822,58.42420256292237],[-154.06110225242023,58.421012564111294],[-154.06719325658102,58.42882856260579],[-154.06447525741856,58.43014456293001],[-154.04925924773545,58.41188356659879],[-154.0536092479593,58.41256556587847],[-154.05197924696532,58.41068556626582],[-154.0571972441855,58.40606156579531],[-154.05654824260785,58.4032015661024],[-154.05252724438682,58.4061175665117],[-154.0494872449141,58.40686156692681],[-154.0490422439414,58.40509556712311],[-154.04579024600554,58.408570567373715],[-154.0400342438217,58.404297568570456],[-154.03416924310545,58.40263856959505],[-154.01385424441915,58.403672572654386],[-154.0073262438232,58.40218757376867],[-153.9997392409018,58.396480575350964],[-153.98230423866235,58.391359578409734],[-153.99545923620465,58.38780957663672],[-153.99809123472264,58.38532857640958],[-153.99934422967135,58.37637257686246],[-154.01106522877632,58.37552557511639],[-154.0239872262358,58.37181257339211],[-154.03135522594147,58.37176257225975],[-154.04102722160047,58.364615571285114],[-154.0453692168917,58.35645957120526],[-154.07292521515157,58.355136567054174],[-154.07466921604194,58.35684656666169],[-154.08518421546316,58.356497565066704],[-154.08475821611697,58.35764156504945],[-154.09452421683568,58.3595705634048],[-154.10244721549026,58.35767956232086],[-154.1042772139266,58.35499656223308],[-154.10351421036208,58.348553562817486],[-154.0969992086293,58.345016564077476],[-154.1156582101628,58.34899656091431],[-154.11544821163346,58.35162056075649],[-154.13388821040306,58.35063255798703],[-154.13226321253453,58.35434755796796],[-154.1503942136677,58.3575815549396],[-154.17480521344393,58.358805551089524],[-154.18587321117639,58.35547954962591],[-154.19985421013547,58.354549547539655],[-154.2081922069808,58.349450546626166],[-154.20796720609863,58.34785254677715],[-154.2034132064035,58.348093547461055],[-154.20210620546314,58.34631854779139],[-154.1964662053633,58.34576054870082],[-154.18062220612669,58.3460695511188],[-154.17910820484914,58.34367555152609],[-154.17464720555887,58.34465155214235],[-154.17485920189245,58.338083552586845],[-154.18416019912175,58.33372955147086],[-154.19576019731898,58.33126854986344],[-154.20584319816936,58.33347354815041],[-154.21116719958732,58.336378547119054],[-154.2120271979656,58.333523547194325],[-154.20768719698597,58.33147154801196],[-154.21082019584733,58.32963654766314],[-154.2155851954139,58.329178546962765],[-154.22796719636256,58.33171854487122],[-154.23216719452233,58.328695544444784],[-154.28648218260207,58.310950537377856],[-154.29754218298754,58.312401535569784],[-154.3085531786832,58.305408534386295],[-154.31732317704052,58.30305353320883],[-154.31773017569205,58.30065253332166],[-154.3147961755565,58.30020653380581],[-154.31076217302152,58.29536153478014],[-154.31279217113806,58.292106534705646],[-154.31984817231324,58.294710533430084],[-154.32613017108525,58.29293053259385],[-154.32987516754693,58.28680953246515],[-154.332793167429,58.28679853201732],[-154.33411216848606,58.28879553166847],[-154.3437481678512,58.28831753022122],[-154.35086716589265,58.28527852934883],[-154.35247016408425,58.28212752933272],[-154.3470201626226,58.27911253039144],[-154.346023161019,58.27614953076137],[-154.34286815987926,58.27387353141308],[-154.34448515877304,58.27198853130235],[-154.33776015862716,58.27125953238954],[-154.33547115663384,58.26750153301625],[-154.33512015446598,58.26356153335821],[-154.34832614661272,58.25028153229938],[-154.34278814528756,58.24750053335378],[-154.33795614809853,58.252249533749236],[-154.3321191489321,58.25335253456567],[-154.3301841503984,58.255869534679185],[-154.33159615110188,58.257238534362024],[-154.3222321549141,58.26348053534535],[-154.29618115739729,58.26617253915391],[-154.29280315616631,58.26371753985238],[-154.292582155137,58.26184254002318],[-154.28715315465232,58.260594540948865],[-154.2797221575961,58.26540354174067],[-154.27689115663543,58.263474542316565],[-154.25918616032638,58.26893154464122],[-154.25552216264876,58.27287454491725],[-154.26510216844326,58.28398154263426],[-154.26144517169067,58.28958754278832],[-154.25745617270073,58.291136543289056],[-154.26158917450542,58.29467054239548],[-154.25542317597814,58.296904543181334],[-154.22012117924663,58.30039954835885],[-154.22498817718747,58.29701954785601],[-154.22086917639731,58.295317548613625],[-154.20679417776142,58.29682555066969],[-154.21747817380023,58.2904085494926],[-154.2127091729724,58.288594550358184],[-154.20546417473682,58.291286551277075],[-154.1952111790916,58.2984425523345],[-154.19089818217282,58.303701552615884],[-154.1892611816935,58.3027285529386],[-154.19024818416128,58.30723755245898],[-154.19274718447934,58.307977552020496],[-154.18811718830588,58.3145525522554],[-154.18693819088804,58.319117552104906],[-154.18444119234738,58.321574552310814],[-154.17718319255982,58.32147055343595],[-154.17502019188228,58.32010755386781],[-154.16666919244935,58.32056955512021],[-154.14909418974818,58.31454055826346],[-154.14897518648758,58.30866655870807],[-154.14366418576205,58.307007559645896],[-154.14234318299313,58.30193556021715],[-154.1365941805749,58.29719856144562],[-154.1361571777409,58.292064561885155],[-154.11524517427605,58.28443356565602],[-154.11544817332108,58.28272556574849],[-154.10788417432727,58.284039566817185],[-154.1074411722238,58.280217567162154],[-154.10343317233946,58.28016156778285],[-154.11435616696755,58.271192566751836],[-154.1283041638193,58.26643456495113],[-154.13567416424388,58.26769056372649],[-154.14237316307305,58.26602256281712],[-154.1601371627265,58.266581560044415],[-154.16824916149943,58.26490855891824],[-154.16920215997675,58.26222255896663],[-154.1746191597089,58.26210155814245],[-154.17873216050472,58.26381455738542],[-154.19139315910874,58.26214355555975],[-154.19388015756118,58.25951555536829],[-154.19960415617004,58.257387554642875],[-154.2042591563109,58.257955553885935],[-154.20350115731716,58.259722553873935],[-154.20969615916692,58.263481552648116],[-154.2199651588973,58.263688551053825],[-154.22645615776435,58.262081550172866],[-154.24328615121195,58.25138254836396],[-154.24662114852484,58.2467505481887],[-154.23839914814772,58.245509549542945],[-154.23526714943495,58.24762454987025],[-154.236809151967,58.25230754929242],[-154.23085615266956,58.25317355014452],[-154.2265261519849,58.25164255092153],[-154.22210215338214,58.25386855143973],[-154.22341215494603,58.256783551026295],[-154.22038515654717,58.25947155129616],[-154.21659415659448,58.25930055189152],[-154.21831915435368,58.255368551912255],[-154.20694715415237,58.25423655374303],[-154.18690215027328,58.245873557432326],[-154.17848215198524,58.248403558543146],[-154.17250914854682,58.24178455994172],[-154.1654721467616,58.23808356129219],[-154.16039114686183,58.237924562084736],[-154.15572014580636,58.23570256296386],[-154.15064314624811,58.23616256371088],[-154.14771714376903,58.23148056450015],[-154.1532371426844,58.22988556376738],[-154.1548511407914,58.22656556376022],[-154.14554513830493,58.22144056556181],[-154.14271013469468,58.2147095664853],[-154.14529813251553,58.21093156636164],[-154.15568113329047,58.21303056461415],[-154.17601013316002,58.2141565614094],[-154.17891013200725,58.21226156110127],[-154.1767471303291,58.20907356166508],[-154.16343312547698,58.19937756441361],[-154.167305123167,58.1954445641043],[-154.1776731196925,58.18983256291939],[-154.19138612030616,58.19187056066568],[-154.21977711526316,58.18463055683254],[-154.2393361161446,58.18756155361649],[-154.24711111556346,58.18703555246109],[-154.2705911209724,58.1984635480238],[-154.27978812184134,58.200671546450515],[-154.28042512059145,58.19844654651497],[-154.27805012024456,58.19765354693735],[-154.27803511920575,58.19576654707723],[-154.27488811772497,58.19286154777208],[-154.26904011694853,58.19105054880188],[-154.2701221157394,58.18892854879045],[-154.2665481150332,58.18740054945051],[-154.26384911601548,58.18900054974822],[-154.2630861141938,58.185638550110276],[-154.25983911381468,58.18472755067515],[-154.26023511091128,58.17947755099667],[-154.26367610999856,58.17805355057214],[-154.26369811093514,58.17975755044467],[-154.26977611321317,58.18431454917977],[-154.299740118327,58.19566354375227],[-154.2996271171056,58.19343754393197],[-154.29095211401653,58.18722854571659],[-154.2913541123383,58.18420654587525],[-154.28160610895046,58.17737754786944],[-154.2802891069925,58.17372654833767],[-154.27497310490628,58.16956654945672],[-154.2726891027691,58.165520550101895],[-154.26316810012474,58.16005455196097],[-154.2465290997344,58.15820555464873],[-154.24189509887742,58.15632855549634],[-154.24014709653528,58.15194355608334],[-154.23451409524768,58.149213557146226],[-154.22598509475858,58.14774155856179],[-154.2162720924367,58.142849560407264],[-154.21010008894413,58.13606256184727],[-154.22248608656605,58.13256656020143],[-154.24696008534417,58.13200655648893],[-154.2690480827414,58.128770553337425],[-154.28665308568333,58.13534955015838],[-154.29118408569346,58.135680549439535],[-154.29445008772913,58.13961854865161],[-154.29511409011386,58.14401254822923],[-154.32325309602575,58.156731542985064],[-154.33167609687993,58.15887154153677],[-154.33652009540467,58.15652154096529],[-154.33038708875793,58.143982542821774],[-154.33742708147068,58.13117954267727],[-154.3371600777223,58.124318543219246],[-154.31529807183833,58.11205054746594],[-154.31601306852988,58.10605254779376],[-154.31153206355853,58.0966485491664],[-154.31171206114448,58.09224354946021],[-154.30910005922183,58.088542550130235],[-154.31489505737517,58.085563549459714],[-154.31380805635817,58.08362554976769],[-154.32230305474758,58.081265548638584],[-154.33201205523568,58.08283554703691],[-154.33479205434867,58.08140454671561],[-154.3407210545209,58.082133545754125],[-154.34047005932925,58.09092154515094],[-154.33810206026732,58.09247354540025],[-154.34342506273822,58.09736654422745],[-154.36486506254067,58.09850454085962],[-154.37022306033083,58.09483654030688],[-154.37454406128307,58.09688253949526],[-154.37853306093535,58.09652653891029],[-154.37995006197195,58.09852253854712],[-154.37250806210986,58.09825253970703],[-154.36703606342215,58.100269540397875],[-154.36491706525396,58.103471540488535],[-154.36906306933523,58.11122453928629],[-154.3735210712514,58.11503953832397],[-154.3954770761826,58.125590534186756],[-154.40370207747384,58.12852753271088],[-154.40961207683054,58.12777053186041],[-154.41667408042744,58.134834530260434],[-154.42177008096692,58.13617952938064],[-154.4215740827581,58.13943352917207],[-154.42659108556157,58.14490152800196],[-154.43653908703592,58.148294526227765],[-154.4385540913663,58.156329525329426],[-154.43996409178138,58.15718552505039],[-154.43519709680606,58.16599852513512],[-154.43758309777445,58.167930524627295],[-154.4323531008727,58.173198525043134],[-154.43463910209226,58.17557952451782],[-154.43778110240535,58.176371523977664],[-154.4389481011033,58.1740855239663],[-154.44194910041975,58.1730545235816],[-154.44826210286044,58.17794252225426],[-154.44797710459196,58.18107152206827],[-154.44594210568224,58.18290952224564],[-154.46356810728435,58.187074519235274],[-154.46554210886976,58.190096518710384],[-154.46933710968622,58.19185051799898],[-154.48513411044897,58.194363515390165],[-154.4883951118818,58.197199514681145],[-154.48016811593348,58.20396951544606],[-154.48439411654175,58.20537551469416],[-154.49581211478198,58.20299651311655],[-154.50177111079404,58.19618051270338],[-154.49384810908086,58.19250051418991],[-154.4855401092686,58.19224751548347],[-154.48378910817675,58.19013851590713],[-154.4840131031759,58.18106251654023],[-154.479922103882,58.18205451709493],[-154.47126310319896,58.18019451855995],[-154.4685481019644,58.1777555191558],[-154.47156809622405,58.16752451944419],[-154.46450709428547,58.163491520823406],[-154.4620400952656,58.16510052108364],[-154.46062309428967,58.16322252143878],[-154.45798708619003,58.14827652294048],[-154.46022108484738,58.145987522766085],[-154.46630008622662,58.14893552161759],[-154.469843085297,58.14749352118025],[-154.46983108445016,58.14594852129557],[-154.460742077536,58.132685523662914],[-154.46212507666613,58.13119652356027],[-154.45941007561856,58.12909052413104],[-154.45957007292483,58.124182524466704],[-154.45211707179274,58.12158352579964],[-154.45359507082475,58.11992052569514],[-154.45099006939884,58.11712952629914],[-154.45116306736608,58.113426526544295],[-154.45337506505487,58.109358526504074],[-154.44960805962717,58.09916152782926],[-154.4492330563944,58.09321752832285],[-154.4522960538722,58.0888175281765],[-154.45670305275613,58.08708752762861],[-154.45709705096286,58.083830527807265],[-154.4614830500342,58.08244252723732],[-154.46275904845663,58.07964252724756],[-154.46740104938854,58.08168252638705],[-154.46657105103984,58.08464852629639],[-154.4701120499327,58.08287352588459],[-154.47506305022284,58.083759525061325],[-154.4742810488563,58.08119952536903],[-154.47946404973348,58.08317852443017],[-154.4797290521244,58.08757752406642],[-154.47655905521663,58.093013524152695],[-154.5076690586068,58.101453518767585],[-154.51843805837777,58.10181051709193],[-154.52547505936514,58.104125515843805],[-154.52993605699467,58.100110515455995],[-154.52926205577407,58.09782751572732],[-154.53192305410664,58.09496751553023],[-154.5369810535194,58.09425851480793],[-154.5398570519935,58.091672514558034],[-154.54329605204057,58.09200851400668],[-154.5463510532531,58.09445051335898],[-154.54649005458637,58.0969015131572],[-154.53185206040683,58.1064925146927],[-154.5652450593813,58.10703950953777],[-154.56656806038524,58.10897250919263],[-154.56336006158557,58.11093450953939],[-154.54981906296533,58.11247351149995],[-154.58161906277897,58.114447506483266],[-154.59516206541812,58.12026150397974],[-154.59892406497636,58.11972950344274],[-154.59922306783787,58.12498050300914],[-154.60173306897926,58.12724950245704],[-154.60667806798944,58.12580350180622],[-154.61251506461775,58.12007050133547],[-154.61290706316436,58.117442501469554],[-154.60756106108192,58.11324250259884],[-154.5954710605979,58.11147150458123],[-154.59511905942566,58.10930150479535],[-154.5925110589439,58.108229505273975],[-154.60390005708925,58.105670503718784],[-154.6003330529961,58.09791750483731],[-154.58789305128235,58.09386850704094],[-154.58424405202766,58.0949665075187],[-154.58460005326185,58.09725250729558],[-154.5756210563205,58.102195508305776],[-154.57026705726722,58.103537509026886],[-154.56204405592666,58.10048551051107],[-154.55024804981602,58.08843851320524],[-154.54345504929154,58.08698451435244],[-154.5544390490138,58.087273512649226],[-154.55966804761366,58.08508851200985],[-154.5593100461012,58.08229051227075],[-154.55367104447078,58.07889151338448],[-154.55093704234355,58.0747925141049],[-154.5415010401843,58.07014651589151],[-154.53660703780514,58.06542651698798],[-154.5409730360373,58.06249851653528],[-154.5393890324991,58.05588751726437],[-154.5538790264219,58.0457765157921],[-154.55924002095045,58.03610751568445],[-154.56864801496798,58.025786515006054],[-154.57709401294133,58.02267351394427],[-154.58156801092355,58.01928551350991],[-154.58448201170012,58.02092951294319],[-154.5842200135077,58.024238512739274],[-154.5858640147095,58.02657151231587],[-154.60917701384446,58.026692508742315],[-154.64398701595428,58.0331475029431],[-154.65063902234127,58.045387501020784],[-154.6446880285923,58.05643350111417],[-154.64624403054842,58.06014150060187],[-154.65340403238142,58.064037499218244],[-154.67612903204835,58.06511449566182],[-154.67626803288394,58.06665849552634],[-154.68265303058635,58.0629164948266],[-154.71618302505053,58.0552564902654],[-154.7219050222531,58.050545489739754],[-154.72900101538772,58.038454489551796],[-154.72856101212332,58.03241449006715],[-154.73108000986917,58.02845448997596],[-154.73074700628962,58.02183749051782],[-154.72413500527733,58.0194744917035],[-154.72986900270456,58.015165491146846],[-154.75438299932983,58.010796487725294],[-154.7653089950386,58.003710486582534],[-154.7747409938147,58.00216848525612],[-154.80778799178313,58.00093948029967],[-154.81953999268066,58.00349547831443],[-154.82353899568702,58.009347477267795],[-154.82507199954932,58.016586476494346],[-154.82825100064494,58.01884947584009],[-154.84783700056641,58.02020947274635],[-154.86893700351,58.027259468996554],[-154.89183300277446,58.02767646546709],[-154.91281799988587,58.02398546253669],[-154.92271499732465,58.0200364613202],[-154.9321099929859,58.01277046042855],[-154.93250899461165,58.01579946014111],[-154.92783799875716,58.02307646031019],[-154.91833000285558,58.02988546125352],[-154.91901900381632,58.03170846101189],[-154.92250100445963,58.033164460370934],[-154.92981400446035,58.03373645921083],[-154.94101700220511,58.03045845774441],[-154.95157200215178,58.031186456077315],[-154.95874800113288,58.029872455079406],[-154.96244999990537,58.0279014546616],[-154.9638659979215,58.02435745471077],[-154.9615089932602,58.015579455728414],[-154.96392499209972,58.013629455505416],[-154.99045199085575,58.01342445146968],[-154.99802299356065,58.01901044989453],[-155.02248599612636,58.02567744565797],[-155.02772999569,58.025289444886184],[-155.03296199252839,58.01987744449375],[-155.0381909914779,58.01835644380944],[-155.04136298816672,58.01250144376518],[-155.04505098653812,58.00979044340577],[-155.04432698514964,58.00717044371318],[-155.03942598396293,58.00458944465551],[-155.0274289828621,58.00160244671131],[-155.0239269779081,57.99217444795367],[-155.03118297293315,57.98355644749348],[-155.04197196833277,57.97590844642178],[-155.04513896580153,57.97147744627152],[-155.0598479636041,57.968586444245084],[-155.08273096336322,57.96997644064994],[-155.0896759601918,57.96466343999058],[-155.0938489594569,57.963638439431314],[-155.10497296019562,57.9659034375642],[-155.10743395962396,57.96504343725366],[-155.10709595859123,57.96310343745124],[-155.10517795935627,57.96436543764865],[-155.10354695872113,57.96305743799587],[-155.10395095781377,57.961409438058396],[-155.10845695699214,57.96025143745859],[-155.12559295810004,57.96368943458626],[-155.13088295729784,57.96263243385914],[-155.13153095648627,57.961181433869854],[-155.12245895626924,57.96004443533891],[-155.11931595513934,57.957696435995075],[-155.1186059529359,57.95355543641549],[-155.11449695031624,57.94836643743306],[-155.10377894780325,57.942839439483244],[-155.09470694089208,57.9292804418868],[-155.0793189374857,57.9217134448014],[-155.07745093437882,57.915789445531644],[-155.07258693253388,57.91196844656001],[-155.06421993145747,57.90929444803598],[-155.06182692889206,57.904330448773536],[-155.06816891757612,57.88377344935272],[-155.0821599107883,57.87224844808922],[-155.09711590644503,57.865355446330994],[-155.11547390585494,57.86574244350785],[-155.15244089868807,57.85537543866361],[-155.15819689850065,57.85549643777861],[-155.16588690016198,57.85922843632705],[-155.17762990042175,57.860676434430935],[-155.185025902206,57.86461443300821],[-155.1857139036743,57.867411432692265],[-155.18765490342807,57.86711143241946],[-155.18816490227078,57.864993432501876],[-155.18526289997408,57.86046743328522],[-155.17952789924573,57.85863643429616],[-155.18871289679768,57.85481943318684],[-155.1975318922951,57.84713243242602],[-155.1993178925448,57.847746432107904],[-155.19923189859045,57.85903343126812],[-155.20079890059293,57.86290143073745],[-155.23905290461147,57.87356242411029],[-155.24358490562213,57.87582342324927],[-155.24568990778985,57.88004042260973],[-155.24791590598826,57.87686542251133],[-155.25259290622546,57.8776964217366],[-155.24886190442618,57.874030422582166],[-155.24947490297637,57.87137642268971],[-155.25630290149337,57.869176421817485],[-155.25258389958933,57.86531342267596],[-155.2449428990582,57.86368742396153],[-155.21634889207817,57.84828042947696],[-155.2165738871485,57.83908243013815],[-155.21792688587664,57.836815430103776],[-155.23795487981474,57.82713142779106],[-155.2462598800292,57.82822342644588],[-155.26126287744083,57.82462642443749],[-155.2837778764231,57.82460142101688],[-155.29007787764664,57.827420419845424],[-155.29378387660503,57.825780419406435],[-155.29840587652618,57.82602041868575],[-155.30306487761717,57.82845441779291],[-155.3263888776863,57.83054541408871],[-155.33817487439893,57.82538441268933],[-155.34125687119578,57.819644412657134],[-155.32514886690396,57.8102404158191],[-155.3285628660171,57.808865415404874],[-155.33114686397155,57.80524741528705],[-155.32990086055347,57.79872941597135],[-155.32322185888242,57.79502941726667],[-155.3141658596409,57.79568941859216],[-155.28711486425442,57.80207342221746],[-155.28697886335755,57.800379422366696],[-155.29235086137797,57.79711542179795],[-155.30506185841833,57.7926284202073],[-155.3091758588818,57.79384441949026],[-155.31278885694704,57.79051641919392],[-155.32643385663465,57.79108041707872],[-155.3355108595956,57.79740541521955],[-155.34726385787718,57.795174413603945],[-155.3561788579914,57.7961444121762],[-155.35707385634544,57.79313041226935],[-155.36203385398147,57.7891124118216],[-155.36223885233363,57.786034412024456],[-155.35828685189853,57.78488141271223],[-155.35332785265533,57.78588241338923],[-155.34783285070353,57.78174941453759],[-155.34524085119546,57.7824544148778],[-155.35257485463148,57.78953041322623],[-155.34912885566206,57.791173413624826],[-155.34484185304086,57.7858874146774],[-155.33580485348787,57.78596241604413],[-155.33496485072072,57.78069241657197],[-155.31100184335148,57.76481242141567],[-155.3028098420419,57.76165842289847],[-155.28535984126364,57.75872642576955],[-155.28550883956183,57.75553542598875],[-155.2929348360273,57.74950442531879],[-155.29425083376603,57.74535542543347],[-155.29118783234622,57.74242242612062],[-155.29498482968646,57.73772842590035],[-155.29167282881625,57.73580942654825],[-155.30583482194965,57.724050425291324],[-155.33027782249752,57.72715042134855],[-155.3473978198589,57.72362341901976],[-155.36533381376748,57.71364841705782],[-155.3726938134473,57.713671415940155],[-155.3786308116413,57.71076641526083],[-155.39275681614942,57.720489412379266],[-155.3920048174493,57.722879412311585],[-155.39877282095355,57.73007241073754],[-155.4008638228553,57.7338394101337],[-155.39951782445206,57.73673541011738],[-155.40311382622292,57.74038240929426],[-155.42331782867032,57.74672940574588],[-155.46830782550128,57.74463739908077],[-155.47130382794373,57.74950039825515],[-155.4775928287372,57.75154039714537],[-155.48622882931878,57.75338539569424],[-155.49857482875103,57.75338839382126],[-155.50069783155234,57.7588493930816],[-155.51420883399055,57.76461639059091],[-155.5336488396067,57.77688038670247],[-155.53978684307737,57.78394238523011],[-155.54569784430626,57.786769384116546],[-155.56845784470366,57.78951138045177],[-155.58543184256322,57.78698137806981],[-155.60468083835602,57.780769375625724],[-155.59829984233096,57.787679376063465],[-155.60725684191715,57.78769237470303],[-155.6087898427113,57.78932037434541],[-155.60642084364207,57.79086037458658],[-155.6081408439871,57.791660374264296],[-155.6147178428921,57.79018437337939],[-155.61820384147177,57.78782337303185],[-155.61701783885798,57.782804373597365],[-155.61797983434272,57.77439637409732],[-155.61592883583495,57.77702237420677],[-155.61105983707506,57.778924374799416],[-155.60921983645022,57.777586375181436],[-155.6172098318915,57.769715374573885],[-155.61419383018261,57.766231375299],[-155.61754082335233,57.75366237575672],[-155.6107248214589,57.749489377110784],[-155.61246681873936,57.74451637722856],[-155.6306808081242,57.72610037588225],[-155.63534380226307,57.71544137599488],[-155.63456479665356,57.70476537693318],[-155.6263937911503,57.69362337902695],[-155.61300778839345,57.68721238154653],[-155.6021557881191,57.68572938330379],[-155.58267978920495,57.68606138622783],[-155.57995478218183,57.672511387679315],[-155.5945537755163,57.66116038633963],[-155.62993277133802,57.65637638135212],[-155.6725647644139,57.647041375619075],[-155.6799077619891,57.643093374812004],[-155.70000676050608,57.64208537184936],[-155.71121675598312,57.63449737073827],[-155.72469875478004,57.633429368781776],[-155.73574175275155,57.63057136733238],[-155.74596675291994,57.631821365689824],[-155.75621275468114,57.63610436380977],[-155.77349975597537,57.64014236088394],[-155.78032575520007,57.63929135991733],[-155.77610175230674,57.63340136101123],[-155.7528427472963,57.62174236542794],[-155.74062974645062,57.61902036748412],[-155.72801474677348,57.61848936943225],[-155.72468174579333,57.6163203701032],[-155.7309127430534,57.61166536952024],[-155.74076473522393,57.597633369113495],[-155.73553073364758,57.59414937017303],[-155.73097173093737,57.5885623712927],[-155.73535571860546,57.5653993724162],[-155.73143271364174,57.55554637376818],[-155.73279971053927,57.549732374009814],[-155.75638170878221,57.54852037054365],[-155.77934670869593,57.550458366927536],[-155.7869607065289,57.547007366044866],[-155.7922097068753,57.54815336516423],[-155.79720770801597,57.55079736420552],[-155.79987071090466,57.556572363357155],[-155.80492471198934,57.55911336239778],[-155.81891171053442,57.557618360402074],[-155.82051671259018,57.56170035984398],[-155.81597371557038,57.56698236012119],[-155.81568371716943,57.570013359930606],[-155.81804972010607,57.5758453591223],[-155.83083572001814,57.576857357113184],[-155.83505371801817,57.57342435674195],[-155.83441171549012,57.56853135721785],[-155.84819671442614,57.56777235519551],[-155.85505071144013,57.56269535455405],[-155.86070370677191,57.55428535435241],[-155.8746407037284,57.549753352600426],[-155.87787670222437,57.547173352312214],[-155.8939447018904,57.54803234982103],[-155.9020387032199,57.551335348343514],[-155.90522470064104,57.5466933482232],[-155.9104516997558,57.54548634752829],[-155.91103369841397,57.542969347635825],[-155.9076916968696,57.53969634839413],[-155.90867369584157,57.53781734839188],[-155.91528169422233,57.5353313475881],[-155.94583269476846,57.53924934267542],[-155.95275569602504,57.542310341393154],[-155.96791169638462,57.54442933894224],[-155.98600870034093,57.55372133548889],[-155.9881337026416,57.55832833480961],[-155.99531770397368,57.5615593334741],[-156.00894670403807,57.562975331307264],[-156.01113870575062,57.566461330704755],[-156.01083970833585,57.57137933036652],[-156.03382770641088,57.56988332701432],[-156.044052703065,57.564455325895324],[-156.04309170043447,57.55932732644059],[-156.0418386976312,57.55383832705802],[-156.02755568962255,57.53712433051624],[-156.02411368396562,57.5259413319073],[-156.0314756817581,57.52240533107319],[-156.05221168377014,57.52825032749128],[-156.0684306819685,57.526346325195036],[-156.09255368191324,57.528559321385785],[-156.09439768060918,57.52623332128982],[-156.0631296792546,57.52062632644086],[-156.0493116802689,57.52125032847479],[-156.04082267692053,57.514006330319674],[-156.04246067421866,57.508970330465914],[-156.04860466966818,57.500808330177136],[-156.04534566267458,57.48703733174278],[-156.0367436547475,57.47094133429396],[-156.01441664773756,57.455285338876074],[-156.01286164579867,57.451394339413504],[-156.02189563927595,57.43966033896809],[-156.04023663820038,57.439339336233196],[-156.05267363925358,57.4425683341096],[-156.06487563698988,57.439368332523436],[-156.0793846386406,57.44395632998199],[-156.09168963588985,57.43982932845279],[-156.09908763751804,57.443691327037854],[-156.1073436366402,57.44279432586581],[-156.10841663763762,57.44482532554543],[-156.1058766399252,57.44899832560125],[-156.121287644725,57.459758322440294],[-156.13469164482112,57.46124532030649],[-156.1317896477792,57.4666703203185],[-156.13018364692832,57.46487332070088],[-156.12592164683537,57.464280321388706],[-156.12841264890102,57.46850632068311],[-156.1182486498337,57.46931932214953],[-156.11911565246905,57.474484321614796],[-156.09757765747113,57.48204032426652],[-156.09725666172852,57.49020832367631],[-156.10136566170215,57.490554323030324],[-156.1095906586087,57.4853923221953],[-156.12751365400882,57.47826632005427],[-156.13431865039408,57.471959319523684],[-156.16999265083345,57.476280313814726],[-156.18395265315155,57.48211231125552],[-156.19576065148624,57.48005930963919],[-156.20330864873063,57.475487308861865],[-156.2109046477849,57.4744093078033],[-156.21150564001363,57.45947530888588],[-156.22012563223296,57.44529530870288],[-156.21557762917652,57.43893930988639],[-156.22690762949284,57.440667308046535],[-156.2358816278185,57.43831530688171],[-156.2354046296769,57.441861306674724],[-156.24358962940968,57.442153305420874],[-156.25448262720136,57.43896130403364],[-156.27430562156812,57.430030301755934],[-156.3065556178355,57.42601729722378],[-156.33944661181064,57.417641292941134],[-156.36205960178293,57.40047429089929],[-156.3878175960142,57.391879287709735],[-156.37504459733114,57.39314528952805],[-156.3774595960317,57.390866289345524],[-156.39180759222376,57.38492228766078],[-156.42387158111453,57.366582284298715],[-156.4325085800795,57.36544828309236],[-156.4288875812015,57.367262283492224],[-156.4325255808636,57.36697528296895],[-156.44140957750497,57.3613462820817],[-156.4455685772666,57.36130728146074],[-156.44058457942398,57.3649962819162],[-156.4409615806954,57.36750828166057],[-156.44655458109023,57.368847280715144],[-156.45867557545478,57.35912027966741],[-156.4605115736684,57.35583027965279],[-156.45382857567043,57.359044280400695],[-156.465365569004,57.347242279605496],[-156.47083656424388,57.33852527947623],[-156.4719515663858,57.342815278968935],[-156.4816525637671,57.338706277840046],[-156.47425956676452,57.34379027854539],[-156.47742956660682,57.343808278068444],[-156.48272556555418,57.34230027739379],[-156.4879655628388,57.33754527698551],[-156.49682655159285,57.31651027732653],[-156.50403154918425,57.31254827656129],[-156.50538654984464,57.31397827624471],[-156.50011555225015,57.318133276704664],[-156.50139755350796,57.32072127630716],[-156.4873645647217,57.34115427678912],[-156.49042456604897,57.34405627609984],[-156.49247756643683,57.34502327571512],[-156.50882855990147,57.33396527414129],[-156.5114325603047,57.335020273667176],[-156.5194735574041,57.330192272845046],[-156.52839055702745,57.33037927149351],[-156.53356455580357,57.328526270865105],[-156.5397385511388,57.320059270612965],[-156.541498546552,57.31128127104712],[-156.54605454355087,57.30588827079348],[-156.55127353505108,57.28980327129107],[-156.55394153535218,57.290670270822574],[-156.55512453106806,57.28240527130272],[-156.55761452994886,57.280472271083845],[-156.54146552647114,57.27197827417728],[-156.52959652985876,57.27738427552495],[-156.52955353165962,57.28090727525141],[-156.53925553221055,57.28299327363245],[-156.53316453280405,57.283523274502514],[-156.52176853209912,57.2809612764128],[-156.50732253296601,57.281164278560304],[-156.48913453817238,57.28947928062462],[-156.4951045371347,57.28806427984261],[-156.487447539754,57.29240028064559],[-156.4688635425378,57.29593428314967],[-156.46513254376308,57.29794728354911],[-156.46065554388395,57.29772428423759],[-156.44987154634933,57.30143928555922],[-156.44205154706324,57.302034286683885],[-156.42088455283067,57.31114228913548],[-156.40615055572403,57.31529229101595],[-156.38241755729013,57.315939294523005],[-156.36314456133044,57.32187429694423],[-156.3363915595464,57.315692301444],[-156.3325225582224,57.312717302258775],[-156.3398495563164,57.30973330139558],[-156.345330556721,57.31107630046784],[-156.3513175558365,57.30995329965871],[-156.3553745530258,57.304872299451446],[-156.35116755075055,57.30000030046666],[-156.33218255128955,57.29913830338059],[-156.32193054886685,57.29336930537225],[-156.33273853391677,57.26519230597404],[-156.34097952911193,57.25660530541684],[-156.3400255277259,57.2537903057818],[-156.3429645246517,57.248056305793945],[-156.34323452611935,57.250963305524294],[-156.34956752538244,57.2501583046394],[-156.35815952597338,57.252188303192625],[-156.39248852381036,57.25143229811187],[-156.39858052220916,57.248911297398976],[-156.39476652169338,57.247510298080925],[-156.38753052343964,57.25020029895152],[-156.3789525240832,57.250590300205104],[-156.39944351845392,57.24162729784574],[-156.4015085140407,57.233169298205155],[-156.39789251226375,57.22930829905157],[-156.39801651080592,57.22645529925847],[-156.4028355108831,57.227099298486465],[-156.41163950925662,57.22480129735071],[-156.40879150650994,57.21910829822703],[-156.39898150489276,57.21492430002542],[-156.38861250121133,57.20662030223283],[-156.37980949927092,57.2019023039222],[-156.36896349956584,57.20137830558591],[-156.35577749591425,57.19284430823176],[-156.33709449658963,57.192279311070635],[-156.3387424930124,57.18539531136677],[-156.33442449166466,57.18230031225635],[-156.33946449004378,57.17961431171463],[-156.33869148892603,57.17733131201001],[-156.34048248757298,57.17484331193832],[-156.35282948395738,57.16896131055638],[-156.35162948175127,57.164483311088944],[-156.3573784779556,57.15757031077486],[-156.36854547354275,57.149986309704566],[-156.3974914680281,57.14203830600756],[-156.40681246726663,57.14148730465872],[-156.40809546506458,57.13726130480113],[-156.40705546321718,57.13349730525399],[-156.41008446124033,57.12989430508644],[-156.41643746120974,57.13048630409092],[-156.41767846296364,57.134086303620805],[-156.4230644639916,57.13667530261173],[-156.42645146278352,57.134632302267576],[-156.43159846239828,57.13439930151736],[-156.43213246039278,57.13048330174728],[-156.4351694586495,57.127343301542155],[-156.4649074557964,57.124762297306575],[-156.46557445434968,57.12196429742852],[-156.46302945289418,57.11881629805775],[-156.4688364496561,57.11299729765186],[-156.4826394517059,57.118493295156206],[-156.48770445200975,57.119621294310726],[-156.49098245100822,57.11797629395197],[-156.49045244749865,57.11096129458708],[-156.4804904484573,57.11182829600517],[-156.47868144775688,57.11025129640024],[-156.47925644561104,57.10605329664707],[-156.47629544497914,57.10449229721268],[-156.45651744679247,57.1060413000415],[-156.44463044441167,57.10008730228661],[-156.44158644185578,57.09469830316735],[-156.44797944029506,57.09225930240639],[-156.44162043705148,57.0851583039171],[-156.44665043691825,57.08541330314647],[-156.45548643852248,57.089515301503525],[-156.45504543747896,57.08739630173723],[-156.46161243491798,57.082987301106584],[-156.4671724350295,57.083785300214],[-156.47352343399157,57.08238129937797],[-156.47392843662973,57.08766629889892],[-156.4691414374221,57.08874429952754],[-156.47931943985344,57.09463029754292],[-156.480571444752,57.10448529657506],[-156.48373344616184,57.10761129585556],[-156.48550944583855,57.10715429562663],[-156.48578544403566,57.103605295866856],[-156.48867844348825,57.102819295497476],[-156.49140544036752,57.096907295559255],[-156.48352543905796,57.09348729700598],[-156.4833014380788,57.091519297195354],[-156.48763743614964,57.08813729681668],[-156.48552343445988,57.084559297415474],[-156.48607843209072,57.07990729770135],[-156.49152342814574,57.07262829746634],[-156.49181242606198,57.068512297749656],[-156.49011142473162,57.06568729822709],[-156.4985664231225,57.06336529715069],[-156.51646941587396,57.05079729547893],[-156.55349941155768,57.04607829033542],[-156.56297041147062,57.046901288858805],[-156.56037241290844,57.049494289039835],[-156.56276241443513,57.052788288421844],[-156.56540541394054,57.052081288084246],[-156.5812364171194,57.06008328508849],[-156.58649141935857,57.0650972839063],[-156.59640141933815,57.06610328234931],[-156.61547642272745,57.07486827880788],[-156.6162124207461,57.07100327900614],[-156.60413741890397,57.06605728119989],[-156.59753941695965,57.06148728254697],[-156.59043341678898,57.06039628369286],[-156.56724541311576,57.05063128792512],[-156.56693841179862,57.04797328818227],[-156.57270041033343,57.045659287507775],[-156.57223640932293,57.04359528774111],[-156.5769374090211,57.04348928704907],[-156.59108741077057,57.04847228454438],[-156.59460640966606,57.04664228416568],[-156.6056244104272,57.04932628231049],[-156.61960041590308,57.06171927924089],[-156.62243441621806,57.0626472787446],[-156.62540541476787,57.0600742785068],[-156.62309841222992,57.0547722792732],[-156.61525340967853,57.04885428091352],[-156.6154064065965,57.04272428137906],[-156.58789340521997,57.037064285928054],[-156.5848564038621,57.034033286621494],[-156.58490940155977,57.0294432869787],[-156.572277401628,57.02824528895541],[-156.57022939791926,57.02062228986657],[-156.56284839815478,57.02031429099014],[-156.558754396586,57.01674829188324],[-156.55489839305042,57.00927529305119],[-156.54768739110685,57.00462929449376],[-156.54907938891384,57.0003892946234],[-156.5576913867909,56.99704929360674],[-156.54722038206702,56.98648829600409],[-156.55054038095454,56.98461029565907],[-156.5550973801855,56.98355029506517],[-156.5615503808648,56.98559229394268],[-156.56610638032717,56.98499629331209],[-156.57497338240466,56.99009429158747],[-156.58848238181335,56.99034028955763],[-156.62000438262947,56.99532128447025],[-156.63786038097135,56.993904281926085],[-156.64242738176344,56.99597728108125],[-156.6472663843648,57.00170027990474],[-156.66005238537292,57.00508327773208],[-156.6675703839137,57.00296827678195],[-156.66462638375828,57.002342277270124],[-156.6615103813078,56.99710427815165],[-156.6672273814811,56.99806327722443],[-156.6745423821868,57.00025927596082],[-156.67594938301139,57.00206027560772],[-156.68128738300317,57.00261627476888],[-156.67903238607803,57.00852627463261],[-156.6911673925485,57.022763271689335],[-156.70376839676587,57.032540269032026],[-156.7144323977317,57.03561526719832],[-156.71608239909207,57.038508266721394],[-156.72894239870092,57.03911226475816],[-156.7574523931206,57.03105026115889],[-156.75226739623352,57.03670526147798],[-156.75680739851956,57.041759260397264],[-156.77107239770885,57.04168625827907],[-156.77380839708738,57.04074225794747],[-156.7752373943538,57.03544025815963],[-156.78123839054103,57.02847625782461],[-156.7825523872619,57.02206625814307],[-156.77366938647123,57.01952125966909],[-156.7708273853691,57.01700926029314],[-156.77104038390442,57.014103260494366],[-156.76932638288997,57.01188826092695],[-156.7629473817841,57.0089842621088],[-156.7621253802465,57.00581826248475],[-156.75749737928132,57.00338526336804],[-156.74974937950924,57.00300226455149],[-156.74543237659924,56.99670926569756],[-156.74992037599222,56.99597926508841],[-156.75323837355288,56.99145326495721],[-156.76273937048774,56.986342263953524],[-156.76425536824135,56.982004264075556],[-156.781441362261,56.97187926233147],[-156.7869203585534,56.96503526206566],[-156.78836135631244,56.96069326219959],[-156.78682234681696,56.94144326397162],[-156.78964734506104,56.938220263810194],[-156.79032134312163,56.934392264017006],[-156.79445034187765,56.93234026356828],[-156.794960335028,56.918604264593846],[-156.80014233237532,56.91382626420771],[-156.7973313314816,56.91171726479405],[-156.8044523281999,56.905881264204865],[-156.8079083274424,56.90473226378402],[-156.81164832845997,56.90719426303149],[-156.8145063279513,56.90648226266433],[-156.81695032726338,56.90536326239123],[-156.8194183250419,56.90115326236275],[-156.82600332295561,56.89766726166525],[-156.83143132306063,56.8984762607948],[-156.83323232441123,56.901399260292855],[-156.83934232430343,56.90185425934964],[-156.84241432569496,56.90499925864104],[-156.84863533252684,56.91945625655609],[-156.8480183352731,56.92492025620866],[-156.85207833710197,56.929050255273985],[-156.87633634261917,56.94282825056354],[-156.88539334732187,56.953284248376924],[-156.88570634963426,56.95796524795379],[-156.88248435086024,56.9600722482628],[-156.88291335208626,56.962582247997254],[-156.88632735303705,56.96486924730586],[-156.89370335317705,56.96596524612171],[-156.90974535210128,56.965581243769],[-156.9188163506057,56.96358324258212],[-156.93211934671697,56.9572482411167],[-156.92912534884096,56.961183241244136],[-156.92412534979897,56.962552241876516],[-156.92206335108204,56.96490024199367],[-156.93004335098874,56.96559924075171],[-156.93607035224318,56.96878823959909],[-156.94425835418264,56.97359223799499],[-156.94971635800465,56.98186923651604],[-156.95243835783572,56.98183323611455],[-156.96211935478902,56.97679923508215],[-156.96287635133345,56.96994723552288],[-156.95750134981074,56.96629023661663],[-156.94230234874118,56.96244823918466],[-156.93577334544037,56.955089240747874],[-156.93416334274846,56.94949824143795],[-156.9367963380263,56.94029324178905],[-156.93589433546802,56.93504424234631],[-156.94278533032295,56.925451242096976],[-156.93231632627982,56.91613724440176],[-156.94537832426283,56.91352724267366],[-156.9474383235015,56.912222242473305],[-156.9480033214447,56.90813724271911],[-156.95223932238704,56.91051124189904],[-156.96555032248747,56.91220223978738],[-156.98619132080927,56.91113123681115],[-157.00597031628203,56.90422023443547],[-157.02570530896827,56.89167823252273],[-157.03326230521796,56.88495423194632],[-157.03710230436107,56.88365623148197],[-157.0294573082823,56.890716232044106],[-157.0435373039265,56.88350623054015],[-157.0464953014871,56.87890923047367],[-157.05011030078057,56.8778902300203],[-157.0518603013056,56.87915022965882],[-157.05091630227798,56.881009229648264],[-157.04896830178717,56.879796230035254],[-157.0470223039164,56.88388022999304],[-157.04922730344953,56.883186229722455],[-157.0503523043109,56.88505522940435],[-157.05283130284812,56.88237922925347],[-157.05431429937508,56.875524229588734],[-157.0574662994925,56.876119229073446],[-157.05688129506004,56.86708422989192],[-157.0590182926951,56.86253922994327],[-157.04565929734719,56.870440231283304],[-157.04590229630392,56.86835623141593],[-157.0614952862345,56.84973323061372],[-157.07347327994592,56.838345229762254],[-157.0746482783336,56.8352082298425],[-157.07390827414352,56.82661923064788],[-157.08329527015522,56.81959022982795],[-157.0881742703241,56.82049022903281],[-157.09330427329962,56.827119227735786],[-157.09477827587475,56.8325152270799],[-157.09901227650218,56.834272226310425],[-157.12891027473495,56.83411022189688],[-157.11912527702452,56.83763422305942],[-157.1186592778129,56.83918022300302],[-157.12171127999005,56.84394622216404],[-157.1297452811267,56.84717222071226],[-157.15926327967622,56.84762321630442],[-157.15481128098781,56.849770216789125],[-157.16322628220857,56.853213215262954],[-157.16583228347844,56.85608721464309],[-157.1786942840403,56.85870821252502],[-157.18600928238254,56.856193211646264],[-157.1833432817054,56.85451321217774],[-157.18727328027583,56.85206921179472],[-157.18854127862716,56.84887321186726],[-157.18793827620294,56.84388721236239],[-157.19031427393298,56.83955621236326],[-157.18824927248463,56.836378212927514],[-157.1727282714214,56.83242721554676],[-157.16700127206522,56.83307321634203],[-157.16764827137965,56.83175621635326],[-157.16461827143013,56.83150921682194],[-157.16217527252147,56.83344321702623],[-157.16133227422833,56.836810216877296],[-157.1593262729233,56.83393021740841],[-157.16383126879444,56.82606621738114],[-157.16329226758236,56.823542217666],[-157.15391226440858,56.816012219666526],[-157.1483292644289,56.81541022054169],[-157.15080526302785,56.81284722038346],[-157.13914526149728,56.80839322247068],[-157.1369912594466,56.8039742231485],[-157.1389162581613,56.80158122305805],[-157.14792025732197,56.80091022178041],[-157.14885225592124,56.798167221865484],[-157.14029725282347,56.790875223723376],[-157.1461102513092,56.788461223059635],[-157.14412324958843,56.78472722365707],[-157.15325724786504,56.782269222505874],[-157.16139224341302,56.77413422196428],[-157.1664022426729,56.77320422129922],[-157.17456424340003,56.77563121989504],[-157.17826324055622,56.770260219785115],[-157.19628723900396,56.76918421720841],[-157.20086923645923,56.76452421691051],[-157.20174523787315,56.76751121653785],[-157.20633623917377,56.77069821559974],[-157.2099962389466,56.77066021506174],[-157.21445124031337,56.77396621413409],[-157.225775239985,56.77461521240719],[-157.23149524344618,56.78233821093212],[-157.24402224395882,56.78484420887574],[-157.24412724577894,56.78856520855672],[-157.24841724697873,56.791510207682116],[-157.25582224745398,56.79334320643778],[-157.26629224683307,56.79330320489285],[-157.28378424949202,56.80076620169693],[-157.29053125104238,56.80471320037681],[-157.29125125412867,56.811077199750095],[-157.29830425740485,56.81856719809471],[-157.31186225867327,56.82273819574809],[-157.33275626517215,56.838398191375404],[-157.34952126688577,56.84385318844782],[-157.35862227031348,56.85188218644322],[-157.370025270442,56.85349018462368],[-157.37454327308203,56.859378183472316],[-157.37879227397747,56.861696182653226],[-157.39468327439576,56.86442618007716],[-157.40569927364746,56.864216178463664],[-157.4369522690049,56.85852217430619],[-157.44793926600855,56.85375517307235],[-157.46424825970882,56.84291917155093],[-157.47242725451858,56.833356171128216],[-157.4699452504994,56.824889172192115],[-157.4623812434317,56.80960317456819],[-157.45764324110132,56.80429117570539],[-157.44778824018576,56.80124617741227],[-157.43637924210054,56.803781178890134],[-157.42114024196826,56.80169218131425],[-157.41858124119958,56.799821181846134],[-157.41800323351686,56.784095183223016],[-157.4159142320235,56.780800183802356],[-157.40307322989815,56.774933186180995],[-157.40077822796934,56.77072318686551],[-157.40153222420187,56.76312118737784],[-157.4075152244544,56.76435018639329],[-157.41346022647477,56.7691851851183],[-157.41848422659157,56.77002318430747],[-157.43358622468583,56.767938182248194],[-157.45342921872762,56.758146180122715],[-157.4635112165362,56.75487817890307],[-157.47968222001026,56.7639221757712],[-157.4885832192314,56.76340317449974],[-157.49643821725783,56.76031817359389],[-157.49628321895753,56.76377217333242],[-157.4984512188633,56.76384117300651],[-157.51749821626768,56.76083917044194],[-157.53078521202454,56.75377516906287],[-157.54487520393923,56.73894416820695],[-157.55121619934826,56.73031416798364],[-157.55741118883205,56.70951016878708],[-157.56174118724385,56.7067791683741],[-157.5635641883782,56.709329167894865],[-157.5621571915839,56.71573316757354],[-157.5650841925072,56.7179831669561],[-157.5792431953848,56.725609164238165],[-157.58727319570448,56.727245162918706],[-157.5947051942978,56.72527116198578],[-157.59167220649758,56.74988016039905],[-157.60287622450377,56.78803015559052],[-157.54945724308328,56.8193861608916],[-157.52734826121775,56.853563161340375],[-157.5617522690726,56.87364815459267],[-157.63420625957727,56.86320314473851],[-157.68873225528947,56.86118513684255],[-157.71741026773515,56.88994513021237],[-157.63987228842396,56.922283139005245],[-157.535796310324,56.95385815181334],[-157.4164003300147,56.97924016742991],[-157.2419423376653,56.974207193733584],[-157.10436235337198,56.989966212882095],[-157.00348237247107,57.0168542256973],[-156.77212842706973,57.10026925342572],[-156.62683745616536,57.14243827172793],[-156.5117784693348,57.156421287796725],[-156.7526764593106,57.16208325137297],[-156.75293249658617,57.235623245440436],[-156.67277150056788,57.23490925748392],[-156.67373251535747,57.26405925501083],[-156.67216353019958,57.292981252933934],[-156.6221435292954,57.28594026098578],[-156.61798553888312,57.30426726014661],[-156.61741755461645,57.33494125778489],[-156.5394845582446,57.33390226955021],[-156.54035756577989,57.34868426824354],[-156.55285656520127,57.34885226635587],[-156.55359457313816,57.364386265008974],[-156.50225357494892,57.36260727285246],[-156.50877961181243,57.43483226613493],[-156.46094261392864,57.434033273386376],[-156.45814263729835,57.478905270247985],[-156.40536863970092,57.478190278243275],[-156.40527464746847,57.4931542770727],[-156.37206564924463,57.493232282064135],[-156.37025566448065,57.522369280033054],[-156.20804167315794,57.52296330442029],[-156.20884366526778,57.50787530548484],[-156.132052670106,57.50969231690997],[-156.13101368548743,57.53913131476088],[-156.1028166870002,57.5393093189977],[-156.10207969563626,57.55579331781925],[-156.07203869727803,57.55605132232997],[-156.07116871214964,57.58442432024387],[-156.01124871518795,57.58451932928038],[-156.01138072272317,57.598924328137166],[-155.95147672530575,57.59819833723943],[-155.9515047031184,57.55578234053422],[-155.92167570451159,57.55564734504571],[-155.92311471286027,57.57175834357691],[-155.89705271372952,57.57098334757121],[-155.89741372138872,57.58565634637782],[-155.8714497223347,57.58504635034588],[-155.87201073012085,57.599963349104485],[-155.82028873237883,57.59948735695486],[-155.82018773963864,57.61332135589957],[-155.84648973834717,57.61328635192767],[-155.84625074668392,57.62914435073526],[-155.89888474348172,57.62792934287413],[-155.8984757646304,57.66810033981688],[-155.76804277103955,57.66826135953707],[-155.76862278644663,57.69751835718929],[-155.7472357873491,57.69728436044545],[-155.7478418098285,57.7398313570688],[-155.69250181206024,57.739054365515955],[-155.6937938432994,57.79798736077876],[-155.53885085156506,57.799806384157165],[-155.53864886425214,57.82358738236631],[-155.5357858656021,57.82586738262664],[-155.44627187039436,57.82709439613218],[-155.4460408941298,57.871459392781155],[-155.33026590201825,57.87634341002022],[-155.33193093687996,57.941358404825884],[-155.3316989946876,58.048211396736335],[-155.2807639968059,58.047874404539],[-155.28019002988813,58.108591400016984],[-155.33202002720134,58.10796739214107],[-155.3319660739043,58.19328338565571],[-155.221334078853,58.19319340260544],[-155.2214841026249,58.236408399306754],[-155.0577621097558,58.23620942442609],[-155.05850412558496,58.26494442214815],[-155.0057881278145,58.264832430246635],[-155.00815314213625,58.29090542792357],[-154.8692991478839,58.29054944927571],[-154.8702521557694,58.304849448060324],[-154.73039016151674,58.30466946956763],[-154.7297901771845,58.332837467565675],[-154.57012818380863,58.333055492109274],[-154.569744199276,58.36080849011841],[-154.46576220371853,58.361356506087],[-154.46589822012456,58.390759503902906],[-154.43263422142667,58.39074950902885],[-154.43235323724136,58.41899850699647],[-154.35132723988278,58.418083519556475],[-154.35568826364096,58.46073151575943],[-154.3034682654578,58.460385523844124],[-154.30806534209978,58.596360513185665],[-154.3059473708951,58.64682250981903],[-154.04124038085385,58.64683355083669],[-154.0028183812143,58.645009556924364],[-153.81507638915994,58.647216585874546],[-153.8165874389536,58.734254579394026],[-153.45221845151934,58.73477463598357],[-153.45512352127437,58.85566562698113],[-153.32833152523008,58.85549364675446]]],[[[-153.32833152523008,58.85549364675446],[-153.3098155254529,58.854874649684234],[-153.25233152778483,58.855806658580164],[-153.25087052597033,58.85260365903246],[-153.25469952444507,58.850180658605616],[-153.26209252500502,58.85153965735776],[-153.2661575243059,58.85055265679348],[-153.26876452215777,58.8469906566372],[-153.2656145185702,58.840638657573926],[-153.28035951831777,58.840993655251026],[-153.27813451656192,58.83784665581886],[-153.2908005163127,58.838097653827326],[-153.3153975176186,58.84167664974263],[-153.31564351893934,58.843966649543255],[-153.3112675206512,58.846680650034315],[-153.30900052315457,58.85087165009287],[-153.31255052396554,58.85246064942786],[-153.31904452351318,58.85203264844562],[-153.32833152523008,58.85549364675446]]],[[[-152.00512061014598,58.94080984760489],[-152.00939960822694,58.93769184714248],[-152.01504760772505,58.93704384630162],[-152.02714560878346,58.93929984425819],[-152.04838560232778,58.92906784161545],[-152.05531959988218,58.9251488407915],[-152.05725459341815,58.91416984121974],[-152.06016359199134,58.911838840919934],[-152.07480859265445,58.913525838516875],[-152.07752359357661,58.915205837980345],[-152.07488159637128,58.91988483808187],[-152.07725759750548,58.921913837574856],[-152.07586359913822,58.92465183761053],[-152.0689676004387,58.926613838558474],[-152.06261360498448,58.93413983905138],[-152.0608516074302,58.93824983905319],[-152.06454760894204,58.94096983829373],[-152.06346761090927,58.94428683824176],[-152.04126061168435,58.94477684168469],[-152.04267561441358,58.949485841149716],[-152.0407486158584,58.95187784129206],[-152.02567461485722,58.94960884380264],[-152.01438661270373,58.945516845841716],[-152.00512061014598,58.94080984760489]]],[[[-152.28448761296022,58.956419802839946],[-152.27249261179915,58.95395480488281],[-152.26561260899135,58.94888680630022],[-152.26480960672393,58.94498480668828],[-152.2517516043771,58.94045380903588],[-152.2413416055641,58.94206381055627],[-152.22351160418737,58.939002813551326],[-152.2073906044087,58.938741816091124],[-152.1830756085206,58.944804819489086],[-152.1807956103806,58.94788981963934],[-152.17700561136417,58.94941982012989],[-152.15434660962114,58.94556282393407],[-152.15453960707129,58.941217824194446],[-152.16331360273406,58.93415282329433],[-152.1760226018133,58.93307582137833],[-152.17905760061444,58.93114682103266],[-152.18562560001786,58.93038482005613],[-152.20747860175658,58.93421581638081],[-152.2205795991819,58.930335814591615],[-152.23798858997597,58.91528881287874],[-152.27610058439686,58.90727280745817],[-152.31880458295515,58.90654380083105],[-152.32225458201353,58.90507280039081],[-152.32773058319907,58.90732779938287],[-152.339665582103,58.905942797610656],[-152.34684758586556,58.91268079603334],[-152.35774558632633,58.91392079424594],[-152.35815858752463,58.915988794041695],[-152.3556015882822,58.91717879436112],[-152.33291659102065,58.92092579765547],[-152.31990359099925,58.920354799728806],[-152.31146859255614,58.92267180089154],[-152.3107135958549,58.928280800631846],[-152.31362559800746,58.93207879992062],[-152.2958206068479,58.94645080173774],[-152.29697160923408,58.95056980128051],[-152.30176861111477,58.95397380030051],[-152.31082561089065,58.953960798884374],[-152.3164206118793,58.955875797879706],[-152.31913161387186,58.959384797218995],[-152.3219806144114,58.9604217967032],[-152.31606961658994,58.963893797394235],[-152.30690261638532,58.96317079887773],[-152.30288161408265,58.95908079978233],[-152.2970716127968,58.956651800855205],[-152.28448761296022,58.956419802839946]]]]}},{"type":"Feature","properties":{"ID_NUM":92,"NAME":"LYNN CANAL-I.S.","ID":"aks_lynncanal","STATE_TERR":"Alaska","FIPS":null,"VERSION":1,"START_DATE":"1960-04-01","END_DATE":"1970-03-31","CHANGE":"1960 census. Lynn Canal-Icy Straits (Election District 6) served as a census area.","CITATION":"(Census of Population 1960, 51; NHGIS)","START_N":19600401,"END_N":19700331,"AREA_SQMI":11357.0,"CNTY_TYPE":"County","FULL_NAME":"LYNN CANAL-ICY STRAITS","CROSS_REF":"aks_lynncanal_1_AK_Historical_Counties","NAME_START":"LYNN CANAL-I.S. (1960-04-01)","fips":"0None","richmond_geoid":"G0203110","election_year":1972,"source":"Newberry historical Alaska election-district geometry; district names retained in Richmond 1972 data"},"geometry":{"type":"MultiPolygon","coordinates":[[[[-136.2726474733509,57.96819632862479],[-136.27182647028008,57.96262632884765],[-136.26629146999332,57.96307132967964],[-136.26257346701837,57.95819033032951],[-136.23439345563372,57.94197033488834],[-136.20936844743684,57.931127338871654],[-136.17053642980673,57.90511634520676],[-136.1168014076117,57.873189353890346],[-136.11436240577677,57.87018735431038],[-136.1009934008896,57.86342635644854],[-136.08468739779917,57.860566358964626],[-136.07281539382464,57.85524836085088],[-136.05784938708126,57.845286363282064],[-136.04508738423272,57.84224336526345],[-136.0383123813695,57.838088366357645],[-136.02757437914897,57.83586036801879],[-136.3544264081674,57.8318363186288],[-136.36598041069794,57.83454831683179],[-136.36911440982612,57.832356316396],[-136.3721684102459,57.832605315929165],[-136.37403941211156,57.835780315589936],[-136.37136841354462,57.83894431593853],[-136.37151641659204,57.84464131581557],[-136.37402241776033,57.84639231540513],[-136.37995541579636,57.84165731459039],[-136.38227841740232,57.8442633141924],[-136.38358841572227,57.840877314054005],[-136.3913514172652,57.84240531285131],[-136.38973441493405,57.838312313168565],[-136.3937364141286,57.83609331260188],[-136.39090741208685,57.832756313089334],[-136.3945414117218,57.83142931256251],[-136.41944541392255,57.83117630879626],[-136.41496041807792,57.83977230932252],[-136.41944441965472,57.84194430860482],[-136.42322742231661,57.84627630795476],[-136.4231694237865,57.84904530791434],[-136.41093142752942,57.85821930960473],[-136.40739742710107,57.8580373101433],[-136.40601342868032,57.86124231029615],[-136.40280142797036,57.86047631079631],[-136.41417343092323,57.86401230901049],[-136.39121843991978,57.88490131211711],[-136.3854684437776,57.89313131284218],[-136.3808884491428,57.90396931334366],[-136.36505445698106,57.92139531543458],[-136.35457345825873,57.925624316948806],[-136.34719945735526,57.92523631807407],[-136.32469845197554,57.919160321594084],[-136.31036844703777,57.912468323884866],[-136.29554744331477,57.90813232620797],[-136.29179844060909,57.90373832685355],[-136.2850534379267,57.899917327942745],[-136.27535443530775,57.89673832946824],[-136.26549143427115,57.89654933096631],[-136.27349243656818,57.89942632970348],[-136.27107343926707,57.90490232997436],[-136.28011544124516,57.90699732856731],[-136.33628945865905,57.92959131965162],[-136.3592024627908,57.93326531611082],[-136.362402465167,57.93713431555639],[-136.36399247148987,57.94863931511009],[-136.3736404776054,57.95833431347264],[-136.37543548112532,57.964570313088316],[-136.35662749816817,57.9995363153175],[-136.34963550093192,58.00588931626562],[-136.34488149869267,58.00256831704726],[-136.34456649720235,57.99985831714368],[-136.33217149353453,57.99522531910901],[-136.3102074849785,57.98319432265824],[-136.30066748354503,57.98221032412403],[-136.28919947980455,57.97727832595224],[-136.28505947738768,57.97351432664723],[-136.2726474733509,57.96819632862479]]],[[[-136.49877356384576,58.096253291936236],[-136.50266856305223,58.094121291382926],[-136.5025685604508,58.089346291486805],[-136.48773656453315,58.099421293558045],[-136.475831564437,58.10129729533573],[-136.4594685555222,58.087703298077564],[-136.4621315550086,58.08629629769839],[-136.45657154904535,58.07626329872928],[-136.45115754772908,58.0747722995803],[-136.44898454555482,58.071137299977885],[-136.4459465454696,58.07150630043333],[-136.4455875437263,58.06835130054569],[-136.4441115432075,58.06764930078328],[-136.43945854413428,58.07016630144488],[-136.43488554380545,58.07035230213723],[-136.42919353978752,58.06392330312087],[-136.42875353630077,58.05756030330418],[-136.42622253489904,58.05541030372832],[-136.41408253309012,58.0541773055972],[-136.40767053030973,58.05015430664548],[-136.39386252724503,58.046892308804495],[-136.39470452587435,58.044211308724954],[-136.39322952505083,58.04294530897226],[-136.38487652360078,58.04171931026432],[-136.38455752254316,58.03981831034732],[-136.37640052051663,58.03749231162951],[-136.37519051853562,58.03403731187588],[-136.36210251531455,58.03036131393148],[-136.35449751170242,58.02500231518372],[-136.350218507916,58.0187363159466],[-136.3411845035701,58.01226331743524],[-136.35515050238763,58.00762331539666],[-136.3659254997322,58.00081031388221],[-136.37209150000243,58.00023231295592],[-136.37598249693468,57.993857312479626],[-136.37564049486403,57.99007231259963],[-136.3771694945212,57.98916831238362],[-136.38071948623,57.973139312132524],[-136.3842434839331,57.96825031168523],[-136.38512147973003,57.96027631169509],[-136.38970647934656,57.95875931102628],[-136.38931147669362,57.953889311173604],[-136.3854294753241,57.95201931179639],[-136.37989847103754,57.94500431276137],[-136.37968446827833,57.93989931288516],[-136.3760054676981,57.939463313451064],[-136.3758154653117,57.935047313558805],[-136.377898462492,57.92942231334324],[-136.38777745804404,57.919386312023875],[-136.39507945191244,57.906651311143946],[-136.40118844865518,57.89949031034562],[-136.4242344382627,57.875997307271824],[-136.43840743052817,57.85901530542779],[-136.44475942818954,57.85351430456384],[-136.44759442919613,57.85490530410952],[-136.45119342716478,57.850463303643686],[-136.4578814257111,57.84656230270058],[-136.4609834269184,57.84828430219978],[-136.461793428874,57.85181130201379],[-136.45884942971466,57.85390430242221],[-136.46220043128747,57.85626730187223],[-136.46194343251193,57.85860830186912],[-136.45404143371815,57.86225430300097],[-136.45562243489175,57.864177302726944],[-136.449490436154,57.86761730359441],[-136.447973438224,57.871761303749985],[-136.45458143827656,57.870702302767434],[-136.46730743663176,57.86539230093439],[-136.469169438869,57.869258300582715],[-136.4735454387325,57.86823729993788],[-136.47279544016087,57.87104430000098],[-136.47887444138445,57.8722732990574],[-136.47786344498925,57.87920029908575],[-136.4714724480989,57.88613729992948],[-136.46582344682042,57.88473230081121],[-136.46455444853922,57.88817030094157],[-136.46232044880668,57.88906130126421],[-136.46625544988052,57.890382300643886],[-136.46710045117433,57.89265430047467],[-136.47412045309727,57.895024299367435],[-136.48271845084162,57.88930429816708],[-136.48429145486213,57.89654829779749],[-136.4777454547527,57.89748629877336],[-136.4816424566819,57.90041229812934],[-136.48913645693239,57.899573297008075],[-136.4911104585387,57.902231296660425],[-136.49980445794054,57.89959829538975],[-136.51265746082308,57.90274729338302],[-136.52111446140063,57.902355292107416],[-136.5175114655239,57.91068429250213],[-136.51440746697068,57.91392529291401],[-136.49966746980448,57.92177829500738],[-136.494752468703,57.920578295775],[-136.49048547044018,57.92456229634987],[-136.4824134699787,57.925107297564786],[-136.48368847096188,57.92671929734194],[-136.48873847084909,57.925629296595616],[-136.49273647180797,57.926722295969086],[-136.47409747604482,57.93786729859509],[-136.47798747596622,57.937043298019574],[-136.48470147408506,57.93236729708564],[-136.48578647577244,57.93532429686736],[-136.4864794737496,57.93143229683299],[-136.49270147244434,57.92791529595277],[-136.49945747296795,57.9277162949311],[-136.49843147480905,57.93132829502103],[-136.5003854751946,57.93170729471754],[-136.5083204738575,57.92783429358405],[-136.50460547549693,57.931537294080336],[-136.50523647671432,57.93369729394523],[-136.51066447503746,57.9296272931957],[-136.50638947764094,57.935224293742216],[-136.50664647981125,57.939224293630254],[-136.5121244762085,57.93155729293881],[-136.51275147432617,57.92793829290961],[-136.51860847265715,57.9238072920963],[-136.51976147382757,57.92579029188521],[-136.5187094752105,57.92855229199439],[-136.52308447512723,57.927637291347054],[-136.52405147655833,57.93013829115469],[-136.52663347528156,57.927309290814456],[-136.52564847240612,57.92211629105896],[-136.53291347067642,57.91762729003862],[-136.53134246860847,57.91404029034258],[-136.53741746986447,57.91533028939734],[-136.5384404719147,57.91897928917535],[-136.5469794713011,57.916353287927755],[-136.55126647430166,57.92120928718822],[-136.55773146985902,57.91179728637996],[-136.56117647116923,57.91364628582317],[-136.565765471041,57.91261228514605],[-136.5650084735767,57.91747628517128],[-136.5670564737506,57.91744628486118],[-136.56878747527938,57.91999928455146],[-136.57206547476503,57.91847228408227],[-136.57279147571504,57.92011928394166],[-136.572862477862,57.92411228385729],[-136.56949347843437,57.92576228433821],[-136.57330847936987,57.926847283739185],[-136.56849148098416,57.93069028439954],[-136.57176048184115,57.93172228388441],[-136.55620048370102,57.93788028613304],[-136.54957248261354,57.93700128715529],[-136.543517485987,57.94433428793973],[-136.53584748493157,57.943697289115875],[-136.53973348811755,57.94895728842911],[-136.55012748550925,57.94230028697362],[-136.553152485835,57.94238328651291],[-136.55189149011156,57.950565286553655],[-136.55576249182607,57.953087285919345],[-136.57047649086985,57.948764283764895],[-136.56936249320495,57.95330328385036],[-136.56093249865677,57.96490128491631],[-136.5510434995923,57.968349286354595],[-136.54956250106687,57.97134628652424],[-136.5446055010686,57.97220628726133],[-136.5414105024874,57.97539528768787],[-136.54531350517743,57.97971828701539],[-136.54297450851277,57.98631628724889],[-136.52761150657565,57.985375289600384],[-136.53439650837586,57.98754428852943],[-136.53464450973473,57.99002428844608],[-136.53886351136364,57.99231828776269],[-136.52698751408988,57.999428289436196],[-136.5351995163251,58.002155288137835],[-136.5357515177799,58.004757288005955],[-136.53196251916177,58.007973288522486],[-136.53110852056483,58.01072128860134],[-136.5338925231415,58.0150152880989],[-136.53258052456317,58.017875288245364],[-136.53383252538927,58.01918928803072],[-136.54581052353444,58.0136872863115],[-136.54073652136813,58.01054828714102],[-136.5411035206744,58.00919928711019],[-136.54394552069178,58.00874128668665],[-136.55553152495318,58.01464028481597],[-136.55727252473406,58.013934284564556],[-136.55412252142497,58.008345285146994],[-136.55635252049566,58.00623828484719],[-136.55931752165023,58.00786728436621],[-136.5634175258489,58.01494128361142],[-136.56751252791722,58.018067282930815],[-136.56341952880464,58.02041528350956],[-136.5570055321209,58.02765828435005],[-136.55770953332427,58.02976428420384],[-136.56455553490687,58.031514283130214],[-136.56480253606384,58.0336122830536],[-136.5611655368836,58.035754283566746],[-136.56110553825414,58.03829928352843],[-136.56220753931177,58.04006528332794],[-136.56663853997694,58.04053328264521],[-136.5597025411028,58.0438072836393],[-136.56053154357255,58.04822928343072],[-136.55707954493528,58.05134028389794],[-136.55711154753251,58.05613228380377],[-136.5591595479269,58.05650828348518],[-136.55858154998094,58.06040028350048],[-136.56001955171882,58.06336128322625],[-136.5554985541033,58.06853828381779],[-136.5494785542182,58.069784284710735],[-136.54823755505782,58.07154628486655],[-136.55033555663772,58.074100284499615],[-136.55623655782293,58.07527228357957],[-136.5562675587749,58.07702228354224],[-136.55243656051834,58.080894284052846],[-136.5478245594177,58.079657284778065],[-136.54693155812768,58.07743228495561],[-136.543497557711,58.07725428548156],[-136.5420985585283,58.07900128566192],[-136.5398905576867,58.077829286019806],[-136.5385835606337,58.08348628611336],[-136.54273656288206,58.08691628541709],[-136.5436335644596,58.08966828522917],[-136.53870456451241,58.0906122859619],[-136.53727056507896,58.091902286156234],[-136.53872956607466,58.0934852859044],[-136.53431856667044,58.09534028654146],[-136.5163335661136,58.09740628924124],[-136.5068965643138,58.09571629070966],[-136.50013956861082,58.10479029156985],[-136.495011567561,58.10374129237007],[-136.49877356384576,58.096253291936236]]],[[[-136.3239606407078,58.26709431543025],[-136.32201363995082,58.26605431574659],[-136.31791364159034,58.269745316304494],[-136.31161764134623,58.270391317253896],[-136.30429963971014,58.26868331840249],[-136.30244563830178,58.26644331872662],[-136.2971986384418,58.267607319506354],[-136.29188863713367,58.26614832034357],[-136.28081063719674,58.268185321997514],[-136.28210163481378,58.26362632188373],[-136.28543163319276,58.26009832143984],[-136.29493463234127,58.256899320047964],[-136.30820363264877,58.255158318054654],[-136.29221162880884,58.25094032057254],[-136.2873256244533,58.243854321447465],[-136.2984006231112,58.23948531983741],[-136.3097196189441,58.22992231828554],[-136.31556761896974,58.228954317411066],[-136.31948061988845,58.22995131679593],[-136.3340316273945,58.241114314370925],[-136.34020162930844,58.24353431338492],[-136.34064062790145,58.24089431336631],[-136.34545762869055,58.24149931262017],[-136.3469036299754,58.243590312360915],[-136.34458563149016,58.246750312656424],[-136.34767463273639,58.248486312153126],[-136.3519366337224,58.24954531148296],[-136.34863163045793,58.244170312086545],[-136.35335663108347,58.24449331135962],[-136.35715563501822,58.251003310659634],[-136.3648126376239,58.25442530942758],[-136.3652536419707,58.26225930921523],[-136.35602764260318,58.26500131057294],[-136.34889364027248,58.26199331171785],[-136.3374096385423,58.26082931349242],[-136.32280463405996,58.255198315825474],[-136.31273863246844,58.25404431738292],[-136.32379563541295,58.25748931563202],[-136.3214526373178,58.261361315918506],[-136.33831164140074,58.26587331326179],[-136.3434916444332,58.270493312385575],[-136.3411256448833,58.27172031272414],[-136.33776164411273,58.27090031325303],[-136.3358776426343,58.26853731358416],[-136.3239606407078,58.26709431543025]]],[[[-135.77569859049223,58.27260039896636],[-135.76984458671382,58.26677439995646],[-135.75736958584974,58.26745440184608],[-135.75431458458397,58.265700402340876],[-135.75354058101976,58.25934340256512],[-135.74704257671183,58.25266340366672],[-135.74332157569663,58.25148540425319],[-135.74194857266878,58.24620940455023],[-135.7351205687079,58.240216405689765],[-135.7261005669573,58.23865640708927],[-135.72080956691315,58.23953640788059],[-135.71618356397437,58.23500940865984],[-135.71739956346104,58.233850408493886],[-135.7164755629444,58.23307440864758],[-135.68375555729978,58.22871341370115],[-135.67654255417168,58.224309414871485],[-135.67197055328754,58.22352641558013],[-135.64203655421457,58.2306874200197],[-135.6305415488256,58.22293642189543],[-135.6240635436248,58.21460742301664],[-135.6122875401687,58.21043942487605],[-135.5827495337225,58.204058429472724],[-135.58051053461753,58.206109429780184],[-135.58964053797132,58.210573428319414],[-135.58893253976308,58.21398342837221],[-135.5834805388531,58.213319429212405],[-135.57346453531954,58.208691430810454],[-135.57193553454692,58.20755743106132],[-135.57506053398507,58.20595343061179],[-135.56819153166234,58.202962431704634],[-135.56863153028274,58.2003534316796],[-135.5655365283926,58.1974594321967],[-135.5530495257501,58.1949164341364],[-135.54810652317664,58.191109434948714],[-135.54733752195216,58.1890054350992],[-135.55240452037717,58.18518143438981],[-135.55085251777936,58.180700434697144],[-135.54873351687263,58.17942743503976],[-135.53862051700855,58.18154443654332],[-135.53429351847154,58.18502843714574],[-135.53387452029997,58.18846043715483],[-135.52896051949372,58.18788943791106],[-135.51744151582585,58.183289439735255],[-135.50851151098604,58.17605744120711],[-135.49577050697764,58.17105644322253],[-135.49598150619315,58.16957644321368],[-135.50501150562934,58.16686644188419],[-135.50339250286476,58.162085442205644],[-135.5095615030024,58.16119444128234],[-135.51320750044496,58.15581644081314],[-135.51942750024372,58.154293439892285],[-135.52641650133242,58.155001438819056],[-135.52587749636237,58.14595743904396],[-135.5232474939152,58.14194043950676],[-135.5217214899388,58.13490143984962],[-135.5217554865391,58.12863143994327],[-135.52650948167224,58.11877743937642],[-135.54078047770477,58.108810437366685],[-135.54073247387694,58.10175343748505],[-135.56575047095336,58.091714433846064],[-135.56799347147066,58.092254433497054],[-135.56964947313608,58.09502443320191],[-135.57324547382368,58.0956284326465],[-135.58428847444344,58.09472943098454],[-135.58732247220647,58.09003543059851],[-135.58721246664282,58.0797714307778],[-135.589009465664,58.077628430539036],[-135.59277646564908,58.076903429978785],[-135.5957704640626,58.07341442957986],[-135.59492546136343,58.06857642978457],[-135.60424146180455,58.06766842838549],[-135.61510045949066,58.06137642683794],[-135.61659445842923,58.05913442664689],[-135.61154645534816,58.05436142748834],[-135.61318645470456,58.05286542726323],[-135.62525845503714,58.051248425457764],[-135.62817245414496,58.04905642505043],[-135.6669544608521,58.054324419083535],[-135.69334046372316,58.05478441507285],[-135.70374846660638,58.05821041343837],[-135.71595346836148,58.05921841156994],[-135.72142746867067,58.058786410746116],[-135.72589546693206,58.05474741013342],[-135.73256846831126,58.05607740909945],[-135.73511846753237,58.05416740874344],[-135.75033746762657,58.05155340647635],[-135.75473346971464,58.05461540575932],[-135.75923447048194,58.05521240506663],[-135.76855547047228,58.053489403680054],[-135.7769434725049,58.05571940237064],[-135.79010347378426,58.05568440037383],[-135.78162947041616,58.05099540173659],[-135.78351246691824,58.04417140156249],[-135.77546946362813,58.039544402858326],[-135.76505246158857,58.03766940446931],[-135.76078245908465,58.03380840517989],[-135.76022345770474,58.03135140530455],[-135.75121345419444,58.02649040674991],[-135.74809745429692,58.0272524072103],[-135.74685745686364,58.0322414073175],[-135.743949457142,58.03329140774164],[-135.73344445481752,58.03090740937368],[-135.7228594542693,58.03183441096432],[-135.74030745812067,58.03577440825408],[-135.74763246326359,58.04396540701008],[-135.74249746512044,58.04834740771798],[-135.72032046488846,58.051985411024035],[-135.6905554610799,58.0504004155658],[-135.69041146038828,58.049145415607704],[-135.69394746075918,58.04918241507064],[-135.69395745989343,58.04757641509503],[-135.69118145916562,58.046738415529575],[-135.67209745834845,58.048738418392716],[-135.66653545494606,58.043457419320866],[-135.64863444828694,58.034412422180026],[-135.6559514487541,58.03392742107812],[-135.6728784533095,58.039253418425965],[-135.68007645641208,58.043679417263235],[-135.68817845697097,58.04322341604155],[-135.68674845782857,58.04507641622881],[-135.69841745884207,58.04480741446285],[-135.69209745566644,58.04008341549764],[-135.69459045459712,58.03764141515849],[-135.68716145317728,58.03637641630575],[-135.6794274494093,58.030811417567804],[-135.66679144821362,58.030923419482086],[-135.6643614462325,58.02769541990207],[-135.6566964442923,58.02550942109917],[-135.66881344605767,58.02654941924537],[-135.67209144780978,58.02919641870612],[-135.67850144830584,58.02893441773826],[-135.70630845413893,58.0346354134296],[-135.70038345078217,58.02949841441067],[-135.6737594446634,58.023048418551205],[-135.65363044249509,58.02273942160814],[-135.64273644247507,58.0247164232285],[-135.6304774399201,58.02224042512623],[-135.62635143827669,58.01995242578786],[-135.62555043687829,58.017503425947936],[-135.63692843405272,58.01014542433985],[-135.63367343021338,58.00361042493645],[-135.63697442943086,58.00154342446885],[-135.63853342575197,57.99441042434528],[-135.64381042462574,57.991336423594234],[-135.66490042478296,57.987724420455905],[-135.6890934291245,57.99133341673277],[-135.70263643323386,57.996480414598004],[-135.70805343325094,57.995513413792516],[-135.7274684397485,58.004021410713094],[-135.7300874409084,58.005695410289256],[-135.73037144263182,58.00884641019541],[-135.73483244433194,58.01118540948136],[-135.7508764438591,58.007359407110535],[-135.74661944063016,58.002139407840275],[-135.7477384402162,58.00116440768645],[-135.76199844225505,58.002336405505474],[-135.77391244242793,58.00047240372946],[-135.7772124412544,57.9976854032743],[-135.7866924408538,57.995202401877464],[-135.79342443807377,57.98879740096092],[-135.77220143556497,57.98802040419052],[-135.77865943456985,57.98498340326075],[-135.78332443491394,57.98476840255712],[-135.78778043631416,57.9865574018528],[-135.7926224356945,57.984516401151886],[-135.80322144009037,57.99075539944402],[-135.8247314416628,57.98974639619954],[-135.82884344164003,57.988952395589145],[-135.8289054406454,57.98709039561025],[-135.82315843955047,57.986103396497455],[-135.8093534389849,57.98757639856617],[-135.81124243710966,57.98374039834237],[-135.79989343637422,57.984449400051],[-135.79702043438644,57.981275400538074],[-135.78651743266843,57.980002402150504],[-135.76098443192527,57.98330540596678],[-135.74036043272804,57.98859140900721],[-135.7191794258199,57.97963041236061],[-135.70153942275053,57.9771674150726],[-135.69913742098805,57.9743274154818],[-135.6874724195512,57.97380541725721],[-135.6866074184251,57.97186641741906],[-135.68875341581025,57.96659541717785],[-135.66508741552576,57.97044442070141],[-135.65853341212778,57.96532342177483],[-135.65710940656643,57.955212422150026],[-135.66606140441775,57.94954142088398],[-135.6728694044441,57.94832841987236],[-135.67496440387862,57.94688441957798],[-135.6727344029017,57.94547341993808],[-135.6755414025433,57.944283419531715],[-135.65819640128396,57.94514842214399],[-135.6541904022818,57.947755422709406],[-135.6516204049444,57.95320342301278],[-135.64163740458162,57.9543794245058],[-135.6424444109996,57.96620342419767],[-135.6467054144384,57.9718244234638],[-135.64846741938834,57.98072142305634],[-135.6127704183292,57.98537242839061],[-135.59330841867774,57.989639431272046],[-135.58177342178618,57.99757143289533],[-135.58100842371235,58.00129743295307],[-135.58280742425194,58.00196643267011],[-135.58018542588863,58.00549843301197],[-135.57264342656438,58.00815843411332],[-135.56975242857354,58.01243143448454],[-135.56432742941783,58.01501043526643],[-135.56783743429762,58.02342343460286],[-135.56274944001382,58.03498143519329],[-135.56515544137926,58.03706743479593],[-135.56546344359637,58.04112343468551],[-135.5609094448698,58.04433143532578],[-135.5516674433538,58.04323843674425],[-135.54879344580348,58.04831543710068],[-135.55027644865632,58.053327436797304],[-135.54719145129965,58.05879843717956],[-135.54704845332392,58.062574437142004],[-135.5415494496569,58.05680443806628],[-135.52851345180088,58.06320143994344],[-135.5211054511673,58.06340744106376],[-135.51698345176513,58.0652824416597],[-135.51268945420026,58.07059044222832],[-135.50388645387383,58.0716264435475],[-135.50370545547565,58.07462444352816],[-135.51306645572183,58.07333644212838],[-135.51310345674042,58.075214442093355],[-135.51081045703125,58.07617944242612],[-135.50481445677406,58.076820443325644],[-135.50020645558897,58.07548644404548],[-135.50143145481852,58.07383244388545],[-135.50072245267953,58.070005444052434],[-135.49516145215657,58.070074444894935],[-135.49356745385668,58.07351844508311],[-135.49092845404505,58.0743594454705],[-135.49310445465775,58.075087445129114],[-135.4928854553333,58.07637844514223],[-135.48474545560435,58.07839844634547],[-135.48229345674153,58.0809594466778],[-135.49570445825333,58.081254444638745],[-135.49675546147398,58.08701444438949],[-135.49045246235607,58.08981944530236],[-135.48741145941844,58.084955445839356],[-135.48016745845143,58.08451844694494],[-135.4797364563761,58.08076044706868],[-135.48249545530345,58.07826144668903],[-135.48170245458525,58.07708044682751],[-135.47654745507313,58.07894544758058],[-135.4735194565634,58.082267447988535],[-135.46860045678378,58.08359344871416],[-135.46707545743595,58.085084448922395],[-135.4698464578649,58.085360448497696],[-135.46898745826607,58.0862624486141],[-135.4625464568001,58.08475444961455],[-135.46442445880194,58.08810544927791],[-135.46248245911488,58.08904644955777],[-135.4513624587423,58.0904354512234],[-135.46084145675482,58.084989449869546],[-135.4590374556675,58.08331545016919],[-135.4583704565219,58.08502045024392],[-135.4540654563258,58.08546245089021],[-135.44553745786249,58.08989845211533],[-135.43331745651676,58.089696453972245],[-135.43893045834537,58.09202645308498],[-135.4413494600991,58.09481545267499],[-135.4515984623183,58.09700045108607],[-135.4473034648167,58.10241845165414],[-135.44237946460052,58.10293945239316],[-135.43786046319138,58.101181453105966],[-135.43699846249135,58.10004945325427],[-135.4396884620394,58.098711452866844],[-135.43115145923338,58.095123454217294],[-135.40950145593234,58.09307745753315],[-135.41352745674683,58.09382845691093],[-135.41091745679807,58.0944124572979],[-135.41735545742165,58.09435845632206],[-135.4061894569607,58.09559945799683],[-135.41988145809387,58.095127455926985],[-135.41846946009312,58.09908645608042],[-135.42312546123893,58.10033145535477],[-135.43179246175367,58.09966045405025],[-135.43560346359357,58.1023464534304],[-135.41878746167296,58.10194545598823],[-135.4260374630763,58.10318045486912],[-135.43710246683546,58.108052453114915],[-135.44009346641465,58.10671645268173],[-135.44443146850688,58.109768451976116],[-135.44861746807385,58.108187451365445],[-135.44458346860998,58.10993045195066],[-135.44636147032156,58.11275745163695],[-135.45798147517027,58.11953444976822],[-135.46473347959844,58.12644144863567],[-135.46419248084703,58.12884344868052],[-135.46781948266008,58.13150944808817],[-135.4582584832233,58.13432844949614],[-135.4339994817325,58.136106453152],[-135.4225294830009,58.14058445482422],[-135.42152948454867,58.14362145492891],[-135.41179748456864,58.14547645637813],[-135.3975384824046,58.144158458563645],[-135.3818884757362,58.13480446108352],[-135.35943947038572,58.12915346457739],[-135.34920046641332,58.123751466213676],[-135.34498946612226,58.12400646684899],[-135.3359164637178,58.121277468267245],[-135.3311594638688,58.122451468971306],[-135.32089046073344,58.118600470587765],[-135.32790946054527,58.11693046954795],[-135.33652246272115,58.11932446820496],[-135.33987746230724,58.11792946771702],[-135.34212446005236,58.1133444674457],[-135.34599545913605,58.1109244668951],[-135.3407174563244,58.106725467759595],[-135.33021045369333,58.10384446939689],[-135.32134845322412,58.10464847072893],[-135.3247414549817,58.10725547017507],[-135.3319714547915,58.10554146910426],[-135.3301764558828,58.10789546934075],[-135.31934145475807,58.10786047098492],[-135.3059514491174,58.099965473134965],[-135.30384044761558,58.09758847349075],[-135.30475144650148,58.09535647338613],[-135.2948204422083,58.08929447498303],[-135.28388544177963,58.090570476621835],[-135.28303644249465,58.09205347672861],[-135.29338544294237,58.09092347517614],[-135.2921074436161,58.0924114753477],[-135.28285944336665,58.093699476730826],[-135.27238444437535,58.09754747826157],[-135.25168944174476,58.096605481413654],[-135.2354674380976,58.092939483927495],[-135.22366343793573,58.094882485688245],[-135.19534043168233,58.08870349007282],[-135.1812364294234,58.08721149223228],[-135.17562442889718,58.087308493081395],[-135.17116043049026,58.09110849370243],[-135.16211942964745,58.09127449507015],[-135.14295142615322,58.08847149801593],[-135.1155234248912,58.091386502130106],[-135.08578041645896,58.08148150677924],[-135.08414641559676,58.08019850704519],[-135.08300141253213,58.07474050729686],[-135.08051741143316,58.07318150769547],[-135.08789241086725,58.07071450661378],[-135.10663941323938,58.0715105037628],[-135.11364241527943,58.073947502666805],[-135.11759041433638,58.071442502105],[-135.11474441225891,58.06813750258368],[-135.12970041345372,58.0674845003278],[-135.13258541301207,58.06611249991062],[-135.1314964122081,58.06483050009398],[-135.1151444101732,58.06419350257989],[-135.10000140546495,58.058368504956896],[-135.09904640576164,58.05910250509095],[-135.1013484074507,58.06179350470388],[-135.09800940763054,58.062768505195464],[-135.09955340845758,58.064005504943815],[-135.0855654075048,58.06492750704899],[-135.0761424034873,58.05928850855657],[-135.07268540295937,58.05897450908444],[-135.07034540399724,58.06135050940486],[-135.0498094014073,58.060503512526466],[-135.0466564000281,58.05855251303157],[-135.03871039879758,58.05780251424507],[-135.02936439827872,58.05864451564815],[-135.0223603967489,58.05715851672958],[-135.022000395831,58.05552451680708],[-135.0186653948254,58.05430251732906],[-135.00659239317466,58.05357351916693],[-134.99121738973415,58.050162521541736],[-134.97720338815475,58.04994652366575],[-134.97420338660575,58.04765152415186],[-134.9677433859184,58.04762852512973],[-134.96080438266299,58.04292752624512],[-134.95476938131793,58.0416005271766],[-134.9459703754613,58.03242252863502],[-134.94929637509685,58.03109752815014],[-134.95674537089155,58.02182252715188],[-134.9621333656932,58.01109352648538],[-134.967484364356,58.00756052572517],[-134.99442437418574,58.020631521469284],[-135.00467337652688,58.02300051988574],[-135.0477373849139,58.030266513268344],[-135.08801739051825,58.032915507135094],[-135.09230138915916,58.02956350653451],[-135.09190238811988,58.02770750662115],[-135.10577938509525,58.019408504639706],[-135.11711038138213,58.01031550305502],[-135.12217637752946,58.00216450240511],[-135.12165937418348,57.99602850257075],[-135.14033437240028,57.98910949984513],[-135.15874637225457,57.985297497115006],[-135.18617237511876,57.98537449296572],[-135.21157737558673,57.981379489180554],[-135.26482938890413,57.99603448090994],[-135.30195439119188,57.99323147533261],[-135.34585239576276,57.99341746868565],[-135.3723493961725,57.989165464738576],[-135.38004039318838,57.98214946367961],[-135.38328939004063,57.97566546328504],[-135.38346338755176,57.97098946332881],[-135.37643638423182,57.96612346446493],[-135.34372837435927,57.95388846959522],[-135.33424837060883,57.948680471106144],[-135.33380536894737,57.945658471217804],[-135.3635593660024,57.93449746688403],[-135.37988635842078,57.91720346467253],[-135.39458035674699,57.911279462539575],[-135.41679735712995,57.90778645923348],[-135.43780236037284,57.909890456026844],[-135.48239236014788,57.90105044941963],[-135.49671936497293,57.90739644715741],[-135.51094736666786,57.9078954449986],[-135.55173236774988,57.902264438917875],[-135.58054037099507,57.90295043455132],[-135.59908537419545,57.905480431707566],[-135.62992038274373,57.91573742688415],[-135.65289339063116,57.926222423244],[-135.68649539817798,57.93409741803462],[-135.68854039935084,57.93591041769639],[-135.69503940008312,57.93607541670999],[-135.6999844016819,57.93814741592845],[-135.7007834034095,57.941227415758696],[-135.72155440502723,57.940409412627055],[-135.72537240746504,57.944257411987564],[-135.73586941062266,57.94821541033482],[-135.7413044109833,57.94788640951713],[-135.7657074163999,57.95350140573126],[-135.84293144402483,57.990816393422705],[-135.874276451717,57.99940738852837],[-135.89460045574037,58.003189385383465],[-135.90466445570186,58.00129038388833],[-135.90676245589552,58.00126938357065],[-135.9234294459454,57.979740381400525],[-136.02331338116466,57.84042436858739],[-136.02815038471215,57.8462153677596],[-136.0402533869871,57.848296365893944],[-136.06266739424376,57.8578693623425],[-136.06791539436557,57.85714936156038],[-136.07074939526254,57.8583213611119],[-136.07241439735495,57.86194836079887],[-136.07638939920574,57.86470436015096],[-136.0969464035033,57.869059356966],[-136.14073042304696,57.89780634984745],[-136.14042242466283,57.90088534984167],[-136.13615042410433,57.90060635049357],[-136.13863542832655,57.90805834998973],[-136.1537514315349,57.91135034764295],[-136.17060444005307,57.92425334486715],[-136.17900544194808,57.926292343558444],[-136.18742144563632,57.931676342189625],[-136.1996154533888,57.943966340127844],[-136.20589245567103,57.94710433912149],[-136.20717045727494,57.94986633887964],[-136.21976946134188,57.95520533687547],[-136.22768246226784,57.95552533566954],[-136.22730146324392,57.957411335694495],[-136.22993446332092,57.95708733530068],[-136.22783646457455,57.95979433557177],[-136.2351114652938,57.95984333446714],[-136.23945446691582,57.9620933337688],[-136.2415214696561,57.96682833337237],[-136.2415784738228,57.9745703332278],[-136.24820347785686,57.98089933211126],[-136.25865447994627,57.98293533048909],[-136.29564249240283,57.999547324579375],[-136.3046875014845,58.01480332293428],[-136.32864550926413,58.02501431911194],[-136.33410451653137,58.037513318058345],[-136.338010516792,58.037311317468074],[-136.3460855214339,58.044486316111694],[-136.3675225286612,58.054103312678976],[-136.37911653120472,58.05678131086728],[-136.38256753089058,58.055599310363895],[-136.39489453684402,58.06444930832851],[-136.40674454031065,58.06878830644687],[-136.42082554573742,58.07635630416644],[-136.4296385517772,58.085965302649534],[-136.43226455614675,58.09356230211047],[-136.432969561225,58.102792301833524],[-136.43853656517058,58.10909030087019],[-136.4466715682213,58.11329629955403],[-136.44519356855315,58.11416229976309],[-136.44558657001588,58.11678429965491],[-136.44816357264173,58.12116729918153],[-136.43821157417207,58.125699300613626],[-136.4281965729507,58.12518630214845],[-136.42046957585552,58.13186030320235],[-136.4086465774492,58.13683330491174],[-136.3978915759301,58.135906306567115],[-136.3907895771816,58.13943530758413],[-136.379889576332,58.13976530923838],[-136.37846657784561,58.142791309399755],[-136.37946357925998,58.14521430920345],[-136.36903558046814,58.14924031071831],[-136.36010757661782,58.143724312179074],[-136.33973657121615,58.13734831539807],[-136.3354145676367,58.131525316162005],[-136.32606656282982,58.1243193177159],[-136.31452156130896,58.123537319487674],[-136.31677656014128,58.12099631919033],[-136.30822655865367,58.119753320514434],[-136.30724555764866,58.11807632069403],[-136.29953955531477,58.11512932191995],[-136.29172755489844,58.115729323098165],[-136.2839965453897,58.099576324564794],[-136.2697475445367,58.100503326716314],[-136.28409655750542,58.12186032414951],[-136.29005356122863,58.12766432313817],[-136.29608756291836,58.12971532218265],[-136.30061056288307,58.12886032150933],[-136.30478156544729,58.132844320802434],[-136.30575056757388,58.13658232058737],[-136.30408656974396,58.14085832076347],[-136.29940657053808,58.143133321435045],[-136.29515657021935,58.14329032207946],[-136.29071356812764,58.14022532281141],[-136.28823157102462,58.1459783230856],[-136.2760565694331,58.14518432495405],[-136.2784915684057,58.14287232462469],[-136.27574256786895,58.14236732505244],[-136.2671205680844,58.14427132633113],[-136.2688825696691,58.14687232601602],[-136.29353657426574,58.151000322186874],[-136.30411257719476,58.15452932051208],[-136.31603957770992,58.15339531871587],[-136.32135857878728,58.15444531788657],[-136.32738558261593,58.1604173168599],[-136.32777858465715,58.16409131673321],[-136.3248985851181,58.165437317147436],[-136.32503658628687,58.167555317087825],[-136.33453259056688,58.173745315527974],[-136.33632759187327,58.175826315216405],[-136.33483459269328,58.17758731541199],[-136.3437035953868,58.180978313998246],[-136.35430160242112,58.192011312180604],[-136.3562396023903,58.19161931189231],[-136.36093160443906,58.19455331112319],[-136.35662960566037,58.19753131172441],[-136.34708960224427,58.19293831326304],[-136.34387060010656,58.189586313815376],[-136.3409935996466,58.18924431426005],[-136.3420776011501,58.191806314047916],[-136.34801460410606,58.19618231306272],[-136.35001060359355,58.19489931278191],[-136.35224460451408,58.19619531241737],[-136.3497916049165,58.197356312770296],[-136.3542436084882,58.203113311985796],[-136.35845560897218,58.20326831134045],[-136.35970861088538,58.20654731108925],[-136.3654776137002,58.210690310133074],[-136.3625186150007,58.213577310531385],[-136.3582506146932,58.21375431117908],[-136.3563076190506,58.222044311322925],[-136.3539826195382,58.22333631165392],[-136.34525861840066,58.222770312995095],[-136.3393446163873,58.22012031394594],[-136.33484361448797,58.21743331468163],[-136.32929961003182,58.210257315658644],[-136.3218276083579,58.208496316830406],[-136.30967360775026,58.20949731866559],[-136.31215561007835,58.213318318217226],[-136.31167761106244,58.215198318255894],[-136.30472261094957,58.21620031929825],[-136.29556361320815,58.221915320590846],[-136.2821836129412,58.22375532259808],[-136.27749760433687,58.20885932358342],[-136.27887160111854,58.20273832348487],[-136.27680459847647,58.19826832388101],[-136.27313759712456,58.196435324473285],[-136.26921559774837,58.19826032503805],[-136.2620455948859,58.194276326203166],[-136.25839359473972,58.194646326752995],[-136.24413458700425,58.182982329136394],[-136.23753157484057,58.161850330521936],[-136.23779557298968,58.15840933054336],[-136.23526657057317,58.15441933099992],[-136.22108557081208,58.15734533310736],[-136.21060456728407,58.15271233478616],[-136.20755956356712,58.14642433536174],[-136.1968025585743,58.13914633712899],[-136.19658055739873,58.13702533720037],[-136.19890255747583,58.13675833685177],[-136.2011985558642,58.13339233656188],[-136.19869455020705,58.12343133711971],[-136.2010575471085,58.11731433686868],[-136.2056825444871,58.11167433626485],[-136.20322253458218,58.09386033695439],[-136.196646531926,58.09012333802065],[-136.18947253107532,58.089821339117144],[-136.18325152628148,58.082077340199476],[-136.15079051944153,58.07519934525525],[-136.13110551757833,58.07525234824685],[-136.11568551308594,58.0696953506873],[-136.10476550883104,58.063776352449395],[-136.10204750935947,58.065237352837194],[-136.10148851061678,58.06766035288011],[-136.0982905105089,58.068030353359774],[-136.097228511213,58.069520353495456],[-136.09908051246325,58.07150035317969],[-136.10273051381165,58.07334135259291],[-136.1117245149571,58.07385635121689],[-136.11579851744088,58.077718350530596],[-136.1220565190909,58.079652349545796],[-136.16885353017526,58.09180634221772],[-136.17540953479389,58.09916134109141],[-136.18631153785657,58.102879339367455],[-136.1873715395508,58.1058133391545],[-136.18429454201606,58.11089633953267],[-136.1873895448534,58.11557333897923],[-136.18534054773812,58.121243339190684],[-136.17309955209586,58.13141734087379],[-136.16909055559694,58.138559341357606],[-136.17622355916174,58.14385034017821],[-136.1871365669223,58.15617533829809],[-136.19457757616408,58.171814336886506],[-136.19794557791448,58.17443033632688],[-136.19951957678788,58.17208933612888],[-136.20366257845635,58.17441933545609],[-136.19295458496745,58.1882233368411],[-136.1844545858292,58.19129333808159],[-136.17891158834385,58.19686833882679],[-136.17121658867052,58.198818339964795],[-136.16230659052948,58.20378434123415],[-136.1557555905392,58.204954342211785],[-136.1567325932261,58.20969434197856],[-136.13617359277234,58.21248334506259],[-136.1380585942428,58.21483834473344],[-136.16249159878126,58.21883134093811],[-136.16182959963749,58.22051134100897],[-136.14886859871038,58.221096342974384],[-136.1441195997721,58.2238703436492],[-136.13902759956963,58.224396344416164],[-136.09682859227817,58.2185193509527],[-136.09500359052902,58.215646351281514],[-136.0718265893733,58.21763235477879],[-136.06293458634235,58.21366835620345],[-136.05910058317056,58.20854935687712],[-136.0491905813821,58.2070363584136],[-136.0319835731914,58.19510636124262],[-136.00925856532578,58.184746364883274],[-136.00002656473973,58.18531836627922],[-136.0015755658141,58.18701036601396],[-136.00641956605676,58.186591365283775],[-136.0078175669461,58.1879713650468],[-135.99497356628316,58.18904636698413],[-135.99386256573283,58.188236367167356],[-135.99987856566923,58.187047366271706],[-135.99941256513148,58.18614536635843],[-135.97875955968007,58.17984236961148],[-135.97499055681942,58.175271370263815],[-135.96959655572357,58.17422637110293],[-135.9603725560299,58.17643837246918],[-135.95966755677009,58.17792137255107],[-135.96295655847737,58.18046237200679],[-135.9636685594788,58.18217037186909],[-135.96214556004497,58.1834803720785],[-135.96645356219372,58.18664737136811],[-135.9775045648668,58.18956936963531],[-135.97469956594915,58.192052370019624],[-135.97581056683072,58.19346836982617],[-135.97297456747447,58.19515337022901],[-135.97167557069199,58.2012743703213],[-135.97320457089913,58.20138037008669],[-135.97794356852384,58.19618736945431],[-135.97819256917413,58.19733336939677],[-135.97414357292092,58.20491236988264],[-135.96614057568135,58.21138937099004],[-135.95844857638238,58.21404437211607],[-135.9562335776704,58.21679437240621],[-135.94604757775102,58.218761373924025],[-135.9418735788034,58.221430374514256],[-135.94321858078382,58.2248083742512],[-135.91588258666374,58.240431378148244],[-135.91419858849648,58.2440763783424],[-135.89994558960944,58.24865738043608],[-135.8885495878073,58.24741138219413],[-135.8717605884336,58.25156338468188],[-135.85400459271904,58.26256138720082],[-135.83828159369932,58.26717138951907],[-135.8347435947513,58.26972339001511],[-135.8355855974419,58.274471389806116],[-135.8339005989335,58.27748939001176],[-135.82358260093093,58.282978391491724],[-135.7978996011295,58.2879593953232],[-135.78340059900827,58.28671239755492],[-135.78022159748483,58.284513398076605],[-135.77569859049223,58.27260039896636]]],[[[-136.03733363421853,58.30539635849505],[-136.0345216188572,58.27798135940697],[-136.0370456164278,58.273115359107436],[-136.058163619785,58.27549135584391],[-136.06645861742422,58.269731354680005],[-136.0772576171399,58.26730835307548],[-136.07787361622496,58.26553435301287],[-136.0761116150111,58.2636353533153],[-136.0770676141998,58.26198935319855],[-136.08163361406707,58.26094235252048],[-136.0954876139917,58.25836235045298],[-136.11653961656128,58.2593353472244],[-136.1186146195327,58.26438034681809],[-136.1218276209868,58.26646234629092],[-136.13040162009327,58.26332934503867],[-136.13401462086284,58.26409534447388],[-136.14112062441225,58.26930734329654],[-136.14859162679645,58.272334342102276],[-136.1522746305611,58.2785353414292],[-136.15659563165588,58.27976834074755],[-136.14649363403043,58.285854342180414],[-136.1373786345358,58.288370343526616],[-136.12735663764937,58.295783344923755],[-136.1185606369167,58.29599634626277],[-136.10520363969096,58.30337834817005],[-136.09122063748933,58.30183935033214],[-136.0827956372692,58.302921351599174],[-136.0647776386495,58.30859835424908],[-136.06024664105666,58.31376335484925],[-136.05394964079323,58.31439535579933],[-136.04336964214275,58.31870735733846],[-136.03761864198043,58.319427358203825],[-136.03613863769127,58.31190935856242],[-136.03733363421853,58.30539635849505]]],[[[-135.6324896363817,58.381757418987085],[-135.6165926329758,58.3784864214681],[-135.60573162907176,58.37340142320994],[-135.5910956252838,58.36921242551271],[-135.57597861885677,58.360335427965126],[-135.54084360729834,58.34581543356197],[-135.53710860576615,58.34372143416559],[-135.5364316043155,58.34121543430958],[-135.54322860328557,58.33810343332354],[-135.54827460022864,58.33163443265953],[-135.5536725990564,58.328519431887145],[-135.57174859978204,58.32653142916362],[-135.59484660297628,58.328111425615894],[-135.61427660442777,58.327203422667935],[-135.61971560601023,58.32908442180753],[-135.62740560686544,58.32923642063221],[-135.64952660734156,58.32607841731083],[-135.66440461113925,58.330267414972205],[-135.68347161400592,58.33201041203487],[-135.69143561622448,58.334591410777016],[-135.70113762168754,58.34273840916058],[-135.71516062731794,58.35040440689231],[-135.72007663162768,58.35731940602589],[-135.73282763758272,58.36579540393643],[-135.73372663905127,58.36828940375709],[-135.72867064079176,58.3723464044605],[-135.71162264148975,58.37668040699042],[-135.7024826399698,58.37558140840448],[-135.69405364084105,58.3786774096394],[-135.66447764078828,58.383926414067375],[-135.64661663891593,58.38377641679672],[-135.6401776371076,58.38167541781484],[-135.63470663848864,58.38516241859196],[-135.63340463830062,58.385058418792596],[-135.6324896363817,58.381757418987085]]],[[[-134.89351149833806,58.26911653326998],[-134.8767544900892,58.257269535983596],[-134.86614047352992,58.229000537993464],[-134.83865145399986,58.1984885425909],[-134.77161441265898,58.13541455361806],[-134.77209040949666,58.129479553626275],[-134.76906940616567,58.123916554159074],[-134.77169040090791,58.113680553900565],[-134.7759133978681,58.10722755334818],[-134.7760593946195,58.10118555340755],[-134.78022139312472,58.09760055282589],[-134.78567939325106,58.096763552011026],[-134.80144840006062,58.106279549495035],[-134.8116294076819,58.118384547788615],[-134.81287641150527,58.12520754750666],[-134.8190964171781,58.134471546437844],[-134.82068342113624,58.141468546101635],[-134.83187842786663,58.15170154426459],[-134.84467443303265,58.15873254222824],[-134.84953143618463,58.16359554142463],[-134.8531274410353,58.171829540765295],[-134.85724244389368,58.176291540079404],[-134.86431944692356,58.18049253894768],[-134.87793844892846,58.18153853686757],[-134.88587745112238,58.18403453562854],[-134.89968645817348,58.194323533389415],[-134.90177246019678,58.19763753302622],[-134.9011444615633,58.20026953308446],[-134.90596946661543,58.20861353223472],[-134.91487747099785,58.214935530793355],[-134.91874247695603,58.22511653006259],[-134.9137934778306,58.22767453077752],[-134.91175547937087,58.23089053104139],[-134.89482047950082,58.23439753356313],[-134.89278148141062,58.238289533817714],[-134.8848004815823,58.24014553500355],[-134.87832948614758,58.249753535850594],[-134.8781784884078,58.25391853581452],[-134.88446949107805,58.257588534807134],[-134.89038648999235,58.25446053395278],[-134.90219149019848,58.252560532186585],[-134.90384649218382,58.2558735318882],[-134.90863649290617,58.2562715311549],[-134.91185248685127,58.244572530832556],[-134.91975648672633,58.242820529657166],[-134.92150748890836,58.24647752933916],[-134.92531849040887,58.248489528731525],[-134.93478849733725,58.25934052713811],[-134.94641250812123,58.27681152512117],[-134.95147751935082,58.29632852406998],[-134.94835452027593,58.298613524511794],[-134.95528152447986,58.3049475233671],[-134.95709452714786,58.30946052302603],[-134.95253853164817,58.31852652358749],[-134.95333653279937,58.32046852343806],[-134.95087653718372,58.32891552368985],[-134.9513475390519,58.332222523570245],[-134.95709154367657,58.339530522589975],[-134.9540095461518,58.34461652298494],[-134.9553255475758,58.34695152275067],[-134.96372554918503,58.34826952145296],[-134.96672555356193,58.35564252088876],[-134.96706755769742,58.36308052072793],[-134.97021756093136,58.36834452017122],[-134.9629285632678,58.37396952119876],[-134.96561557045547,58.38647752060612],[-134.9594265738348,58.39377352144184],[-134.95859157708264,58.39980852148038],[-134.95994957964425,58.40418252120909],[-134.94743557290366,58.394373523259645],[-134.93225155516438,58.3651335259984],[-134.92036352500415,58.312596528566836],[-134.89351149833806,58.26911653326998]]],[[[-135.86450770957336,58.471919381984634],[-135.86416070698712,58.46734238211782],[-135.86869570614806,58.46503338146433],[-135.88984370823448,58.46503137822808],[-135.90138671050855,58.467069376425705],[-135.91155370987897,58.464143374921086],[-135.91901571066637,58.46423837377739],[-135.9232887103534,58.462922373146625],[-135.9345677053529,58.45195637161428],[-135.94631370680958,58.45250036980719],[-135.9503147093873,58.45642236912533],[-135.95735171035417,58.45691836803968],[-135.9655097131756,58.46054536672676],[-135.9561087138559,58.463420368114626],[-135.9497747155895,58.46764536900929],[-135.94201471566544,58.46914837017042],[-135.92707871322798,58.46741037248725],[-135.92433771391688,58.46912937287653],[-135.92612671561488,58.47185837255447],[-135.93076071737025,58.4741883718038],[-135.91399471790143,58.47809737430137],[-135.90251571306268,58.4714503761758],[-135.89912271292158,58.47179737668906],[-135.90313471649267,58.47749037597472],[-135.90142371918697,58.48262037614626],[-135.89424272048618,58.486216377182146],[-135.87647871509782,58.47970338001617],[-135.87567571406683,58.477997380169],[-135.879609713717,58.47667437958996],[-135.87852671243866,58.47457437979255],[-135.8741107109569,58.472699380501304],[-135.86450770957336,58.471919381984634]]],[[[-136.13585781320737,58.60931233790496],[-136.12945181113875,58.606747338936515],[-136.12043181040838,58.60700634031681],[-136.11376980748526,58.602970341414625],[-136.10856780668732,58.602452342222946],[-136.09791879940988,58.591375344062314],[-136.09386979528063,58.58474134480599],[-136.090741794097,58.583179345315],[-136.09152779051058,58.57666934531409],[-136.08763278922677,58.57506134594123],[-136.08556078543168,58.5686713463765],[-136.0915507841942,58.56543234551682],[-136.0928287818995,58.561127345399754],[-136.10188578241818,58.560482344022134],[-136.14510680141564,58.58679533690311],[-136.15099880654316,58.59488433584812],[-136.1503418105664,58.602136335814045],[-136.14192681358165,58.60893133698003],[-136.13585781320737,58.60931233790496]]],[[[-135.87345795512906,58.90347637285358],[-135.87155395412051,58.902055373173596],[-135.86496295419988,58.903332374166844],[-135.85641695126208,58.899712375552056],[-135.85497295003438,58.89783137580944],[-135.85846394872752,58.894958375323746],[-135.85934994503947,58.88840037530777],[-135.8720119440604,58.88450837342602],[-135.88180694510467,58.88462937191308],[-135.907736944132,58.878461368027196],[-135.92434794883349,58.883767365366545],[-135.93016994893705,58.882944364483656],[-135.93138095261043,58.88911636418197],[-135.9292589550466,58.89371136442412],[-135.91057595590647,58.89842136721941],[-135.87749095393886,58.900714372282245],[-135.8767419543253,58.90151437238301],[-135.8810429554392,58.902704371697375],[-135.87345795512906,58.90347637285358]]],[[[-136.7873000479336,58.91193623145774],[-136.78923204386916,58.90459723131366],[-136.81006104812354,58.9086142280052],[-136.81499104994535,58.91097422719214],[-136.82401305089357,58.9111692257914],[-136.84100805742852,58.91974522297807],[-136.86003506628404,58.932000219770494],[-136.8605150697956,58.93798221956829],[-136.85406607402973,58.94631122038912],[-136.84769307519161,58.94932922131191],[-136.8234660708906,58.94578022514054],[-136.81070406749726,58.941968227198224],[-136.81404906026884,58.9289602269564],[-136.8077680571425,58.92456722802216],[-136.80290105588185,58.92316922880512],[-136.79551105170898,58.91714423007669],[-136.79018805034514,58.91564123093252],[-136.7873000479336,58.91193623145774]]],[[[-135.2989379069885,58.92133446111735],[-135.2998479052912,58.91822346102948],[-135.31062490777865,58.92060045932932],[-135.31037590620008,58.91790445941314],[-135.30571190173774,58.91099446024795],[-135.30327989687117,58.90297546075743],[-135.30392789551257,58.90049646069911],[-135.3064748965561,58.901851460284085],[-135.31183090429022,58.914325459249284],[-135.31814091037717,58.923757458118],[-135.31658291379443,58.92996745825326],[-135.32051891574255,58.93263845760158],[-135.32910091700174,58.933279456268174],[-135.3302469182734,58.935278456057716],[-135.32731891989854,58.93862245645232],[-135.33126792671388,58.94972245565535],[-135.34525493985373,58.96995445315415],[-135.3446399460629,58.98079745306371],[-135.34608894969503,58.98681245273735],[-135.34952795286546,58.99167145212375],[-135.34896395517092,58.995751452140844],[-135.35131995700038,58.99848745173029],[-135.3479749602254,59.004648452140735],[-135.34649996552778,59.014053452207065],[-135.3434609671973,59.01747345261742],[-135.3393959668901,59.01767045324136],[-135.32673196197968,59.011472455302155],[-135.32262495943215,59.0078154559985],[-135.32214695727984,59.00418945613423],[-135.3188989541441,58.99936145671788],[-135.320379953712,58.9983504565066],[-135.3192479487428,58.989975456824006],[-135.30825794037298,58.97748745873148],[-135.29731392904657,58.95986346071757],[-135.29861892653503,58.95528046059392],[-135.3015149255625,58.953075460184806],[-135.29975991912335,58.942235460638365],[-135.3014199184603,58.94078746040699],[-135.3123939183184,58.938566458753385],[-135.30416691299942,58.93082346015192],[-135.2989379069885,58.92133446111735]]],[[[-139.70890472332934,59.63889875540967],[-139.71693171768908,59.62880975445351],[-139.72027571770678,59.628447753936136],[-139.7192567186137,59.630038754047945],[-139.7224017197285,59.63148075350622],[-139.7193277219586,59.63545775386878],[-139.7197107232684,59.63753775374362],[-139.72795672135328,59.63346875256653],[-139.72987671797028,59.6277547524403],[-139.7221787150618,59.623931753775494],[-139.72399771435406,59.62256975353018],[-139.7298017146876,59.622433752617255],[-139.73066671529466,59.623318752453116],[-139.72730971504296,59.623301752984084],[-139.72664571587163,59.624724753044866],[-139.73277271700675,59.62585275204158],[-139.7405957164854,59.62409375085991],[-139.74558671381877,59.61918175022361],[-139.74016671206064,59.61695775114928],[-139.73743070988164,59.61373675168139],[-139.74293571014758,59.61352675081813],[-139.7474287120013,59.61601475003102],[-139.75457870951823,59.611146749052445],[-139.75409270826137,59.60916074919094],[-139.74578370457675,59.604138750659374],[-139.74533870315315,59.60187575079985],[-139.7509797014301,59.59841475001613],[-139.74876769784285,59.59283575053864],[-139.74055569488556,59.58898075195513],[-139.74158969127282,59.582976751977874],[-139.74501369227667,59.58421175139883],[-139.74590569328024,59.58574175121051],[-139.74395169370501,59.586661751490595],[-139.74658469497524,59.58842275102014],[-139.74690069313036,59.585381751064645],[-139.7491896930402,59.584967750715826],[-139.7527957005552,59.59677974978008],[-139.75549569987845,59.59536374939743],[-139.75524069789762,59.59216974953694],[-139.75723969725507,59.590890749260886],[-139.76487170120947,59.596436747883146],[-139.7678217013106,59.59625774742277],[-139.76899969990401,59.593831747312024],[-139.76379669683442,59.58944174827012],[-139.76259968973366,59.57801674881375],[-139.771226692651,59.581763747335245],[-139.76846168984866,59.577520747903606],[-139.7722666906862,59.578441747274056],[-139.78090969438693,59.583463745753036],[-139.77777868778315,59.57306874657057],[-139.78811968918106,59.57414374490433],[-139.78602568530619,59.56807074542365],[-139.77507068124706,59.562726747319196],[-139.77521068034122,59.56123274734339],[-139.78494168269032,59.5639307457234],[-139.79501368827167,59.57185974388671],[-139.79764769196572,59.57757374329302],[-139.79485169438266,59.58183574360199],[-139.80058969721918,59.58578874257254],[-139.80027569822983,59.58747074256984],[-139.78793469936176,59.590746744417174],[-139.78170770111862,59.5943297452893],[-139.77629870049904,59.59395074615533],[-139.77050770125945,59.59586174701077],[-139.76869470220575,59.59761274724273],[-139.76938670424227,59.600844747032944],[-139.76324070519394,59.603107747933564],[-139.76092670651383,59.60552374822415],[-139.7616737080024,59.607856748033655],[-139.75627871162905,59.6143787486834],[-139.7496237129141,59.61724174964605],[-139.74126771683294,59.62457975073854],[-139.74023071929287,59.62869375077482],[-139.7322927237572,59.63686275177594],[-139.71897972544843,59.641158753747],[-139.70811172559135,59.64265975541835],[-139.70616972428653,59.6407707557839],[-139.70890472332934,59.63889875540967]]],[[[-139.52403275537822,59.71251278237949],[-139.55131775393104,59.70694377823304],[-139.56134075553226,59.70834177660459],[-139.57083975836082,59.71178277499585],[-139.5790467592205,59.71220077368455],[-139.58719776195676,59.71565277228851],[-139.59336176622628,59.72180977112349],[-139.59201076812496,59.7250287712383],[-139.5815997735949,59.73506577257713],[-139.57641077515066,59.73818177330255],[-139.55906077671676,59.74274877590876],[-139.55594977403192,59.73879477652277],[-139.54625376958103,59.73277377824239],[-139.5412597677863,59.73047377910337],[-139.5368737674559,59.73046077979786],[-139.53345476386252,59.72507578050403],[-139.51916676096573,59.72210078285604],[-139.51736875969618,59.72026778319669],[-139.52166975593818,59.713696782717165],[-139.52403275537822,59.71251278237949]]],[[[-138.00114947536986,59.452167029645466],[-137.60429831577346,59.24306009696388],[-137.49858015555748,58.986697119512776],[-137.5264461115806,58.906837117047985],[-137.44740410620454,58.90951612924408],[-137.2647731439776,59.00235515546006],[-136.86391718724192,59.13847521471108],[-136.82665419551716,59.15839222007137],[-136.5815431763437,59.164912258036786],[-136.48663122420842,59.26111127077687],[-136.49410623198085,59.272993269363916],[-136.46683623606344,59.284255273373034],[-136.47434834454464,59.464197268392695],[-136.36584632431325,59.44801128568003],[-136.3581633246465,59.44980228684188],[-136.30186732780416,59.4641312953309],[-136.2342503578011,59.524734304629575],[-136.23654936622904,59.538275303988165],[-136.2373623787202,59.55873730343404],[-136.3506454144786,59.599329284854385],[-136.19037442349187,59.63985730908999],[-135.94592641378142,59.6638053468632],[-135.85418742168756,59.691849360656846],[-135.47745744921724,59.79962941753116],[-135.25414736536985,59.701342454319196],[-135.2437983622015,59.69795345599849],[-135.23117036039062,59.6971794579855],[-135.21436533855749,59.66434646121049],[-135.16675731394915,59.63224346922203],[-135.15313430819418,59.625162471474546],[-135.1146103030299,59.62341847751425],[-135.0274772575044,59.56369549214813],[-135.0263502037254,59.47466149387066],[-135.0712601957101,59.453312487258465],[-135.0980071832655,59.42778648354478],[-134.99327614819498,59.38779950049691],[-135.0292661267716,59.34536749563352],[-134.9619930810401,59.280379507154834],[-134.97972605063313,59.225651505319235],[-134.99898102277683,59.17477350318354],[-135.02738299076762,59.11493549978195],[-135.04856395511146,59.04988549758167],[-135.03702492469793,58.99956450018236],[-135.01359890657167,58.97251550423002],[-135.0325119023113,58.96166850149171],[-135.0621748978837,58.94855849713549],[-135.09741988024365,58.91147849231058],[-135.09077485582114,58.870168494001035],[-135.0923088342187,58.832154494376574],[-135.0945148181124,58.80354449449565],[-135.09597181680087,58.80097649431291],[-135.11331682652317,58.8148214914266],[-135.1268748318885,58.82172448923216],[-135.13348283564673,58.827088488130215],[-135.14809084862605,58.84710248556058],[-135.15178485416016,58.85609048484639],[-135.143932856386,58.861411485967565],[-135.14125985850876,58.865604486310474],[-135.1394788632703,58.8742334864442],[-135.1497208756775,58.89397448454636],[-135.14981487931342,58.90028448442876],[-135.16314489030756,58.91696848210336],[-135.17727690529324,58.94041047954068],[-135.17901290894278,58.946422479173776],[-135.17522791125,58.951108479679576],[-135.17683991929465,58.96474847920526],[-135.17577692445568,58.97387147921777],[-135.18035893181576,58.98576647831374],[-135.18357493396374,58.98889547776606],[-135.1798739370834,58.99495447823571],[-135.18013693880215,58.99787447814666],[-135.18210494020582,58.99994147780851],[-135.18232594299099,59.00470847769496],[-135.1949749509615,59.01616947555244],[-135.20467196034758,59.03059147381433],[-135.20266496516317,59.039243473978765],[-135.1952919687382,59.04672347499109],[-135.19807697199542,59.051822474475436],[-135.2037459755745,59.05695347351371],[-135.20860598765717,59.076827472427645],[-135.224756997629,59.091026469691926],[-135.22247700318303,59.10095146987565],[-135.23027700998108,59.11119046849583],[-135.23828802190022,59.1301374669336],[-135.25276303568418,59.151083464335706],[-135.27027004416829,59.162427461431555],[-135.27478304788085,59.16794946063775],[-135.27910505217977,59.17450145985552],[-135.2839850632891,59.19253545878706],[-135.2815800653425,59.19645345909119],[-135.28251706648015,59.19822045891552],[-135.2765580672848,59.20064645979606],[-135.27442907272393,59.21026345995836],[-135.27769407523365,59.213944459388735],[-135.2780480780001,59.218576459253136],[-135.28159808028695,59.22182645864673],[-135.26907308545273,59.23280846039558],[-135.257578086591,59.23677846210728],[-135.2526510857608,59.2362464628799],[-135.25623008346213,59.23171446240423],[-135.23704908231267,59.23317546535034],[-135.2277490828958,59.23581846674508],[-135.21057708635655,59.24473946925102],[-135.21003708795462,59.24754246928619],[-135.1973210885946,59.25089147119867],[-135.1918720899703,59.254191471985955],[-135.1880420929528,59.259921472480514],[-135.18559909293882,59.260333472851904],[-135.1841590914006,59.25798747311567],[-135.1807090909071,59.25776747365389],[-135.16816109363847,59.26462747548031],[-135.14363509487185,59.271093479169835],[-135.101751081255,59.25555548592458],[-135.09118707672744,59.24978448765889],[-135.08919607649378,59.249746487967805],[-135.08919107779738,59.251955487931106],[-135.0919380796207,59.25454948746152],[-135.11849908869698,59.265147483166594],[-135.15101209762489,59.27442947796936],[-135.18424809463838,59.263449473007654],[-135.18972609542598,59.26380547215248],[-135.2037970913143,59.2543414701355],[-135.23270608534563,59.239088465920545],[-135.24200808456163,59.23610546453115],[-135.257148088803,59.24060246210731],[-135.26418408893696,59.23958046103482],[-135.2852610846247,59.22853345796211],[-135.285994074346,59.21096445815502],[-135.28135007278465,59.20913745890614],[-135.2828700716033,59.20686145871052],[-135.282069069642,59.20367245889007],[-135.2887150681629,59.19997945792515],[-135.2905940693462,59.20165645760497],[-135.288541070995,59.20482145786783],[-135.28889907280455,59.20783145775976],[-135.29099007295818,59.207721457438],[-135.29413807117749,59.20413845701297],[-135.3052020735808,59.206258455262464],[-135.30413107477239,59.208471455389635],[-135.3051680769892,59.212051455166545],[-135.31839308397528,59.221564452951256],[-135.32471108876157,59.22856345184925],[-135.3443510986056,59.24177444857295],[-135.35577010769242,59.255141446566114],[-135.36835211381356,59.26327844447094],[-135.3698591164956,59.26754644416135],[-135.368927119864,59.27340144420156],[-135.36448112388197,59.28096744475645],[-135.3617001295562,59.29103144500857],[-135.36644514061874,59.30884644395423],[-135.3660991462874,59.31845244383611],[-135.36332215066537,59.326306444126764],[-135.35657915415868,59.33336344504713],[-135.35346615735156,59.33927644542477],[-135.35818216298432,59.34791344453768],[-135.35902616751233,59.355368444272614],[-135.35832217160757,59.36236344425635],[-135.3550701740793,59.36707844467679],[-135.35549817804096,59.3736454444924],[-135.35220518009768,59.37766844493156],[-135.35206918262264,59.38192244487623],[-135.34407718557992,59.3882724460041],[-135.3432001925074,59.40001944592899],[-135.34087119430453,59.40343244622947],[-135.3400902064967,59.42394244598114],[-135.33070521505158,59.43985644715347],[-135.32050521855967,59.447486448602405],[-135.32208021944356,59.44868444833571],[-135.31837421912138,59.44879444891012],[-135.32127622039508,59.45041044842958],[-135.32354221995365,59.4492794480974],[-135.3228092206365,59.45054544818875],[-135.32492622163429,59.45183844783598],[-135.33042922164816,59.450901446996696],[-135.32576522392682,59.455511447638976],[-135.33261522223665,59.451500446645845],[-135.33745822275372,59.45151744589185],[-135.3349332243472,59.454612446228786],[-135.3384972322417,59.46713544544724],[-135.33510723751922,59.47650544580473],[-135.33656023880027,59.47838244554447],[-135.34279823856025,59.47689744460043],[-135.346777234131,59.46883744412769],[-135.34687523116193,59.46387944420235],[-135.35103323108189,59.463022443570935],[-135.35271023451998,59.468452443211106],[-135.35060023630933,59.47179644347875],[-135.35074424260495,59.482239443266224],[-135.34814724583498,59.488058443564576],[-135.35130424822577,59.49148144301075],[-135.35015625215635,59.49820744306678],[-135.3568592540932,59.50025844198556],[-135.35459425659744,59.50480744225505],[-135.35702425948537,59.50917644179671],[-135.35571626026496,59.51069644197263],[-135.3459912597054,59.51145644347365],[-135.343373264072,59.519150443740934],[-135.34543026617862,59.522284443363276],[-135.34150326920738,59.52798344387088],[-135.34343528167463,59.54828144319802],[-135.33963929076856,59.56396844350198],[-135.33717129214105,59.56666244383732],[-135.33926029521652,59.57137844342506],[-135.32635129870226,59.57936644529125],[-135.33489330450067,59.58745044381052],[-135.32821631461258,59.605265444524115],[-135.33382931073848,59.59791444378388],[-135.3368043044842,59.58709244351915],[-135.3285152989513,59.579402444953224],[-135.3417632955118,59.57143244303379],[-135.33884329238114,59.56676944357463],[-135.34126129115307,59.56432244324272],[-135.34485628245005,59.54931744295757],[-135.34470127333245,59.53425944325767],[-135.34303826998993,59.529013443612726],[-135.34704826639864,59.522368443109606],[-135.34484226439542,59.51943144350702],[-135.3470162601576,59.51202844330361],[-135.35833326036683,59.5104114415704],[-135.35590325656275,59.50452244205656],[-135.35807825426951,59.50033944179405],[-135.35096625131285,59.49666644296874],[-135.3535232488336,59.49210544265374],[-135.34947224610107,59.488270443354594],[-135.35444424390107,59.48375044266279],[-135.3524282419682,59.48088844302869],[-135.36469624432306,59.48267044108622],[-135.3642002460451,59.485618441109665],[-135.36860924730465,59.48694544039901],[-135.36656724957746,59.491075440641566],[-135.35978125030218,59.49345744165469],[-135.36558225213486,59.495493440714164],[-135.36308925308262,59.49749944106561],[-135.36739925500183,59.499937440349775],[-135.36397725288504,59.49701744093621],[-135.36657825267744,59.49622144054571],[-135.3665122518954,59.494934440579534],[-135.3610082505198,59.49360544146086],[-135.36717324979975,59.49133944054237],[-135.36946724843682,59.4886774402337],[-135.36937624717166,59.48659144028614],[-135.36569524612182,59.485486440879306],[-135.36544524523111,59.48404944094455],[-135.3704242448782,59.48259844019574],[-135.37004424090495,59.47605944037427],[-135.3722102377575,59.47044844013968],[-135.37096623040534,59.45842844055237],[-135.36521622351964,59.447958441637674],[-135.36663321858248,59.439481441571104],[-135.36848121794182,59.43809144130887],[-135.36830321419743,59.431876441449404],[-135.3734802110166,59.42566644075697],[-135.3775342026312,59.41095444039332],[-135.37528919306922,59.39535644102486],[-135.376686192147,59.39356944084018],[-135.3764291887985,59.38800944098056],[-135.3841591813215,59.37413644003005],[-135.38185917899267,59.37063444045051],[-135.38084017161842,59.35844444082881],[-135.3901641662219,59.34775643957323],[-135.39410015904616,59.33501243919153],[-135.39140215602598,59.33040643969342],[-135.39068415280605,59.325116439900135],[-135.39822914477074,59.31027143899549],[-135.39252213931337,59.302076440028394],[-135.39130413389137,59.293149440377434],[-135.39314713303648,59.29138444012316],[-135.3979641317878,59.28843443942857],[-135.4046681335231,59.290187438356895],[-135.40798013579055,59.29343143778467],[-135.4177571365327,59.29297243627583],[-135.42193513740295,59.2937094356143],[-135.42427213892637,59.295869435212765],[-135.41111913763277,59.29598843725176],[-135.4197221452089,59.30725143571387],[-135.4248721508088,59.31578143476037],[-135.42843815744064,59.32631743401624],[-135.4303531581659,59.32720343370296],[-135.4318551544065,59.32061743358892],[-135.4364591520178,59.3157944329613],[-135.43559214892704,59.3107424331872],[-135.4288461422282,59.30063543441687],[-135.42935114132874,59.299031434367514],[-135.43622214007286,59.29571443336093],[-135.47303914687387,59.30075742755502],[-135.5125801616436,59.31875442108727],[-135.52444616702869,59.32575541911591],[-135.55170416995986,59.32596841487779],[-135.55317217212283,59.329350414587246],[-135.55101717516882,59.33484141482073],[-135.55166617655718,59.33706141467899],[-135.55662617789687,59.338455413882485],[-135.56552218268618,59.3449624123796],[-135.57315418498268,59.347501411146396],[-135.58346519195717,59.35742640935948],[-135.59507519732975,59.36443640742383],[-135.59932120160738,59.37087440664352],[-135.60467120419554,59.374290405747736],[-135.61028020505046,59.37475940486677],[-135.61767720440756,59.372414403760345],[-135.62287720667373,59.37531740289711],[-135.63170420723938,59.374752401534884],[-135.63324220643295,59.3731384013261],[-135.62205220162406,59.36700140318134],[-135.6098281930375,59.35470540531185],[-135.60096718995294,59.3510544067574],[-135.59676418577456,59.34476540752784],[-135.58810718141336,59.3389334089816],[-135.58586717912775,59.335480409393796],[-135.58649317779356,59.333131409340176],[-135.5817491774088,59.33330241007412],[-135.5756661797481,59.33828041092713],[-135.55765317791486,59.33830841372556],[-135.55419417659488,59.33668841429289],[-135.55365017505028,59.33418741442371],[-135.55769817381292,59.331409413846124],[-135.5585651715614,59.327475413784036],[-135.5482031649386,59.318129415565984],[-135.54404316360095,59.316598416240254],[-135.54187916212499,59.314489416615274],[-135.54219916108178,59.31267841659888],[-135.4722241377342,59.28549042795841],[-135.44062412922673,59.276647433021516],[-135.43570112675363,59.27333243384492],[-135.43482412467185,59.2699694340416],[-135.44085612290712,59.26593343317861],[-135.43850011944497,59.26049443364168],[-135.43542011842655,59.25931143414074],[-135.4265971119105,59.24983643567889],[-135.42663310997705,59.246558435732204],[-135.42793910842227,59.243698435580804],[-135.43906810670103,59.238834433942486],[-135.44162710492384,59.23537643360788],[-135.439658104527,59.235049433918874],[-135.4416511047863,59.235139433608204],[-135.4419041020686,59.230491433652446],[-135.4304030984176,59.22632043550981],[-135.42718209862753,59.22724143599248],[-135.41997409649966,59.22489943715163],[-135.40953809537595,59.22482743877036],[-135.39238509058723,59.21972344151925],[-135.38434108673368,59.21460244285655],[-135.37154808536505,59.214534444839856],[-135.36790908303823,59.211227445462036],[-135.36408208274585,59.211406446051704],[-135.36328008077973,59.208210446232485],[-135.36844808142118,59.20838744542875],[-135.36831108080665,59.20736844546796],[-135.35482007203146,59.194844447778145],[-135.3422760607211,59.17782845001932],[-135.3442750578911,59.17265744980046],[-135.34304705503425,59.16801045007194],[-135.33040104696627,59.15650545222992],[-135.3294800446403,59.15270345243866],[-135.33131304364255,59.15067645219044],[-135.33960804511406,59.151714450888896],[-135.34219904702863,59.15451945043893],[-135.35647805292237,59.16203444809772],[-135.35692505060143,59.15800044809906],[-135.3478430469228,59.153338449586315],[-135.3448250439532,59.14880945013228],[-135.33993604278407,59.14768245090856],[-135.34364704112832,59.144199450395035],[-135.34165903903943,59.14098745075859],[-135.32399803180664,59.131775453650825],[-135.32154602913144,59.127641454101784],[-135.32319902710702,59.12388845391138],[-135.31678002238564,59.116959455024016],[-135.31742101982255,59.112461455002844],[-135.2933470044279,59.09039745910438],[-135.29470200203448,59.08605345896965],[-135.30297400078,59.08242545775385],[-135.30860200202784,59.08356045686474],[-135.31135900639242,59.09054945631835],[-135.32404501247626,59.09870945421672],[-135.32267301368677,59.10102645438857],[-135.32729001593245,59.10404845362255],[-135.3300470169835,59.105356453173705],[-135.3389940164977,59.102933451832634],[-135.34765602244823,59.11157545034322],[-135.35108002157557,59.109474449850424],[-135.35386002309824,59.11158544938371],[-135.3593470227371,59.10999344856304],[-135.3627230239543,59.11147644801517],[-135.3713300319525,59.12362344647195],[-135.38010103657825,59.129972445004114],[-135.37919603705834,59.13095244512696],[-135.37292703565583,59.12966744611926],[-135.37044503678865,59.132041446461635],[-135.36968404305767,59.142877446389704],[-135.3720120455849,59.146776445961194],[-135.38065304792121,59.14923244458086],[-135.3801310492382,59.151570444620674],[-135.38428905159506,59.154853443919365],[-135.3795540509452,59.15458244465686],[-135.3803420535502,59.15888344445933],[-135.3927650573158,59.163104442462156],[-135.40096606278354,59.17096844105386],[-135.40243006486506,59.17425344076901],[-135.38974606200722,59.17162644277933],[-135.38658106265376,59.173285443239905],[-135.40433807030038,59.18316444031588],[-135.41234107523331,59.190142438952726],[-135.4304020822897,59.198956435998326],[-135.43248208383739,59.20121943563577],[-135.43200608487237,59.20306043567658],[-135.44479408873437,59.20737243361828],[-135.44987409221565,59.21238943274141],[-135.45032709572672,59.21826543256589],[-135.4527150970148,59.22003143216416],[-135.48407210640067,59.230454427115944],[-135.4841601089002,59.234672427026176],[-135.486911112174,59.23973542650807],[-135.49957611459513,59.241624424510086],[-135.48759311201152,59.23934142640942],[-135.48555610762352,59.23226642685304],[-135.4917181106688,59.23634842582387],[-135.5376961219513,59.24743641849211],[-135.54257412531007,59.252269417647256],[-135.54963612834166,59.256168416480484],[-135.5929141383577,59.26559540959175],[-135.63631214385111,59.267382402822946],[-135.6690191534005,59.27787139755],[-135.71901017144734,59.29972038937564],[-135.73240317429818,59.302232387247315],[-135.7340301761614,59.305090386940364],[-135.7397471767242,59.305062386052654],[-135.74199218035275,59.31078438559542],[-135.75866018434562,59.314660382931436],[-135.76286818672483,59.317944382214954],[-135.78263419277962,59.324760379012254],[-135.7854571948932,59.32783137851464],[-135.78586819673166,59.33084937839307],[-135.80346820384477,59.33980537548466],[-135.796881204281,59.3416533764736],[-135.8113002077998,59.34511437416478],[-135.81713721511403,59.35638937303963],[-135.84484923108013,59.378443368301234],[-135.8481132327043,59.38061036775107],[-135.8513542299166,59.37540136734758],[-135.84659622775834,59.372591368142764],[-135.8411942162461,59.354223369338904],[-135.79572519693437,59.329517376885995],[-135.78312718982417,59.31971037903195],[-135.7722551868619,59.31657838078181],[-135.76416518258782,59.31076738214977],[-135.75831718183426,59.31049538306384],[-135.7528131782523,59.30540638401573],[-135.73748017254024,59.298406386530885],[-135.7188831638928,59.28701638963459],[-135.69621115630156,59.27809939332326],[-135.67729115294608,59.27568439630638],[-135.65418714526933,59.26669940006087],[-135.62361113955834,59.26232240488807],[-135.59242413141465,59.25394940988224],[-135.55861111983577,59.24022441537951],[-135.5426181118329,59.22945341805631],[-135.53863110873021,59.224890418757504],[-135.53983210624315,59.220466418651796],[-135.5142390950078,59.205870422883535],[-135.50769909392463,59.20517342390973],[-135.50244308852814,59.19692942487297],[-135.48441608048591,59.18641842785477],[-135.49008107878302,59.18253142704711],[-135.4901920773201,59.18002442707482],[-135.48790907558111,59.17746642747431],[-135.47481607370855,59.17657542951819],[-135.47035807180276,59.174114430252615],[-135.4694120687877,59.16914943048785],[-135.47595706551172,59.162423429594575],[-135.4724370604702,59.154452430281815],[-135.4675580573096,59.149922431118064],[-135.4682790542082,59.14450743110286],[-135.453889044292,59.130117433585504],[-135.43937603787978,59.121722435979585],[-135.43930003581912,59.11821443605341],[-135.43200703120135,59.11160743729809],[-135.40654802689153,59.108735441286015],[-135.39204602188698,59.10274044363351],[-135.3793750199163,59.10161344561252],[-135.37784801838657,59.09926544588952],[-135.378879015495,59.0941314458197],[-135.37408101242676,59.08972744663812],[-135.37901000683655,59.07927144605832],[-135.37590500262652,59.07260244665417],[-135.3795650010825,59.06930344614611],[-135.38127299712033,59.062199446005664],[-135.39174898666153,59.04236844473185],[-135.39318098182338,59.03379244465939],[-135.38266198048987,59.0333694462913],[-135.36895697518975,59.02668844852275],[-135.36934397382703,59.02427344850473],[-135.3706769719606,59.020821448358625],[-135.37596497072374,59.01774844759538],[-135.39237396965078,59.01297644514472],[-135.3940409675817,59.00911344495428],[-135.39334396470994,59.00428644514529],[-135.39640396239034,58.999740444751616],[-135.40091896213247,58.998491444076286],[-135.40075396088665,58.99637144413846],[-135.39303395699216,58.99102644542203],[-135.38887795103076,58.98147344622809],[-135.39954594861277,58.97539244468711],[-135.4007069445822,58.96821744463158],[-135.39548993981808,58.960908445562126],[-135.38882593769333,58.95842244663246],[-135.37693792994807,58.94713844865878],[-135.37185092278264,58.93563244963957],[-135.37130692001824,58.930936449803646],[-135.3772019180634,58.92648944897105],[-135.37899491632533,58.92315244875174],[-135.36233491330006,58.92088945135747],[-135.35714091129296,58.91833745220109],[-135.32868090714652,58.916252456621145],[-135.3261549052707,58.913449457057666],[-135.33090690231694,58.90746245642671],[-135.34000590257176,58.90626845504539],[-135.32241389780378,58.90114745784144],[-135.32390689614738,58.89799845766445],[-135.3353848943159,58.892745455985555],[-135.3399688926135,58.88895845534362],[-135.3153248740578,58.861078459605814],[-135.3157248729519,58.85907745957775],[-135.32030587161256,58.85591345892583],[-135.31977786872113,58.850963459089996],[-135.31049686567107,58.847317460578964],[-135.3028088645112,58.846683461772194],[-135.29646085698687,58.83468946294847],[-135.2846778462884,58.81811746503543],[-135.2742238423517,58.81312546672513],[-135.2607158327441,58.798753469038154],[-135.25981683090333,58.795690469226685],[-135.24900682703756,58.79088147096683],[-135.24605882336147,58.784970471516495],[-135.2432218220093,58.78311547198286],[-135.24207882046483,58.7806134721994],[-135.24525682022622,58.77961447172746],[-135.26196682495834,58.784872469074195],[-135.27505282543245,58.783321467089195],[-135.2528868198057,58.77748447059036],[-135.2395568108906,58.76425847285393],[-135.24014380838452,58.759746472837286],[-135.23770480635832,58.75662947326256],[-135.2376548042129,58.752865473331575],[-135.23946779903983,58.74343147320667],[-135.23582179657353,58.739756473826134],[-135.23399479250398,58.732923474217586],[-135.2352497902625,58.728744474092814],[-135.2388267891878,58.726195473585065],[-135.2469857796667,58.70790847262991],[-135.239512776352,58.70342647384888],[-135.23575077835235,58.70764747435774],[-135.23337978195406,58.71443747461155],[-135.23101078307457,58.71684847493596],[-135.22742278254697,58.71657547549078],[-135.21608777679705,58.70850947736003],[-135.2076577709407,58.69971747879448],[-135.19509176529903,58.692060480844326],[-135.19033575804835,58.68011548176468],[-135.18407175317125,58.67263948284415],[-135.1843637509667,58.66868248286264],[-135.18102974776278,58.663623483454046],[-135.16780174352368,58.65855548556158],[-135.16200173413714,58.64298348669704],[-135.15778673152792,58.639133487403384],[-135.16045172934628,58.6347674870643],[-135.16715373043985,58.63546848602675],[-135.1704157318874,58.63743448549606],[-135.1860497314706,58.63380448315914],[-135.17309572654264,58.62744848524362],[-135.16060572409913,58.62541948718832],[-135.15872072441573,58.626331487462586],[-135.15931772754757,58.63178348728494],[-135.15702272869595,58.634247487597634],[-135.15566872829277,58.63378248781221],[-135.1409767176329,58.61756649031718],[-135.1465107169601,58.615343489505],[-135.1482307142691,58.6102384893217],[-135.1482807122435,58.606625489370884],[-135.14549770994648,58.60305448985281],[-135.14101770825098,58.60086849057278],[-135.13928970387846,58.59340349095406],[-135.13586370061594,58.588228491559214],[-135.13879769744855,58.58203749120696],[-135.137059696781,58.581170491486525],[-135.13753669496194,58.57783849146547],[-135.14218169503818,58.57711049076631],[-135.14554169607572,58.57833549023316],[-135.14780569808684,58.5815004898374],[-135.1536826998798,58.583604488905344],[-135.15384770159432,58.586629488832585],[-135.15889170618107,58.5938644879474],[-135.15908270713547,58.595528487891954],[-135.15524770684522,58.595723488475684],[-135.154957709042,58.599688488457865],[-135.15703371035883,58.6016474881093],[-135.15888071455493,58.60877148771473],[-135.17161872380186,58.62285248554243],[-135.17524772522563,58.624710484957305],[-135.1801207261159,58.62539048420049],[-135.1786487241232,58.62212248447754],[-135.18696072634714,58.6245364831666],[-135.1884077248002,58.62152048299277],[-135.1983827259198,58.62166648146297],[-135.20380872840772,58.62508448057775],[-135.20452473082713,58.62924948040188],[-135.1991237319167,58.6321814811823],[-135.2080547359705,58.63772947972613],[-135.21068773445543,58.634554479373385],[-135.22054273591226,58.63532347785149],[-135.21699873311525,58.6310114784633],[-135.22730373372153,58.63018847689801],[-135.2296637321774,58.62701147658728],[-135.23673273139445,58.624318475547504],[-135.2388457287077,58.61915547530648],[-135.22141071231198,58.59320647838957],[-135.21201071071476,58.592099479845714],[-135.2074357085195,58.58903548059457],[-135.20910370815676,58.58808048035445],[-135.20495870636287,58.585651481027064],[-135.20146470210614,58.57871148167152],[-135.19720070058966,58.57679748235416],[-135.19029769989768,58.57684248340956],[-135.18685269827665,58.574590483972145],[-135.18513469597664,58.5708064842944],[-135.17564369443238,58.569812485761894],[-135.1664596893414,58.56243248728237],[-135.17409469042389,58.56294648610663],[-135.17435268812017,58.55878548613232],[-135.17176668748553,58.55813248653792],[-135.17074068852898,58.560186486662836],[-135.1671436872374,58.55854848723855],[-135.16588168042284,58.54660848761808],[-135.16730467981057,58.54524948742178],[-135.16968868180027,58.54836248700867],[-135.17233168157335,58.547465486618606],[-135.17156468081996,58.54626148675454],[-135.1758506809043,58.5456154861095],[-135.1738066797849,58.5439944864474],[-135.17612567966563,58.543350486102874],[-135.16395667450013,58.53637648807215],[-135.1597946745892,58.537310488693784],[-135.15403867271922,58.535037489609046],[-135.14094866089755,58.51631349189999],[-135.14023065839578,58.51196449207712],[-135.13557265709161,58.5104964928113],[-135.13257965504548,58.50738749331671],[-135.13652665442268,58.5055334927422],[-135.13422265102466,58.49986949318157],[-135.1322936489676,58.49653949352768],[-135.12570764592598,58.49231249459852],[-135.13730864496577,58.488418492886886],[-135.13921764396935,58.48627249262833],[-135.12716363680912,58.47566449463201],[-135.12316162957958,58.46341449543074],[-135.12028862707604,58.45944849592974],[-135.11363562317715,58.45367849703334],[-135.11118562050135,58.44932049747348],[-135.10478861837265,58.44668749848974],[-135.10091261595298,58.44305649913624],[-135.09229160839254,58.43104850063358],[-135.0918146055883,58.426079500781576],[-135.0890036036026,58.42302550125631],[-135.09621460034666,58.415789500266186],[-135.09167259852228,58.41335050099569],[-135.08000559016966,58.40045750296852],[-135.0804355864898,58.39372150300435],[-135.07722957992627,58.38244950366219],[-135.08098657873168,58.379576503132654],[-135.08414857891634,58.37931350265495],[-135.0760735757046,58.37502250394948],[-135.0765455735835,58.37109050393639],[-135.0691115709077,58.367647505120466],[-135.06645156860202,58.36397150558049],[-135.06481256464883,58.35711250593235],[-135.05809255972454,58.349450507069555],[-135.05502855197128,58.33595150773659],[-135.04992654817556,58.33002150860104],[-135.05301454684914,58.327023508175344],[-135.05304054202014,58.31823550830128],[-135.05259253883844,58.312530508453776],[-135.04908253669663,58.30929850903555],[-135.0511755319424,58.300241508850704],[-135.05459653037556,58.296735508382085],[-135.053508526842,58.29050150863932],[-135.05474752610962,58.28893050847411],[-135.06047252748093,58.290341507582646],[-135.06979553523337,58.30269750598184],[-135.07828053581827,58.30215150469916],[-135.0772615379034,58.30614250479499],[-135.08034453996075,58.30930350427911],[-135.07953354125064,58.311805504365374],[-135.0848335429915,58.31396850352667],[-135.0875885416933,58.311083503150414],[-135.09239254203206,58.310789502423646],[-135.08732753903294,58.30628950326133],[-135.08895053670415,58.3017405030819],[-135.08735853489873,58.2987535033684],[-135.0911815343455,58.29702050281274],[-135.0958355349486,58.29723650210147],[-135.1012305329716,58.292610501349344],[-135.10170353092244,58.2887855013344],[-135.09633752889837,58.286112502190306],[-135.0963385246723,58.2784035023044],[-135.0936555232868,58.27638450274235],[-135.0934915216709,58.27346650281056],[-135.1047155234443,58.27457250108724],[-135.1077205185343,58.26503750077182],[-135.10138151159668,58.253564501905295],[-135.09912750673345,58.24509950237292],[-135.09150250290475,58.23954450361354],[-135.10936250198378,58.23446150097447],[-135.10409149988175,58.23161550181742],[-135.10734049976875,58.230790501335946],[-135.1102345008,58.23212850087641],[-135.11494150006163,58.22988150019453],[-135.11370349734273,58.225136500452564],[-135.12114549629476,58.22180149937122],[-135.13023449727112,58.22186349798946],[-135.14058249963904,58.22423649638199],[-135.136806494337,58.21523749708904],[-135.14333849432987,58.21398349611534],[-135.1528154972815,58.21759549462205],[-135.1540214963909,58.215734494466425],[-135.14758849363918,58.21191049550043],[-135.1474874924443,58.20973849554799],[-135.1669324942767,58.20940949259895],[-135.18484450230667,58.220735489708616],[-135.21486150999712,58.22914748502063],[-135.22030151407645,58.23558748409669],[-135.22775651556387,58.23690348294351],[-135.24672951722613,58.23637148006716],[-135.27721851886471,58.23363747547346],[-135.28772052065213,58.234936473856784],[-135.3128715296616,58.24669746985158],[-135.31675253237805,58.25093546919612],[-135.33154853878608,58.259873466807065],[-135.334738542678,58.266381466220935],[-135.3401575436465,58.26713746538474],[-135.34488854613676,58.27079846460791],[-135.3447605492507,58.27650146453875],[-135.3475265533286,58.28341946401007],[-135.35202055661026,58.28856146324578],[-135.36232456028085,58.29332946160269],[-135.36528256553933,58.30235146101105],[-135.37045457018002,58.30983246010603],[-135.36968357129004,58.31199446018954],[-135.38282757365536,58.31385545815819],[-135.38822757625496,58.31757945727699],[-135.398281582847,58.32769245558544],[-135.397049585175,58.332147455702646],[-135.40807959228155,58.3430024538494],[-135.41095159833864,58.35345345324564],[-135.41966460862835,58.370481451645624],[-135.4187656106173,58.37424645172244],[-135.4266206160413,58.382610450390395],[-135.42803361811335,58.38609645011897],[-135.434435628712,58.404064448853724],[-135.434885631951,58.409827448692255],[-135.4394526327622,58.410452447985065],[-135.44754363743996,58.41740444663762],[-135.44756764073094,58.4233334465382],[-135.4539266453997,58.43058044544996],[-135.45749565517366,58.447522444629826],[-135.45271165818065,58.453806445258664],[-135.46249166510455,58.464463443590766],[-135.46337066881702,58.470971443350315],[-135.47183867495153,58.480437441901316],[-135.48845268076295,58.48783343923998],[-135.48861668208463,58.490173439176544],[-135.48564968414084,58.49440043956082],[-135.49408968804332,58.499857438180264],[-135.50037769377846,58.50898543706803],[-135.51472969780656,58.513588434796326],[-135.51855969749158,58.512329434231404],[-135.5227706990217,58.51430343355445],[-135.5217736949123,58.50712843382582],[-135.52665869383833,58.50431843312507],[-135.5281936925244,58.50168643293391],[-135.526173690544,58.49850543329576],[-135.5164956882721,58.49619243481412],[-135.48511467327234,58.47500143996086],[-135.484223671874,58.4726534401357],[-135.48631767145383,58.47151743983408],[-135.48115566822963,58.46666844070247],[-135.4805976667155,58.46405044083054],[-135.48264066336583,58.457657440623024],[-135.48029865894276,58.450132441103726],[-135.48675866069888,58.45211044008442],[-135.49137866472051,58.45849743927385],[-135.49730766789247,58.46311643829216],[-135.50028867260946,58.471045437706394],[-135.49645367253655,58.471613438283356],[-135.4943806732022,58.47318643857428],[-135.49527567372363,58.47395943842496],[-135.50305467695566,58.478343437163616],[-135.50644367774026,58.4791344366326],[-135.50732467674638,58.47719043652983],[-135.51465967964972,58.48106543534472],[-135.51872668155366,58.48374143467859],[-135.51962168361726,58.487279434483355],[-135.5230116855987,58.490216433916395],[-135.5253376854294,58.489490433572726],[-135.5244406832724,58.48578543377109],[-135.51740467919282,58.47974643494669],[-135.5166336771772,58.47626943512197],[-135.51047767226655,58.468573436189764],[-135.50559766532578,58.45699243712577],[-135.497999657928,58.445074438482045],[-135.47340164230016,58.4214274426245],[-135.4722936395003,58.41658244287234],[-135.46472463705464,58.41355844407695],[-135.4586186332878,58.407882445100974],[-135.45938063022263,58.402210445076165],[-135.46610362654272,58.394331444177446],[-135.46924962019818,58.38228844389202],[-135.47733261767405,58.376240442756426],[-135.5030936211729,58.377845438800044],[-135.5075006244893,58.38303443804318],[-135.52137863055248,58.39145243578811],[-135.55608664308463,58.407743430222524],[-135.5806666465291,58.40948442644031],[-135.622125661081,58.42818941979669],[-135.63044666213588,58.428583418518734],[-135.6338346611394,58.426176418041315],[-135.63914866150307,58.42587041723441],[-135.64541465751785,58.41755841641625],[-135.65473465830163,58.41728641499698],[-135.66347665735225,58.41399641371662],[-135.6693636556547,58.4098734128863],[-135.67787665534442,58.40777741162123],[-135.68616765748703,58.410145410314804],[-135.69237165502383,58.404585409460594],[-135.70404065551494,58.40336840769855],[-135.71545765376425,58.398154406042636],[-135.72044965462305,58.39880540526899],[-135.72685765411157,58.39672940432541],[-135.73332365588163,58.39876040330318],[-135.73707865805952,58.402014402674254],[-135.748984658582,58.40081840087566],[-135.7663606622917,58.404391398160044],[-135.7752126608126,58.400137396880055],[-135.77836066081593,58.39957939640873],[-135.78197166213587,58.40131339582727],[-135.78857266204656,58.39997039484164],[-135.79119265995718,58.395732394513956],[-135.8053316603438,58.39390039238511],[-135.8114126595947,58.39146139149799],[-135.8215006607296,58.39170638995246],[-135.87679266302314,58.385988381603006],[-135.90733166317952,58.38084237702621],[-135.91793866444254,58.38124037539849],[-135.92115566727117,58.385775374827595],[-135.92032066902453,58.389087374897244],[-135.91001367364598,58.39925037629498],[-135.90344667913652,58.41031037710583],[-135.89727568176315,58.416135377947526],[-135.90514368867014,58.42717337655112],[-135.89467468958205,58.430668378091106],[-135.90009969378886,58.437272377145646],[-135.89736570052736,58.44986537734312],[-135.89365070178485,58.452781377860525],[-135.88382270244534,58.45570737931286],[-135.86272470207507,58.458782382487115],[-135.85935670347553,58.461893382948176],[-135.86442670463632,58.46307738215172],[-135.86025170640065,58.466983382722255],[-135.85429670779544,58.47054138357163],[-135.8478767077727,58.47163938453478],[-135.84431770986083,58.47601538500322],[-135.83911571076106,58.478552385755115],[-135.83912071174947,58.48032338572337],[-135.84370671407018,58.48366838496323],[-135.8448117166389,58.48807438471715],[-135.8477477164897,58.48728638428147],[-135.84783271532032,58.48517638430533],[-135.84336271206303,58.48013238507754],[-135.8463827110576,58.47779438465602],[-135.84974171089337,58.476904384157585],[-135.85683871299358,58.47941038302753],[-135.8648757135096,58.47891138180611],[-135.8656567143106,58.48020838166381],[-135.86423871518096,58.482019381849135],[-135.86533471622306,58.48369238165208],[-135.8595887169718,58.48605138249028],[-135.85993071837675,58.48850738239505],[-135.85308971873178,58.49035538340998],[-135.85133472183446,58.49622138357594],[-135.8528117230399,58.49811738331664],[-135.84846072418836,58.50094338393337],[-135.85288072946278,58.50959538310477],[-135.85016873154822,58.51380438344641],[-135.84409573354415,58.51844638429503],[-135.85402773926504,58.52690938262499],[-135.85004374102942,58.53076438316757],[-135.8541187453744,58.53779938241956],[-135.84420774727707,58.54294538384767],[-135.84630474861478,58.54496038349084],[-135.85288274966064,58.54566338247036],[-135.8595117523215,58.549237381391514],[-135.85621176056839,58.5645133816276],[-135.85903076385705,58.569871381100555],[-135.86131576343723,58.56872138077066],[-135.86484175632881,58.55543938046495],[-135.87740475450514,58.54997437863583],[-135.87965975627662,58.55273437824131],[-135.87761975956585,58.55895437844396],[-135.88085276199277,58.56270737788164],[-135.8766167656713,58.57000237840187],[-135.88704676410507,58.565378376884766],[-135.88740576605667,58.56878937676903],[-135.89004476727587,58.57049537633405],[-135.89120376969586,58.57459737608328],[-135.8986367679236,58.57013737502274],[-135.90621376795872,58.56886837388361],[-135.9072377694054,58.571263373683905],[-135.89555477364507,58.58085737530448],[-135.88038177462542,58.58526737755321],[-135.86817877323554,58.58494337943063],[-135.85907677619306,58.591802380705076],[-135.83877177740243,58.59752838371831],[-135.8328237781608,58.5999243845885],[-135.8315297795714,58.602657384738684],[-135.84143378189893,58.60504438317684],[-135.84496478365648,58.60754238259085],[-135.8773667836634,58.60185437772059],[-135.89699678805698,58.60620737463094],[-135.8996687894109,58.60814137418623],[-135.90458879338226,58.614324373320585],[-135.91220779666045,58.618803372070694],[-135.91029879949045,58.62415437226771],[-135.91391980147506,58.62703737165996],[-135.9230638030432,58.62821637023507],[-135.92473280445827,58.63043136993888],[-135.92471380593275,58.63304636989466],[-135.91852680747974,58.63686737077592],[-135.91940481055164,58.64215137054584],[-135.93439381519462,58.64774936814276],[-135.93866381898525,58.653708367379075],[-135.94672482356356,58.6603963660196],[-135.9481398289483,58.669662365634046],[-135.95245083143362,58.673300364905394],[-135.95784383722935,58.68259036390737],[-135.9606168438381,58.69376236327742],[-135.9538878451409,58.697227364248704],[-135.9550998491687,58.70411236393667],[-135.9654728500428,58.70385136234651],[-135.9651758467392,58.69808336249754],[-135.97692084851096,58.699167360671936],[-135.98324784856487,58.69816535971726],[-135.9896248453175,58.69133735886208],[-135.99160484689588,58.69377635851281],[-135.9903728491491,58.697960358625565],[-135.97693085286107,58.70682736052998],[-135.97099485265096,58.70748636143089],[-135.97192885417033,58.70999936124106],[-135.9801568556655,58.71120535995366],[-135.97424385516018,58.71134036086047],[-135.97989985840024,58.716062359903994],[-135.98065186182083,58.72194935968021],[-135.9994048718006,58.7362473565316],[-136.0030948752358,58.741643355864085],[-136.01683587879262,58.74551735367757],[-136.02406688404082,58.75348035241692],[-136.02840988491624,58.75426835173369],[-136.03786489288882,58.76661935004807],[-136.03918089746244,58.77440534970016],[-136.0461929023736,58.781799348482224],[-136.08295892118196,58.80838634231788],[-136.08962492604144,58.8157323411518],[-136.07729693013854,58.82498634287778],[-136.06590893173907,58.82972334454416],[-136.04747593282295,58.83476534729151],[-136.04160193427788,58.838306348130615],[-136.03439793466842,58.84022034920549],[-136.01171193411994,58.84315235264881],[-136.01443093496675,58.844161352210676],[-136.0113859356268,58.845833352648825],[-136.00196593516935,58.846652354086125],[-135.9993699363548,58.849162354439486],[-135.97683493958152,58.85864935773769],[-135.97368594092256,58.8615243581697],[-135.96354394014364,58.861912359726695],[-135.96490394126212,58.86362435948505],[-135.96092294084565,58.863584360099715],[-135.9581799439693,58.86948936041302],[-135.94274194610088,58.875851362675846],[-135.9319499461101,58.877725364305924],[-135.92178994453295,58.87673436589143],[-135.91325194075552,58.87163936730265],[-135.91904093930805,58.86812336647497],[-135.9384589432506,58.871633363414894],[-135.94574094352762,58.87086136230597],[-135.95523194118425,58.86515236094832],[-135.95920393857685,58.8599323604329],[-135.95113593582923,58.85653836174012],[-135.93475393546828,58.85873236422576],[-135.92644093637588,58.86174536545182],[-135.9026879352995,58.86397236907343],[-135.89168493827,58.871041370639894],[-135.87385593647707,58.87100637339003],[-135.87131593669451,58.8718243737668],[-135.8703349378442,58.873993373878136],[-135.84565393945516,58.88106937755471],[-135.8234139370667,58.88077638098986],[-135.81674193781538,58.8832363819738],[-135.80015793662173,58.88404438451648],[-135.78046693333636,58.88176138759436],[-135.76664593264078,58.882961389703624],[-135.76398393326264,58.884506390086145],[-135.77645593838648,58.89123638804111],[-135.78034893919477,58.89196238742756],[-135.78905093889173,58.88992138612249],[-135.80096994375862,58.89630138416808],[-135.8032269469062,58.90137338372742],[-135.80645594887602,58.904231383177276],[-135.81972995010287,58.90405638113245],[-135.84746895625233,58.909918376745196],[-135.8793449579138,58.90729037187475],[-135.90458895772963,58.90261636806568],[-135.9267159614667,58.90528936460122],[-135.94324296296367,58.90504436205485],[-135.96017296859566,58.91190335931345],[-135.9830289711918,58.912486355774185],[-135.98411197080716,58.91163435562298],[-135.98278196975338,58.910035355858305],[-135.9789869681958,58.90798535648267],[-135.97411196716973,58.907041357252766],[-135.9686419678933,58.90923335805623],[-135.96163996659155,58.90817735915688],[-135.95866796280558,58.9021213597289],[-135.94875495900666,58.89723236135005],[-135.94475095393778,58.88912136211905],[-135.94016195214516,58.88679736287043],[-135.9397079509833,58.88485736297646],[-135.94232195007828,58.88283536261073],[-135.95561994965337,58.87981036061558],[-135.96787895136336,58.880675358708196],[-135.97531295049683,58.87789335761305],[-135.97639594641925,58.87061935758201],[-135.9814459434516,58.864591356915525],[-135.98431694309684,58.86348135649339],[-135.99626394572815,58.86600835460333],[-136.00493194442595,58.86225735333662],[-136.01163194196934,58.856834352404825],[-136.04752494222922,58.85114334697566],[-136.05128994377998,58.85319934635613],[-136.0584819441393,58.852596345258064],[-136.05155494844402,58.861270346162954],[-136.05379995105338,58.86542534573823],[-136.05294895214885,58.86747534583076],[-136.05991195435936,58.87013034470622],[-136.06468695746534,58.87471434388248],[-136.07056096470842,58.886294342756344],[-136.05728896734217,58.89312634467543],[-136.06172197268924,58.90164734382936],[-136.05433397551897,58.90781134485312],[-136.05037197837555,58.91343634535815],[-136.05413398217487,58.91937734466436],[-136.059065984344,58.922294343847206],[-136.06074898756472,58.9275833434866],[-136.07770899318086,58.93441934073598],[-136.08464699927598,58.94378133948508],[-136.09677400442996,58.95063233747948],[-136.1041820086852,58.95672733621756],[-136.10590701111977,58.960638335875686],[-136.11663900998792,58.95687033428908],[-136.11760301210902,58.96036933407271],[-136.1216450151541,58.96494133335951],[-136.12032901704248,58.96842133349585],[-136.11801801802736,58.970510333813],[-136.10263701878176,58.97440933611592],[-136.10264202023973,58.976922336066785],[-136.114181021082,58.97642533429207],[-136.11397402631107,58.98547133414929],[-136.10940703175189,58.99561133465994],[-136.10506803375623,58.99979333525021],[-136.10804603946679,59.00911433460917],[-136.12033204613624,59.01850933252605],[-136.13539404860978,59.02022533016158],[-136.13459705071327,59.02397233021194],[-136.1399820515371,59.02448232936854],[-136.14253805324006,59.02697732892418],[-136.14240405520502,59.030373328878795],[-136.13042505505376,59.032126330699036],[-136.13213505678155,59.03480433038224],[-136.13543605789272,59.03615632984472],[-136.14435305682304,59.03282332852925],[-136.16755306489173,59.04277532474267],[-136.16660207073994,59.0529593246901],[-136.17609507393215,59.05684032314363],[-136.17853407624312,59.060390322696044],[-136.17892107863395,59.064419322556674],[-136.1735320770781,59.06265632342626],[-136.16865407800816,59.06506432413472],[-136.16664108004213,59.068882324371565],[-136.17007908148304,59.07077332380168],[-136.18013708216202,59.07025432225361],[-136.18503708353614,59.07178732146399],[-136.1980650828818,59.06849331951035],[-136.25608608828966,59.0680893105276],[-136.28157808915938,59.065348306631655],[-136.3002000921992,59.06746530370328],[-136.30741009660386,59.073806302458614],[-136.31748009975644,59.07753230082256],[-136.35645210707892,59.08362029465738],[-136.36254510928913,59.08639329365625],[-136.36603511222657,59.09083529302512],[-136.38045111266618,59.08921729082203],[-136.3819841112599,59.086564290638336],[-136.3784191076326,59.080953291305036],[-136.35370710009784,59.0721402953149],[-136.32642009331613,59.06504129968791],[-136.3165890888879,59.05908730133103],[-136.29782808345655,59.05289230436251],[-136.27155507913014,59.049838308494],[-136.22488007711564,59.05415031563947],[-136.2102800773215,59.056936317846095],[-136.2037510742927,59.05283731893835],[-136.18172706169517,59.034919322701775],[-136.1728180535635,59.02245232432535],[-136.15773804615887,59.012259326858654],[-136.14718303784468,58.99973432873585],[-136.1655120378402,58.996646325960086],[-136.14433602582355,58.979513329568924],[-136.14454102431887,58.97688532958815],[-136.15011302413464,58.975629328750806],[-136.1627460263163,58.9772643267652],[-136.16366902405295,58.97320732670135],[-136.16031401722915,58.96200232743771],[-136.15081401043454,58.95187332910282],[-136.15032100763125,58.947114329271066],[-136.15410100597092,58.9436083287547],[-136.16540300481205,58.9397003270834],[-136.18390600531006,58.93744532426733],[-136.21929400781954,58.935836318829104],[-136.22360500884025,58.93687731814235],[-136.2258630085866,58.93606031780926],[-136.22345100746918,58.934533318211834],[-136.223740006702,58.9331583181941],[-136.2275380068132,58.932713317615814],[-136.2523580108564,58.93554431372367],[-136.2808940208859,58.94810230906469],[-136.29056802570764,58.954812307436136],[-136.29558202707491,58.95633630663047],[-136.30728302765303,58.95538530483948],[-136.31364903090892,58.959943303764355],[-136.3184890316771,58.96046330300535],[-136.32547503587952,58.96654930180375],[-136.3486070428141,58.97466229806287],[-136.36845905073426,58.985015294783224],[-136.38633205963797,58.997381291767844],[-136.3914000610768,58.99901929094994],[-136.39988606190568,58.99904528963557],[-136.40283006454194,59.003092289098],[-136.4105640676375,59.00713828781841],[-136.4285190707196,59.00948028499022],[-136.42694707161124,59.01127028519735],[-136.4285170731572,59.013667284905566],[-136.42586407396962,59.01549828527931],[-136.42675707518757,59.01744228510163],[-136.43067307609107,59.01835028447662],[-136.43101707751688,59.020741284374786],[-136.4349300778207,59.02062028377088],[-136.44190807512146,59.01484128280742],[-136.43890407360803,59.01273528331557],[-136.43920107220347,59.01027428331953],[-136.4494330718724,59.008026281780374],[-136.4358140676559,59.00301728399138],[-136.41703306536857,59.0021742869171],[-136.41778706397702,58.99965828685128],[-136.42558406474822,58.99970128564296],[-136.4111810596001,58.99321928800416],[-136.4067220556999,58.98724428881519],[-136.40887705475427,58.98526128852149],[-136.40112805112238,58.98028728982141],[-136.4021850509467,58.979810289667356],[-136.39329604576005,58.97234429119327],[-136.38220904123668,58.96638129302874],[-136.37435703671926,58.959891294373854],[-136.34221803137575,58.95600129942361],[-136.3352200250959,58.94632430069847],[-136.29186101056743,58.92844130775681],[-136.2613720024672,58.91952531264456],[-136.23340999857376,58.91747331700584],[-136.2004689999415,58.92537432194235],[-136.2011490015046,58.92796432178682],[-136.1971900025022,58.9303553223522],[-136.1910270007845,58.92842132334207],[-136.1908459995392,58.92629732341134],[-136.18815699977998,58.927166323810084],[-136.18784800100147,58.9293313238157],[-136.17563100088444,58.931186325667774],[-136.17185600051,58.93117432625141],[-136.17237699924252,58.928894326215],[-136.15098199862317,58.931431329472],[-136.1420339996757,58.93476233079039],[-136.12628599767393,58.93396133323944],[-136.12626499439355,58.928290333351725],[-136.12451299205807,58.924545333694276],[-136.10879698406671,58.91336933633657],[-136.1108699832248,58.91155933605095],[-136.13476298611258,58.912516332342186],[-136.1334399839945,58.90907033261285],[-136.13945698346535,58.9071353317207],[-136.1336509789634,58.900314332748444],[-136.11675597231377,58.891643335523185],[-136.11306096744136,58.88381333624328],[-136.1198869664373,58.880911335245045],[-136.1131279589102,58.868981336516114],[-136.10701895570318,58.86444433754516],[-136.11368294685377,58.847913336831816],[-136.1160819470726,58.84788633646223],[-136.11637994062772,58.83661033663061],[-136.11987193967352,58.8343533361349],[-136.1229119349973,58.82568333583107],[-136.1307289286882,58.813345334860145],[-136.14178892491694,58.8048783333161],[-136.15203792285402,58.79953133183791],[-136.14431591053705,58.77930733341232],[-136.15073091129221,58.779536332419546],[-136.15251491301967,58.782255332093044],[-136.16762991402118,58.78143632977946],[-136.16939591097164,58.775799329614465],[-136.1748969105136,58.774062328800134],[-136.17566490671052,58.767272328810904],[-136.17175290166455,58.7590973295692],[-136.17502289921637,58.7542493291576],[-136.19548090177292,58.75525232598743],[-136.2136809011994,58.75115632326201],[-136.23156790421496,58.753410320463715],[-136.2511119061054,58.753415317452664],[-136.2614159094401,58.75751731578637],[-136.27239991577068,58.766751313915655],[-136.28172191907862,58.77097031239749],[-136.3094619258352,58.77812230798271],[-136.32205492755799,58.77901930602385],[-136.33755593203722,58.78425030353184],[-136.3579449412566,58.79694430013899],[-136.39734295423798,58.813022293744446],[-136.39938296039713,58.82342029322386],[-136.3827859576039,58.82131729582671],[-136.33327295187564,58.81960430350067],[-136.29775195019482,58.82262930892181],[-136.2787789479558,58.82191331186282],[-136.28054195008198,58.82532331152453],[-136.28736195237911,58.82818131041677],[-136.32231895620814,58.828990305006805],[-136.34770395770056,58.827343301121935],[-136.35189295879644,58.82855230045171],[-136.35705695841966,58.82703329968457],[-136.3742049613064,58.829200296995495],[-136.39045596225563,58.82814529450805],[-136.3890319642076,58.83178229465592],[-136.39125696651115,58.835423294240414],[-136.42443196186392,58.8218092893898],[-136.42304796030385,58.81932028965271],[-136.4310759605523,58.818419288431656],[-136.43450496310683,58.82230228782529],[-136.4324469641762,58.824507288099035],[-136.43904896667757,58.82776928701487],[-136.45344796797343,58.82763828479482],[-136.45645196987428,58.830451284274815],[-136.45814296775305,58.826476284093175],[-136.46111396765087,58.82580628364797],[-136.49373697830836,58.838966278347186],[-136.49184498329458,58.84795227845871],[-136.50997499496177,58.865238275309196],[-136.50651499855474,58.87204527570625],[-136.5066600020857,58.87814827556059],[-136.5185370153894,58.89925627329684],[-136.52991902279678,58.91021227131392],[-136.53258502902534,58.92054927069102],[-136.52581203029757,58.92385827167102],[-136.52818303320055,58.92848727120991],[-136.52833104219096,58.943989270870624],[-136.52662704812784,58.95451027091921],[-136.50942904817657,58.95740927352193],[-136.5017690491988,58.96042627464593],[-136.50528704994548,58.96113727408705],[-136.49939905120831,58.96427827493435],[-136.50001805249684,58.96639727479539],[-136.49641405253251,58.96704927533976],[-136.49288405945995,58.97955827563122],[-136.49574905832154,58.97712927523729],[-136.49887305462607,58.97025327489383],[-136.51037505262832,58.964928273222064],[-136.51704105359107,58.965496272178406],[-136.53017505806875,58.9710632700311],[-136.55985705644258,58.96341726559268],[-136.56400005483025,58.95996326502243],[-136.57218405405612,58.957295263810266],[-136.57553704817352,58.94660326351141],[-136.57556203794778,58.92894426387049],[-136.5817640331886,58.91970726310062],[-136.58399902918822,58.91242426290445],[-136.58823202716545,58.90823426233564],[-136.59849103103966,58.91326326064543],[-136.6062300423173,58.93149525907244],[-136.6386900547369,58.94765925371388],[-136.64073205863676,58.95405325326492],[-136.65092206607636,58.96522325145468],[-136.6764020809752,58.98674724705805],[-136.69184908873902,58.99760224443649],[-136.69143209136575,59.00218124440485],[-136.69733509620508,59.00954024333516],[-136.70329409951609,59.01426424231185],[-136.70648609903583,59.012927241845155],[-136.71401509643437,59.007253240797716],[-136.71767309355724,59.0017262403472],[-136.70852608834034,58.99423424192279],[-136.69410007759618,58.978082244497756],[-136.6694700618033,58.95486024879843],[-136.66552006055974,58.9533552494413],[-136.66296805783338,58.94906724992585],[-136.65637405388696,58.94332725106623],[-136.63304804145022,58.925637255043526],[-136.62386903013976,58.907573256836805],[-136.62277102538712,58.899526257172774],[-136.62376702373894,58.896510257080855],[-136.6305180207646,58.89025925616557],[-136.6491560240836,58.892977253227265],[-136.65714802700225,58.89673325191346],[-136.66277702794176,58.897446251027965],[-136.6649930257582,58.893305250771114],[-136.6704330262227,58.89322724993115],[-136.67691902784017,58.89497624889165],[-136.69462103475823,58.904084245964015],[-136.7048690416794,58.9143982441633],[-136.72501504883715,58.92351724085465],[-136.7543000563826,58.931833236146524],[-136.7829290618434,58.936662231611905],[-136.7920390627175,58.93671023020027],[-136.78589906275622,58.9377612311287],[-136.79135006493263,58.94064223022373],[-136.7897380661319,58.94296923042386],[-136.79326006738978,58.94457422984441],[-136.79528806933715,58.9476072294661],[-136.80610206914994,58.945554227834684],[-136.81177307233904,58.950145226858886],[-136.8316600767188,58.95451722368497],[-136.85495507950156,58.95559922005269],[-136.86423908349585,58.96100121849866],[-136.87784808556185,58.96239521635984],[-136.90663310109156,58.984544211420754],[-136.91112110449214,58.98967721061376],[-136.95579511898282,59.007503203297844],[-136.95888912121185,59.010839202745146],[-136.96712312390218,59.01415720139532],[-136.96684312558878,59.017092201374616],[-136.9710671268086,59.018519200687926],[-136.97694513322443,59.028587199555396],[-136.99350313952485,59.03677619680562],[-136.99626314176172,59.0401711963025],[-137.00756814433387,59.04280219448937],[-137.0119431462039,59.04531619375488],[-137.01603315026864,59.05162619298065],[-137.02108115095228,59.05200619218818],[-137.02834015389936,59.05590919097466],[-137.03207115662426,59.05998219030521],[-137.03215515837763,59.062963190226014],[-137.03519515964484,59.06465318971645],[-137.06901815335817,59.04864818481803],[-137.06797214963424,59.04244418511828],[-137.06098414721967,59.039402186270934],[-137.05498314199744,59.031401187379934],[-137.05203514129133,59.03065218785416],[-137.03807913170178,59.01640619033503],[-137.02607412854314,59.0128691922761],[-137.0145391293447,59.016048193996205],[-137.005506128332,59.015727195404885],[-137.0037301241659,59.00886319583123],[-136.9990731198016,59.00210719670184],[-136.99888911756332,58.9982951968139],[-137.0032441166786,58.99609319618668],[-136.98972511125277,58.988899198441146],[-136.97290110258007,58.97664220131753],[-136.95393309776387,58.97134920437346],[-136.94571909734455,58.971924205634316],[-136.944423094325,58.96693420594342],[-136.93127208833687,58.95870520816012],[-136.9185510805008,58.94722021037945],[-136.9160160751443,58.93838721096253],[-136.92141507198195,58.93207621026203],[-136.9308910690165,58.92545620893709],[-136.9323730638245,58.91625520890574],[-136.9440520651471,58.91668920708785],[-136.96131207098207,58.92403420425587],[-136.9814520721477,58.92286520116165],[-136.98382207340129,58.92465520075564],[-136.9903310738607,58.924421199752544],[-137.00041207173925,58.91916919830511],[-137.0106250742035,58.92181519666543],[-137.02111807474012,58.92109019505564],[-137.03633607396932,58.91736619277965],[-137.0509580695964,58.90751519073012],[-137.05683206935518,58.90617618984959],[-137.0566300664899,58.9012551899884],[-137.05812706517642,58.8987491898114],[-137.06537406384237,58.89530418876446],[-137.0622920584574,58.886471189435085],[-137.0738300574349,58.88288918772691],[-137.08194605169547,58.87167518671601],[-137.096567048844,58.86443918461132],[-137.1011090464034,58.859495184016716],[-137.10656004553192,58.857129183224934],[-137.11699004724005,58.858457181581485],[-137.12745704013804,58.84449518026838],[-137.133951038181,58.84008017936045],[-137.13633103619838,58.83626417907607],[-137.1483930336365,58.82992517734925],[-137.146576032084,58.82751117768338],[-137.13279303092335,58.82765217981251],[-137.12951202989476,58.82637818034808],[-137.12742402726442,58.82213218076404],[-137.12292502618186,58.820955181485786],[-137.1193520294654,58.82722518190102],[-137.0913050344683,58.84032118595328],[-137.09102303589202,58.84283818594196],[-137.0887670367632,58.84470518625024],[-137.06439704293783,58.85925118970358],[-137.0595810447289,58.863115190364674],[-137.0598160466317,58.86637719025704],[-137.03436005108537,58.878101193941696],[-137.03059805608126,58.88734419432289],[-137.02222305766395,58.891402195531285],[-137.01754706297723,58.90132919603947],[-136.9981420607616,58.900558199060875],[-136.99348506114276,58.901952199751676],[-136.9801100578485,58.89836820190039],[-136.97083005729203,58.898873203326204],[-136.9406610479931,58.887562208240425],[-136.93656604764016,58.88760120887338],[-136.93183804897532,58.890663209539255],[-136.9246850531064,58.898947210468485],[-136.89489604302224,58.886232215351846],[-136.87448204200692,58.8877292184789],[-136.86820503999473,58.88524621950319],[-136.83709803398065,58.879802224431735],[-136.82444302794275,58.87136422656802],[-136.82213602535734,58.86725022701166],[-136.82146201544555,58.85015422747666],[-136.81697701144572,58.843926228301456],[-136.80701101046122,58.84381822984431],[-136.80500701243113,58.847563230075245],[-136.80537102667785,58.87223222949957],[-136.79989102943955,58.877900230227674],[-136.79127002868245,58.877973231559736],[-136.76795102227166,58.870611235321036],[-136.76678602120447,58.868948235536045],[-136.7625810232994,58.87325923609593],[-136.74452802356353,58.876629238817294],[-136.73209001825578,58.869433240891155],[-136.71521001508532,58.866663243558875],[-136.7023700091168,58.85838324571595],[-136.67640900552016,58.85635124977087],[-136.66804700171892,58.851107251171534],[-136.6596959953054,58.84131825266391],[-136.6555619938877,58.83952625333958],[-136.64918099285836,58.83877625434075],[-136.61282799373245,58.846230259804585],[-136.6057749905705,58.84188526098303],[-136.58345098671185,58.83882926449405],[-136.57851798459177,58.835949265314596],[-136.567259981834,58.832997267113385],[-136.53804997148634,58.81978027189148],[-136.50410895716956,58.80041527752042],[-136.4926119553357,58.799116279320415],[-136.48814295346037,58.79658228006083],[-136.49448295190683,58.79282027915792],[-136.49992395244132,58.79285327831776],[-136.5022249490102,58.786479278090376],[-136.50726494905234,58.785719277327956],[-136.5061089450057,58.778838277644105],[-136.5086089449758,58.77837227726781],[-136.51934894695253,58.7800512755774],[-136.54600295415744,58.788239271300554],[-136.5519459567833,58.791845270310596],[-136.55573695717533,58.79190526972439],[-136.55393395245008,58.78394927016314],[-136.55808595215197,58.78274426954702],[-136.5506279465581,58.77419627086992],[-136.5550599470361,58.774301270184075],[-136.55565994555886,58.77161927014551],[-136.55807794586985,58.77176426976966],[-136.55716094610545,58.77232726989974],[-136.5752779510685,58.77801926698974],[-136.58422395492425,58.783285265502826],[-136.58357295823268,58.78917126548414],[-136.5885809625102,58.79581626457635],[-136.58763696288614,58.79662726470562],[-136.59201696502018,58.799632263968505],[-136.60997197795294,58.819236260797304],[-136.63264798412314,58.82627325715147],[-136.63810398697223,58.83034225622524],[-136.6408339914917,58.83776025565132],[-136.6585719868461,58.82678325313655],[-136.65700598093667,58.8167472535848],[-136.64581297422336,58.80687425551566],[-136.6466319732919,58.805116255425375],[-136.64322697093627,58.801564256023816],[-136.63985796518764,58.7920842567378],[-136.63679596394127,58.79040925724465],[-136.61841396058404,58.7875582601399],[-136.57978394858554,58.77293726639738],[-136.5780649473073,58.770985266701935],[-136.58557294632104,58.7680242656037],[-136.59921594889477,58.77028226345321],[-136.60573595099714,58.77288726239442],[-136.61073394930366,58.769105261700204],[-136.61645095005892,58.76948726081047],[-136.62836095372938,58.77395125888185],[-136.6318359527944,58.77174725839069],[-136.62849595133395,58.769741258946745],[-136.6281209501563,58.76774325904535],[-136.62982694924884,58.765876258820114],[-136.63942495017974,58.765931257338146],[-136.6384099488784,58.76382125753775],[-136.63503994750585,58.76197225809544],[-136.60532694434812,58.76132426269214],[-136.58781994403193,58.76365026534545],[-136.58046394048054,58.7586462665812],[-136.573700938645,58.7565472676667],[-136.5611049372456,58.75617426961682],[-136.54219293206972,58.75023327265248],[-136.53182492542246,58.740299274450024],[-136.52897391913095,58.72973727510059],[-136.53323491666288,58.724700274544574],[-136.53552191173114,58.7156622743728],[-136.54074990748205,58.7073302737336],[-136.54151990382744,58.70077827374594],[-136.52569190353321,58.70288627614212],[-136.5050838980615,58.69668727943956],[-136.478491886325,58.680457283855446],[-136.4567058790012,58.67119028739172],[-136.44972287370126,58.66301228862703],[-136.4430088731995,58.66325128965554],[-136.44214987588086,58.66812428969211],[-136.46418488467233,58.67993428606847],[-136.47413788738197,58.683045284474886],[-136.4819678922733,58.69035128312501],[-136.5130879052638,58.708021277981416],[-136.51132592046673,58.73500627771555],[-136.51278292377185,58.74056027738005],[-136.5224009277407,58.74592327579022],[-136.51747592674116,58.744987276568246],[-136.5176959276344,58.74651627650385],[-136.5145509279848,58.74765127696607],[-136.51216393217527,58.75538727717939],[-136.5080759327451,58.75706227777626],[-136.497406928428,58.751270279536854],[-136.48845892600337,58.74850728097147],[-136.49386892408413,58.7442452802223],[-136.50030392333449,58.74186327927784],[-136.50090292031672,58.73647227929277],[-136.50453992008025,58.73545427875259],[-136.5017699195069,58.73490827919025],[-136.50148891812123,58.73252427928106],[-136.49854691820377,58.73315727972187],[-136.4963979200374,58.736730279982005],[-136.49142591884464,58.735464280773556],[-136.48839392002398,58.73803628118973],[-136.48485091878,58.73644328176738],[-136.4701859200068,58.741033283936574],[-136.4590849180059,58.73937228568035],[-136.42238190776803,58.727532291569666],[-136.4120459056949,58.72562129319972],[-136.39664490042952,58.71895229570285],[-136.38766589473545,58.71045129725188],[-136.37083388846236,58.70224630000377],[-136.34764287725713,58.68642530388092],[-136.3507118762984,58.68421930345118],[-136.35741787762544,58.685427302395816],[-136.35995987502537,58.6804183021016],[-136.3727958688747,58.66741330037859],[-136.3956848658069,58.65814929703677],[-136.39714586535635,58.657108296832305],[-136.3948048648206,58.656556297203046],[-136.3960968637358,58.654424297045836],[-136.42283786169705,58.6463302930897],[-136.43171286291079,58.64698429171168],[-136.4248478612315,58.64517029280304],[-136.42715386039384,58.64330329248492],[-136.44984785944476,58.63781928910109],[-136.45740785804514,58.63407828801152],[-136.49742584632244,58.60663428239554],[-136.50369084578105,58.60462728147173],[-136.52997585023675,58.608129277361186],[-136.54459085459953,58.61341727500912],[-136.55605785650118,58.61487427321675],[-136.54936085168876,58.60746927439333],[-136.53496984906354,58.60521827665067],[-136.52915884538024,58.59966227765383],[-136.52556184473897,58.599126278217426],[-136.51892684121378,58.593986279338424],[-136.5067118387123,58.5915932812633],[-136.49167183708516,58.59122528358215],[-136.48612983443482,58.58745328450783],[-136.48279183571893,58.59029028496524],[-136.47185883157522,58.58477328675331],[-136.46724783191104,58.58614328743522],[-136.46424383463264,58.59147528779288],[-136.46329283847697,58.598451287802945],[-136.45945784343658,58.607883288208285],[-136.4339488471775,58.61879029191743],[-136.4049998450997,58.61998229634538],[-136.39938584313407,58.61744829725747],[-136.39337884241138,58.61718129818601],[-136.3671488317276,58.60268330249748],[-136.36134382893746,58.598718303465716],[-136.35430482124255,58.58625930478632],[-136.35346382433335,58.5918863048076],[-136.36325883472296,58.608649302980574],[-136.3855438445542,58.622295299291665],[-136.38730584801792,58.628127298908],[-136.35311285337286,58.64336430387155],[-136.3428488533361,58.64503330541788],[-136.3229828423474,58.62896530878127],[-136.30998083672753,58.621223310928],[-136.30654683728844,58.62279931142573],[-136.32579684857885,58.639509308146295],[-136.33133685853417,58.65616030697403],[-136.3313868627247,58.66354830682422],[-136.31721386572363,58.671234308856675],[-136.29803585831942,58.66141731199535],[-136.2667898484468,58.64928531703227],[-136.2506858384183,58.63429631979305],[-136.23078283012057,58.623005323065684],[-136.20318982123987,58.611991327512776],[-136.1981528178338,58.606816328383466],[-136.19632181348697,58.59942132880355],[-136.20181381209343,58.596007328024044],[-136.2128668163707,58.60170232621956],[-136.2235778180014,58.60276132455429],[-136.2244988161511,58.59932232447773],[-136.21606781171525,58.59289432589337],[-136.21219980764894,58.586338326610324],[-136.2170098048439,58.580532325980734],[-136.2164508038933,58.57893932609637],[-136.21061880361543,58.579445326982345],[-136.19562680572767,58.58576832916566],[-136.19386380338526,58.58191032950864],[-136.2048758024088,58.578286327885785],[-136.20475080088752,58.57560432795511],[-136.1993487995209,58.574102328812444],[-136.20301379742375,58.56974532833122],[-136.20097779670303,58.568813328661214],[-136.19443779729372,58.570986329624596],[-136.17936078859066,58.55809733217861],[-136.1772617884406,58.558191332499085],[-136.17615779078855,58.56255933258718],[-136.17820579652744,58.5724133320895],[-136.17126379346857,58.56816833323402],[-136.15748579082234,58.565834335392005],[-136.14983578680335,58.56000233667395],[-136.14021377844105,58.54677333839468],[-136.1448527781262,58.54541133770837],[-136.16418678338331,58.551440334630676],[-136.17110277988405,58.544015333707186],[-136.17489777918348,58.54211333316027],[-136.17190077767435,58.539940333660425],[-136.1822657768074,58.53660933213232],[-136.18059677550798,58.53458033242581],[-136.17680177498366,58.53429933301331],[-136.17664277282552,58.53047833310843],[-136.17077577119582,58.52858333404341],[-136.17049777040268,58.5272163341114],[-136.19113977062244,58.524050331004254],[-136.1943767697803,58.52199033054613],[-136.18125976803296,58.521132332573565],[-136.18221276658153,58.51837733247855],[-136.20301676950172,58.520005329257955],[-136.21412176879332,58.51683032761422],[-136.22539177287362,58.52217532578609],[-136.23017677248632,58.520662325080544],[-136.22939576879824,58.51421332532057],[-136.23491276568464,58.50770532459597],[-136.232964764529,58.50597532492698],[-136.21396176586734,58.51163332773535],[-136.1969557633391,58.510046330372475],[-136.172389761087,58.5102603341348],[-136.14912376104505,58.514205337628816],[-136.14274376418706,58.520918338483476],[-136.1333647612672,58.517328339987394],[-136.13392075911466,58.513388339974526],[-136.1393447578484,58.510187339201906],[-136.14504675826143,58.509938338332454],[-136.14569275713103,58.50780733827261],[-136.1345977539432,58.50403134004273],[-136.1231417567035,58.51094834167168],[-136.12493175839703,58.51366334134755],[-136.12231475931347,58.51575334171045],[-136.12351176280487,58.521779341416206],[-136.1154047588187,58.51606734276403],[-136.09632575460037,58.511843345765676],[-136.0960817518373,58.50694834589241],[-136.10032374874072,58.500676345356815],[-136.10160474019452,58.48516434544329],[-136.09811173643791,58.4790453460899],[-136.10394573642307,58.478004345215034],[-136.09235472952113,58.46765434717857],[-136.0883757289387,58.46730334779428],[-136.0868587300414,58.469544347986044],[-136.07388772835705,58.4687863499861],[-136.07173672733057,58.46732135034219],[-136.07294272305487,58.45944335029993],[-136.08181572141103,58.4549463490227],[-136.08402471948537,58.45110534875397],[-136.0835717172204,58.44711834889546],[-136.06878771197646,58.440282351281795],[-136.06218570883854,58.43579835237299],[-136.0589727056577,58.43064335295735],[-136.05880470145752,58.42311935311832],[-136.05304969770654,58.41737835410173],[-136.0540166940586,58.410642354074625],[-136.05925269234731,58.40664335334526],[-136.05764868536977,58.39435135381068],[-136.04170668060175,58.388551356351854],[-136.03550167647927,58.38220435741354],[-136.0470006751809,58.37784035573358],[-136.0505906744568,58.37590235521949],[-136.05088067302884,58.37327335522191],[-136.055153672661,58.37185835459404],[-136.06779267453572,58.37302535264127],[-136.07319767753967,58.377500351735094],[-136.07313967940462,58.38087635168343],[-136.07597767955943,58.38065835125354],[-136.07622067834785,58.37842935125616],[-136.0728216757997,58.37442535184766],[-136.06936167369207,58.37122635243357],[-136.06354667190996,58.36902835336173],[-136.0715156708744,58.36575935220219],[-136.09266666365195,58.34899334926982],[-136.10250866245485,58.34510234783563],[-136.11827466193245,58.34139534549345],[-136.12713666317833,58.3420993441266],[-136.13574866550516,58.344803342762],[-136.14982266663483,58.34438834061903],[-136.1790426658147,58.33780733627291],[-136.18311766629722,58.33797033564726],[-136.1871966691788,58.34247433494206],[-136.19515866891567,58.340612333759175],[-136.20015866975737,58.34126533298331],[-136.2035226708076,58.342580332445145],[-136.20673967361319,58.347095331871145],[-136.20899067339525,58.3463103315415],[-136.2057466715322,58.3435043320884],[-136.20335766564386,58.33326433263983],[-136.2059766643812,58.33052233228968],[-136.24361866174394,58.31920432674474],[-136.2659266612843,58.314502323422424],[-136.27678966198886,58.31389732177401],[-136.29630166636397,58.31845031870873],[-136.30417866987707,58.323453317412806],[-136.3051416728633,58.32869431716874],[-136.30311267686142,58.33628031733858],[-136.29873868012825,58.342944317884175],[-136.29238768205224,58.34751931877054],[-136.2924816833263,58.34980631871383],[-136.29007568400598,58.35145031905133],[-136.28165168411033,58.353093320308915],[-136.27394968908627,58.36341232129629],[-136.28883169384372,58.369432318908785],[-136.28939069509622,58.371596318783226],[-136.2980656978607,58.37508931739156],[-136.30134270020426,58.37875231682219],[-136.30563170062817,58.37877831616544],[-136.31353870424945,58.3839473148595],[-136.31391070605898,58.38714531474309],[-136.3206457098048,58.39273731360817],[-136.3224257128261,58.397873313239856],[-136.32066471521867,58.40248331342326],[-136.3213577197436,58.41050731316718],[-136.3244087203053,58.41099431269101],[-136.3276527240396,58.4171543120791],[-136.32905172203107,58.41330231193697],[-136.3248237188781,58.40835531267678],[-136.32814071585602,58.402347312281485],[-136.32596570899486,58.39036431283823],[-136.32845270664146,58.38569631254481],[-136.32825170381946,58.38064331266995],[-136.32055769670174,58.36912631406179],[-136.32413769649318,58.36813431353242],[-136.32312069701462,58.36925031366722],[-136.32413969757278,58.37008231349594],[-136.3367497029264,58.377573311426964],[-136.35126570075144,58.371158309326006],[-136.35141070334166,58.37580630921693],[-136.35734970559264,58.37884730825132],[-136.36106170239137,58.37243730780336],[-136.37529070563446,58.375849305562255],[-136.3787687103031,58.383671304883],[-136.37679971239473,58.38777730510721],[-136.37810971413097,58.390681304852016],[-136.37974471424837,58.39061330460304],[-136.38328371051406,58.38327930419939],[-136.38737371065292,58.38283030358198],[-136.38880571218644,58.385349303315415],[-136.40133271572012,58.3895763013181],[-136.40457971762893,58.39246030076661],[-136.41123271860621,58.39308529973634],[-136.41230272003693,58.39547929952735],[-136.41652272178172,58.39790129883524],[-136.422248721972,58.3972682979706],[-136.43754972651874,58.402847295522],[-136.45263373349442,58.41283129302154],[-136.44787772911755,58.405767293884765],[-136.44859572761797,58.40294729382856],[-136.45406972625207,58.399559293055056],[-136.4565107272944,58.401020292653236],[-136.46869872910153,58.40220329076439],[-136.47559573219462,58.40659828962399],[-136.4801687366213,58.41378328878597],[-136.48372873792576,58.415525288207114],[-136.48771373687106,58.41295428764618],[-136.49683374770567,58.430876285904226],[-136.50981675751694,58.44628728361714],[-136.52028676275918,58.45391928186439],[-136.53005276255487,58.45190828040612],[-136.52391875894534,58.446471281451934],[-136.51381674896973,58.43027728331349],[-136.50601374352124,58.42181028467224],[-136.50407073951973,58.414948285102135],[-136.5073757395194,58.414389284606614],[-136.50689773890537,58.41336628469955],[-136.49037573288865,58.40534228738447],[-136.49010273082175,58.40167028749669],[-136.49490272572282,58.391679286953334],[-136.5053527237699,58.3863922854547],[-136.50636172206129,58.383143285362536],[-136.51618371867875,58.37538428400792],[-136.52660471898625,58.37417528243588],[-136.53368672065577,58.37598728131672],[-136.5381037228691,58.379230280578064],[-136.5403087226896,58.37853428025404],[-136.5485377272189,58.38530527886329],[-136.55937372770677,58.384356277222366],[-136.56659972926576,58.385946276085015],[-136.58920573750643,58.39697727240853],[-136.58991073356415,58.38976327244103],[-136.57740072907356,58.38378127447306],[-136.55465672359324,58.37774027807242],[-136.54834472126066,58.37460127909943],[-136.54308771688488,58.36759928003928],[-136.5367427091335,58.354684281258834],[-136.52846570536576,58.34928128262904],[-136.5101167033795,58.34880328544572],[-136.50357170165998,58.3468072864853],[-136.50249969799833,58.34037228677203],[-136.50035169669923,58.338388287138486],[-136.50593269504324,58.33444628636003],[-136.50317269349793,58.332120286826616],[-136.50440169124968,58.32784428672019],[-136.5002906907392,58.32761928735319],[-136.49933868936174,58.32528828754317],[-136.49187868879102,58.32552428867957],[-136.4893466907897,58.32957128898978],[-136.4817746900218,58.329470290149686],[-136.47960969163995,58.33276629041814],[-136.47567969237772,58.334769290981136],[-136.48729570121085,58.34876028893804],[-136.49109071081222,58.36545028803892],[-136.49488271353655,58.36972128737683],[-136.49192471910268,58.38025828762807],[-136.47985072287062,58.389094289307415],[-136.4777087243757,58.39216828957663],[-136.4803487262034,58.39501128911785],[-136.47843572644663,58.39577328939629],[-136.47538472582974,58.395180289874915],[-136.47382972642535,58.396516290087405],[-136.4679227241209,58.39337029105196],[-136.46238872321643,58.39268129191239],[-136.46207072210467,58.39073329199815],[-136.4160437106489,58.377926299286784],[-136.4108567090455,58.375920300118594],[-136.40911870748846,58.373409300431916],[-136.40940270449164,58.36795430049151],[-136.41151770292842,58.36477230022782],[-136.4264907050152,58.36598229791416],[-136.43147170428097,58.36380729719309],[-136.40741069973546,58.3597103009516],[-136.40034470006404,58.36151130199868],[-136.3918287020738,58.36659530320601],[-136.388825702158,58.367261303652874],[-136.38499370096076,58.365756304267315],[-136.36516868851012,58.34666630765755],[-136.3604366866302,58.34408030842957],[-136.3591126838428,58.33926730872179],[-136.3708016824111,58.33467030702054],[-136.3590876793013,58.33105530887876],[-136.35713567789278,58.32884130921857],[-136.36833267058358,58.31367930778957],[-136.37321867013225,58.31202130707381],[-136.36974966690673,58.30677130770172],[-136.37099966419905,58.30164630760625],[-136.37422966309526,58.29908830716035],[-136.38998466347724,58.29707330479078],[-136.40056166568218,58.29925730313379],[-136.40409166672663,58.30054630257027],[-136.40765067226243,58.30997230184978],[-136.41391467288224,58.310022300891525],[-136.4153436747183,58.31310430061531],[-136.42148267361569,58.31005529973421],[-136.42829967582958,58.31290029863882],[-136.44373467680353,58.31202529629591],[-136.45596867562034,58.30779129450584],[-136.45795267332417,58.30329029428756],[-136.4606146733575,58.302896293888125],[-136.46452867400748,58.303406293280325],[-136.46884067638493,58.30698029255359],[-136.47875567787898,58.307997291018744],[-136.48366767695438,58.30548429031545],[-136.48681167520672,58.30178028990517],[-136.49126867618645,58.302797289204634],[-136.49435267764076,58.304908288693014],[-136.50348267961766,58.30693728725892],[-136.5053566813376,58.30973528691908],[-136.50681368643689,58.31872328652524],[-136.51353568568095,58.31621228554518],[-136.53248969557814,58.330908282365804],[-136.53284469736255,58.33407528225068],[-136.55002370245572,58.34037427950189],[-136.56015370072313,58.33552927804512],[-136.5642857010999,58.335512277413486],[-136.58291970875567,58.34620127435612],[-136.59304971169155,58.34979627273627],[-136.5941807139486,58.35368127248777],[-136.6109107230379,58.367266269662906],[-136.60725571876011,58.36016427036056],[-136.60635271459228,58.352794270641986],[-136.61956671109755,58.344260268785604],[-136.63044571008953,58.34061026719162],[-136.64978671072328,58.33850726427292],[-136.65862371251362,58.34026026288623],[-136.65133870780937,58.332980264143146],[-136.65069670525264,58.32846526432947],[-136.63869870413552,58.328460266165216],[-136.63205970145034,58.32471926725377],[-136.61517769230446,58.31100727010214],[-136.60808868470176,58.298427271429226],[-136.59813568251613,58.29614527299512],[-136.58560267463764,58.283972275145146],[-136.57682067050348,58.27795427660294],[-136.57514966721985,58.27227327696715],[-136.56985166476045,58.26870327784509],[-136.56985366295635,58.265424277907364],[-136.566326660335,58.26125727852584],[-136.5680446585931,58.25779827832951],[-136.56676865764663,58.25629327855326],[-136.56965965604394,58.25288727817667],[-136.5679766516388,58.245156278581305],[-136.5793576513188,58.24264127689118],[-136.57985564854087,58.237498276913534],[-136.58806764883002,58.236631275676025],[-136.58975364705321,58.23310827548595],[-136.58774364533477,58.23031827584628],[-136.58866564072432,58.22175727586895],[-136.59194563890884,58.21788927544204],[-136.59721863782084,58.21500927469208],[-136.6087536391921,58.21555427292091],[-136.61299863765782,58.21203527234027],[-136.61655063796755,58.2119982717988],[-136.6202856365233,58.20872927129135],[-136.62381763653607,58.20815427076331],[-136.62259663813393,58.21127727088983],[-136.63255763845015,58.21016726939058],[-136.63512764034914,58.21319726894006],[-136.64200464045626,58.21222926790877],[-136.6450296413134,58.21328126742675],[-136.6440846424071,58.215436267529476],[-136.6214066489091,58.231126270690545],[-136.61707865091287,58.235509271267276],[-136.61684465332488,58.23994127121778],[-136.6240796525972,58.23739227016187],[-136.6377616455375,58.22221426836443],[-136.65865863931225,58.207326265460864],[-136.66249764119976,58.21012226482102],[-136.66963364216377,58.21067626372082],[-136.67097964358172,58.213036263469796],[-136.67510564496553,58.21486426280457],[-136.68271564559834,58.21473526164501],[-136.68015064661458,58.21702126199247],[-136.68122064844258,58.22017426176795],[-136.69561664821111,58.21732725962506],[-136.70127164988057,58.21941925872074],[-136.7015476511429,58.22167425863484],[-136.6980926520211,58.223856259120055],[-136.70206765268102,58.22439025850281],[-136.70130465382388,58.226601258576345],[-136.7071716541747,58.22625425768699],[-136.7075096551344,58.22794625760251],[-136.70378165543494,58.22912025814887],[-136.71056865751186,58.231763257060855],[-136.70879565807482,58.233086257306],[-136.70934965988852,58.2362962571589],[-136.71521766220354,58.2395252561994],[-136.714423662783,58.24071325629752],[-136.72341166592818,58.244929254841956],[-136.72389966661905,58.246104254744594],[-136.7203556666859,58.2468202552719],[-136.72576766858649,58.24937025439515],[-136.72384267049839,58.25317025461506],[-136.7309056729803,58.25649925347047],[-136.72378467484702,58.26108525446909],[-136.71620767521543,58.26302425558924],[-136.7137946784913,58.26938025583362],[-136.71731168100698,58.273359255218104],[-136.70426168254838,58.27834425711579],[-136.6960116821113,58.27893425836554],[-136.6871126770067,58.27116025987737],[-136.67613967511397,58.26956626158565],[-136.67586667661763,58.27234326157344],[-136.6795336773402,58.27303926099948],[-136.67968667891134,58.27586626092093],[-136.68320368040182,58.27798126034216],[-136.68176668102313,58.2793502605351],[-136.685071685208,58.28638925989242],[-136.68427868697339,58.28972425994877],[-136.6764856883813,58.29358526106503],[-136.67719068978357,58.29600926090999],[-136.70002069065325,58.293757257462566],[-136.7212916891712,58.28750825433234],[-136.7352586898228,58.28635425221908],[-136.73238869281292,58.292256252541996],[-136.73764569433075,58.294129251701165],[-136.7309887001169,58.30572525249106],[-136.74339569922876,58.302045250665614],[-136.7489566978687,58.29865324988199],[-136.7510956951534,58.29337524965897],[-136.76292069237343,58.28636224798887],[-136.77422869385003,58.28715524624366],[-136.77786869637882,58.29113424560819],[-136.78165869748383,58.29250624500134],[-136.78434669662408,58.290500244629825],[-136.7893296967416,58.289884243879946],[-136.79385469956253,58.2942452431013],[-136.79129070320886,58.30127824335382],[-136.79153770535575,58.30512524323963],[-136.7890027055433,58.30588624361236],[-136.79343370667328,58.30719624290838],[-136.7871087077798,58.31025024381563],[-136.7927027094535,58.31235024291792],[-136.77959471256844,58.3201642447684],[-136.7749177112883,58.31862624551477],[-136.76407271716937,58.33106424692779],[-136.77397371596132,58.327234245488405],[-136.78011971777298,58.32948824450282],[-136.78552671699256,58.327179243721005],[-136.79805971888166,58.328514241776055],[-136.8057937213615,58.33171424052837],[-136.80772272393605,58.33604624014657],[-136.80402772815603,58.34427924054767],[-136.8064137301159,58.34742224011964],[-136.81603972840662,58.34274323873915],[-136.81771772532738,58.33690423859914],[-136.81688972225487,58.33149023883403],[-136.8028547149192,58.32055424120079],[-136.80963971487685,58.31935224018636],[-136.80927371374977,58.31737424028184],[-136.8230527082199,58.305081238418566],[-136.83772371103925,58.30775523611998],[-136.83876371149896,58.30841523594762],[-136.8375717123058,58.31007323609679],[-136.8416097153365,58.31488923538254],[-136.84750771499995,58.31330523451161],[-136.85762571761447,58.31636323290149],[-136.8516977184513,58.31885623375872],[-136.85053671966074,58.321235233888764],[-136.8543297223335,58.32544123322365],[-136.85292572483723,58.33019823334306],[-136.84717872369393,58.329081234245244],[-136.84281272854653,58.33856923472333],[-136.843396730785,58.34251523455464],[-136.84776873119213,58.3425282338847],[-136.8481347324413,58.34472323378454],[-136.8458157354737,58.35057823402201],[-136.84227073720353,58.354284234490336],[-136.84166274122595,58.36163823443554],[-136.84407974319117,58.36478223400198],[-136.83576974599117,58.371198235145826],[-136.8282507471672,58.37455723623038],[-136.8300857479817,58.37572123592564],[-136.79875975196484,58.38806524047805],[-136.7965887547476,58.39343024070311],[-136.7983717588487,58.40051024028779],[-136.80273976570368,58.41210723938483],[-136.80856776892477,58.41693023839414],[-136.82428077211992,58.42007723592102],[-136.8340457709196,58.4163152344996],[-136.84399677280499,58.418063232938295],[-136.84129477072756,58.41477823341906],[-136.83336176914648,58.41324423466662],[-136.8277877687504,58.41345023551715],[-136.82323477011548,58.41665123615064],[-136.812497767901,58.41444423784158],[-136.80860676559905,58.41095123850867],[-136.80360076050064,58.402616239443894],[-136.8044387591216,58.39999923936789],[-136.8028957584042,58.39896423962526],[-136.80663775436744,58.39108623920995],[-136.8118757505982,58.38343823856091],[-136.8338417498934,58.37854423529339],[-136.833907748344,58.37574323533968],[-136.8439897450985,58.36823423394612],[-136.84621974309132,58.36424923368478],[-136.86330674502162,58.36491323105354],[-136.8645317487992,58.37151823073235],[-136.87104675359188,58.37907722958089],[-136.8671947528556,58.37838523018537],[-136.86651375362658,58.37988523025941],[-136.87122375517404,58.38189622949681],[-136.87633775562546,58.381868228713444],[-136.8785347538522,58.37831522844888],[-136.87535475088396,58.37349322903378],[-136.87565174375538,58.36059922924929],[-136.87143374173706,58.35765422995509],[-136.87164373912137,58.35290223001899],[-136.8736577356884,58.34637622984238],[-136.8871037335767,58.340351227904804],[-136.89563173520506,58.34188822656765],[-136.9024767349757,58.340349225550426],[-136.9118017386481,58.34544622401876],[-136.91299474028378,58.34820222377983],[-136.90603174577484,58.359248224622185],[-136.9067687491331,58.36518022438888],[-136.90059875168342,58.37078722522022],[-136.89977375349775,58.37419022527765],[-136.89436775520173,58.37814522602566],[-136.89468175901666,58.38496022583895],[-136.91022875604975,58.377071223616625],[-136.9296077582873,58.37792622062875],[-136.92300676055493,58.38308722153521],[-136.9124527610729,58.385747223098925],[-136.90981476204286,58.38792422345882],[-136.91031476382534,58.39104822331856],[-136.90844076485794,58.393212223561754],[-136.91035176570614,58.394424223243966],[-136.93075176905958,58.397116220061065],[-136.938533767495,58.39303221895144],[-136.94862876858636,58.39334621739719],[-136.9864047779645,58.404046211383545],[-137.00943578273913,58.40888020775083],[-137.01843078369856,58.40914420636542],[-137.03147578159187,58.403247204486725],[-137.03845778317955,58.404968203379724],[-137.07813078257905,58.39747719744987],[-137.07592777890272,58.391226197918314],[-137.07861777514057,58.38402719765626],[-137.08111077430317,58.38211819731367],[-137.0917057742455,58.380304195726616],[-137.09834877531998,58.38116519468991],[-137.10919377980014,58.387474192894246],[-137.11182378288578,58.392597192383455],[-137.1112157843851,58.395389192418016],[-137.1289547902394,58.40305218953515],[-137.1681488060203,58.42508118305378],[-137.17352980708324,58.42612618220536],[-137.18004980979404,58.42994218112315],[-137.23938682804376,58.45316217151287],[-137.2527308310054,58.456341169394214],[-137.27863383505954,58.45948716534593],[-137.2958098403252,58.466182162561104],[-137.32068785122075,58.481711158398824],[-137.3360588563716,58.488481155887456],[-137.36341286249615,58.495107151535265],[-137.37957286789967,58.50220414889328],[-137.38145786945054,58.50467114854896],[-137.3857838704223,58.50572514786015],[-137.39043287027633,58.50473914716659],[-137.4004048729613,58.50796214556123],[-137.40877987811413,58.515825144098656],[-137.46117589832974,58.54360513541467],[-137.55155092616545,58.57900812069353],[-137.5682379326895,58.587992117916905],[-137.60882494369093,58.601237111355935],[-137.6329099450577,58.599985107669724],[-137.65610795247747,58.60956310387097],[-137.65638895362704,58.61154910378181],[-137.65147595264153,58.610555104562756],[-137.64730495320202,58.61217710516878],[-137.64556595510078,58.61579110535393],[-137.63517795685672,58.62046510684927],[-137.61538795224652,58.615341110020594],[-137.58334195108606,58.618176114899654],[-137.5529689537185,58.62745711937417],[-137.53387895777553,58.637527122090674],[-137.5123279591705,58.64328512528546],[-137.4971209640553,58.65421612738468],[-137.4900249649864,58.65694312841818],[-137.48509996406912,58.65608512919776],[-137.47568596027156,58.65084813076911],[-137.4655829599389,58.65181613230626],[-137.45379495632122,58.64726213422802],[-137.45078695669656,58.648386134666865],[-137.46851296458328,58.65953813167987],[-137.4885659712619,58.668203128388285],[-137.49605697671169,58.6766311270405],[-137.50413697950057,58.6802921257096],[-137.50781398008397,58.68075412513127],[-137.51169997631152,58.67353312469548],[-137.5156939746847,58.67006312415766],[-137.51524697253512,58.66635312431112],[-137.51674297137745,58.664089124131515],[-137.56065897049544,58.65582811754004],[-137.57168496808796,58.649911115973296],[-137.58736897036624,58.65153111351513],[-137.61464196909967,58.64515510945124],[-137.61916697050694,58.646945108711485],[-137.64327196511604,58.63379510529334],[-137.65051996494773,58.63240010420673],[-137.65626896268353,58.627539103431644],[-137.67390996259152,58.62470610077433],[-137.6747769613617,58.622407100693785],[-137.66805995853224,58.61843410182212],[-137.6656789563905,58.61501710226852],[-137.67171095719695,58.61552610132594],[-137.68083196155854,58.62183809977252],[-137.67687797537513,58.646773099805415],[-137.68353698362037,58.660270098464146],[-137.68764798665964,58.66499209771955],[-137.7950580299864,58.7248580797129],[-137.86476405104221,58.751307068297336],[-137.87537205533755,58.75723506651321],[-137.87355505610373,58.7588390667562],[-137.87757105790112,58.761381066073334],[-137.87995605691034,58.75930206575401],[-137.9016960621974,58.765319062243414],[-137.92817807316587,58.78053605777508],[-137.9418490822422,58.79432505532329],[-137.94497908844866,58.8046550545877],[-137.9393740931991,58.81372405523618],[-137.9315870960381,58.8197900562962],[-137.92764609997155,58.82719005672748],[-137.92462910937536,58.843931056788854],[-137.9342691185542,58.85841505494134],[-137.93952012142893,58.86262305402422],[-137.93487112209192,58.86444705470112],[-137.9326141242438,58.868497054952506],[-137.95201613602725,58.88603205151375],[-137.98521915244035,58.90952804578241],[-137.98366615418692,58.91276204594402],[-137.99105115461018,58.912423044805315],[-138.06635318690758,58.95712903199655],[-138.13193120961347,58.986702021056395],[-138.15199821527844,58.99355101776116],[-138.1596192189674,58.99878301644308],[-138.16767221995963,58.99934001517566],[-138.17191922270533,59.003435014411046],[-138.1634092242395,59.00726201563863],[-138.15774422392883,59.00753301651364],[-138.15163822108752,59.00354001756503],[-138.14809722123096,59.0042870180971],[-138.13618921834768,59.001045020032294],[-138.13500121923897,59.00273802017443],[-138.13102121883773,59.00261702079698],[-138.11310321393358,58.996774023732534],[-138.09587121412503,58.99955502634414],[-138.0785452126157,58.99944302904291],[-138.0739652109957,58.99732502980861],[-138.04862420954737,58.998469033722714],[-138.0448622050293,58.99127403448743],[-138.03916120415988,58.99060203539107],[-138.0326492071348,58.99662803625411],[-138.02900820663757,58.996299036828624],[-138.02359220397219,58.99251303776549],[-138.02037520437005,58.9936560382373],[-138.0181132084423,59.000950038407844],[-138.0184862099728,59.0035150382861],[-138.0212262115414,59.005805037802844],[-138.03016621277249,59.00662903639114],[-138.03341021522667,59.010361035793395],[-138.0362362159588,59.01120803533242],[-138.0432682150724,59.008686034301135],[-138.0482082125544,59.003673033657506],[-138.0523682145458,59.006484032939944],[-138.05622921503985,59.00677703233181],[-138.0646902143185,59.00433403107642],[-138.07719421484242,59.00344502915293],[-138.08006321796816,59.008381028582754],[-138.1045702228825,59.01329102464505],[-138.1147382278091,59.02026302288677],[-138.1188742287661,59.02131002221665],[-138.12000223494587,59.031700021778995],[-138.11290123757777,59.03719802274593],[-138.11536023868055,59.03873002232452],[-138.11027124046012,59.04248702302214],[-138.13171024314786,59.04403001964413],[-138.1426932430869,59.04237101797544],[-138.15643824458465,59.04298101581929],[-138.16050724240608,59.03869101529415],[-138.14521023797715,59.033300017813126],[-138.14363423675832,59.031443018105485],[-138.14461523486614,59.02807501803796],[-138.15825823106687,59.01965701612676],[-138.15361322799384,59.015065016966076],[-138.15467722749085,59.014055016826056],[-138.17325222468662,59.00663401412249],[-138.18149123190855,59.01781101255631],[-138.19049123463913,59.02120401106881],[-138.18405423490083,59.02255901203665],[-138.18938723703133,59.02544401113307],[-138.19291523561947,59.02253601065743],[-138.19542923631667,59.02337201024478],[-138.20616323977617,59.02776500846133],[-138.21148324313188,59.032742007506116],[-138.23500725060464,59.04218000360059],[-138.25055325473141,59.04703400105426],[-138.25005525337548,59.0447930011892],[-138.28967126386053,59.05711499469909],[-138.32644627061225,59.06348698880236],[-138.34331927486315,59.068375986045204],[-138.33753627581638,59.07079898688388],[-138.33246627540032,59.07079498767449],[-138.31481427251816,59.068345990490094],[-138.31450927309888,59.06937599051087],[-138.31841827446104,59.071148989855665],[-138.30437327283903,59.07034399206608],[-138.2820142744622,59.0762179954002],[-138.28398527585978,59.07831899503884],[-138.30618627458696,59.07306399171304],[-138.32298527709693,59.07499598904399],[-138.33111028059358,59.079810987652095],[-138.33976528000295,59.07760698635979],[-138.34669828176825,59.079645985225596],[-138.3531902802791,59.07621598430241],[-138.36123928139307,59.07699498302716],[-138.35369327798756,59.072250984327226],[-138.3444332763259,59.07070898581097],[-138.35026727594467,59.069251984939115],[-138.40383328636955,59.07956997631719],[-138.43498129360165,59.08756797124915],[-138.39800828843838,59.083886977112805],[-138.37753228791505,59.085822980256104],[-138.38037529181304,59.092048979650045],[-138.39523629374403,59.09327697729975],[-138.40181729653153,59.097100976172975],[-138.38212329634138,59.09949197918304],[-138.3865852971686,59.10027997846631],[-138.38389229767947,59.101517978854154],[-138.3842322984219,59.10272997876933],[-138.38828429802936,59.10150597816927],[-138.39370529959297,59.1034109772735],[-138.4156763016251,59.103833973834185],[-138.42274829841406,59.09741597289923],[-138.427147298301,59.096619972233576],[-138.44666230459003,59.10460896897847],[-138.45172730466655,59.10404496820303],[-138.4740573092989,59.10884296459151],[-138.48437130864863,59.10633196304801],[-138.51135731147014,59.10743495880673],[-138.51767031106337,59.10588595786246],[-138.56406832115326,59.11668195033188],[-138.6156323307444,59.12595394203146],[-138.6159153320189,59.12807194193055],[-138.61420433273085,59.12950694215917],[-138.60479932974647,59.1257249437295],[-138.5412883231282,59.12311295371749],[-138.51503131803332,59.118053957951474],[-138.50403332161963,59.125621959467736],[-138.49839832235344,59.12763096029429],[-138.4973203239877,59.13054296038556],[-138.49870632584484,59.13349596009071],[-138.4972283272423,59.13606096025337],[-138.49925032932293,59.13930395985156],[-138.5128293354017,59.147731957506664],[-138.53895733545536,59.14427795351741],[-138.52913633659136,59.147528954964905],[-138.523650338147,59.150900955732006],[-138.51937334081256,59.15598295626478],[-138.5078493418336,59.15927095797771],[-138.49935734426438,59.16452695916475],[-138.4976613460575,59.167782959343306],[-138.48490834740483,59.17178896122966],[-138.4823143491601,59.175101961546815],[-138.48292835271917,59.18101796129369],[-138.46953235455874,59.18593996325674],[-138.46922235528035,59.187197963271764],[-138.46569135507406,59.18733096382026],[-138.45345034926137,59.179202965948775],[-138.44483334765414,59.17766896733605],[-138.42900834896278,59.182035969693594],[-138.4183733517095,59.188117971194885],[-138.4108353518483,59.189382972339644],[-138.39496234978262,59.18807597485483],[-138.38338134707638,59.18510397674264],[-138.3594063467648,59.18787198041633],[-138.35413834792436,59.19054998116937],[-138.34890834711453,59.189904982003604],[-138.3338503471183,59.19198498430203],[-138.283386337249,59.18232399243858],[-138.27331533705038,59.18338499398433],[-138.23525932906628,59.17520600014037],[-138.2188323280715,59.17581600269001],[-138.2168023266313,59.17366900306244],[-138.21993732582962,59.17187900261908],[-138.2143743252218,59.17162900349421],[-138.2004863211652,59.16672000578921],[-138.1967223191527,59.16384800645069],[-138.1734593167792,59.163095010101856],[-138.1614823141201,59.16028201204371],[-138.1541173146909,59.16228001314218],[-138.1536533161105,59.164743013151615],[-138.14762631697857,59.167055014033565],[-138.1316243162103,59.168006016507405],[-138.13170531900158,59.1727070163745],[-138.12683132058814,59.176070017049696],[-138.1027683196795,59.17792402075937],[-138.09254132073298,59.18114302227431],[-138.08867032220505,59.18417202280154],[-138.08765632462686,59.18839902285239],[-138.09238332928453,59.19558402193135],[-138.10447833217773,59.1987560199614],[-138.10708533438893,59.202114019468496],[-138.1154693373134,59.20586001806317],[-138.11609634009946,59.21046201784758],[-138.10527934372476,59.21808201934288],[-138.10690934673872,59.22292201896433],[-138.11453234935348,59.22624801768812],[-138.11452735071913,59.22854401763014],[-138.11981035287482,59.23142601673073],[-138.11941235379624,59.23303001675174],[-138.11561135313622,59.232454017360524],[-138.11575435533507,59.2361280172441],[-138.11146835421818,59.23485301794662],[-138.1083143521144,59.231761018518725],[-138.10317435170754,59.231799019321166],[-138.10097735351826,59.23515001957873],[-138.08962635424157,59.23796002128108],[-138.09053235533887,59.23967602109561],[-138.10001535755734,59.24206901955218],[-138.1064183612236,59.24732501841672],[-138.1123753624966,59.24862601745204],[-138.1200443624184,59.247420016284075],[-138.126772361681,59.245240015288],[-138.13551835825845,59.23826901409985],[-138.15126636097693,59.24063101157736],[-138.15908436142956,59.2402990103637],[-138.17910836058252,59.23608200734196],[-138.18437535939245,59.23334900658912],[-138.1866783550691,59.225763006424984],[-138.19036235411104,59.223639005904054],[-138.19836335416628,59.222617004679805],[-138.19448435111798,59.21803200540448],[-138.19193135057404,59.21747300581791],[-138.18823434703248,59.212031006535945],[-138.1943483447263,59.207297005702635],[-138.20645235572786,59.224116003376665],[-138.20394035958648,59.23095000359263],[-138.21407036699867,59.24198900172323],[-138.21154837264405,59.2518120018628],[-138.20693837621772,59.25844500241198],[-138.21363837981303,59.26354100123171],[-138.21114538190594,59.267394001521666],[-138.2139463885657,59.27815800080398],[-138.21137739171832,59.283790001059465],[-138.20625939364442,59.28772200175823],[-138.21382939471897,59.28847000055429],[-138.2262533996272,59.29495699844097],[-138.22382540506274,59.304375998575445],[-138.24653241098895,59.311135994844044],[-138.25632341446118,59.31558199319473],[-138.25916941616666,59.31803599268473],[-138.25884941926574,59.323249992598186],[-138.26169542224252,59.32782199203271],[-138.26924742413541,59.32993899079414],[-138.2790664291288,59.33691098907287],[-138.28137643406063,59.34480798850339],[-138.26509143970645,59.35643999074937],[-138.264933435005,59.34863799097907],[-138.26305443362742,59.346602991327025],[-138.26002043449,59.348455991753596],[-138.25815044003852,59.35794599179757],[-138.25957744251454,59.36186799147076],[-138.25571344505784,59.36662699195134],[-138.2444684465188,59.37060099360941],[-138.219383443729,59.369417997572306],[-138.1909074430674,59.372248001961324],[-138.18429344366598,59.37415700294823],[-138.18829544417648,59.37445200231307],[-138.18535244511082,59.37641100272337],[-138.1769054449188,59.377260004025096],[-138.1422274417688,59.376831009471296],[-138.10639244616954,59.38911901476914],[-138.07230544750738,59.396088019931845],[-138.05857245081296,59.403488021893786],[-138.05621945255953,59.406713022179396],[-138.05939745431297,59.40917602161765],[-138.081566460345,59.4160820179633],[-138.08433746261238,59.4194520174415],[-138.09289146590703,59.42371801598953],[-138.0906974681003,59.42765401623164],[-138.07437146853775,59.43064901871474],[-138.063101468103,59.431499020460436],[-138.06251146731793,59.43028202058442],[-138.05948046821436,59.43218802101057],[-138.03546646546374,59.43098702480784],[-138.01398446491902,59.433089028122765],[-138.00416546853273,59.440442029473914],[-138.00542547413386,59.4495260290427],[-138.00114947536986,59.452167029645466]]],[[[-138.00114947536986,59.452167029645466],[-138.01618947779417,59.45406902723698],[-138.0335234789475,59.45355402453075],[-138.03686048174313,59.45770602389995],[-138.05519748401687,59.45890602099152],[-138.06838648805498,59.46373801879672],[-138.0931634868585,59.45832201504873],[-138.10262048437508,59.452909013705536],[-138.11015448087667,59.446084012700695],[-138.1099514768665,59.43948301290418],[-138.1045694752461,59.437550013798976],[-138.1068604701954,59.42887601366487],[-138.10605046852618,59.42622601386056],[-138.09651046576317,59.42297701544132],[-138.09081746121262,59.41623201650893],[-138.07987945720686,59.41111701835624],[-138.07512045416624,59.406740019215505],[-138.07463645162832,59.40259901939846],[-138.0772784493195,59.398401019092674],[-138.08940944810544,59.3946960172868],[-138.11752744952443,59.393139012919555],[-138.12077044751,59.38934501250953],[-138.12492144686175,59.38769201190188],[-138.13174844746584,59.38774701083026],[-138.14575744655238,59.38428700872421],[-138.18811244782194,59.38053300218302],[-138.22225845152025,59.381964996792924],[-138.24759745111928,59.37781399292968],[-138.253588449801,59.374800992069524],[-138.2568134472658,59.370145991686435],[-138.27219944487632,59.36406198943492],[-138.28217344116752,59.35652598807002],[-138.28236743946263,59.35366298811502],[-138.28760043690193,59.348683987426135],[-138.2918574319847,59.339912986990036],[-138.29383642703226,59.331389986904384],[-138.2941024236847,59.3257729870105],[-138.28341041593688,59.314316988986164],[-138.28239941385013,59.31097298923223],[-138.283438411573,59.30702798917318],[-138.28123541051494,59.30556398955636],[-138.2819694052606,59.296684989674404],[-138.28611840341952,59.29303698912043],[-138.26519640006356,59.29030799246703],[-138.25472539359535,59.2809329943508],[-138.25300239110672,59.27700599472273],[-138.25302239350785,59.28102199461477],[-138.25107539384555,59.28185599489777],[-138.24181338899393,59.27501599652546],[-138.23872238614265,59.27066899712222],[-138.23840638173624,59.263330997362814],[-138.24112038047818,59.26084699700288],[-138.24471038049612,59.260379996453594],[-138.23881537862582,59.25806099743601],[-138.2381323748045,59.251747997706914],[-138.23295036985652,59.244164998714545],[-138.22148236211942,59.232766000803345],[-138.20436834480245,59.206028004169696],[-138.19420433812263,59.196197006011445],[-138.18671433503175,59.192035007288496],[-138.19103133357808,59.18898200669274],[-138.19012933094578,59.18467000694474],[-138.1948303259568,59.17559800644398],[-138.212330329652,59.17938900361334],[-138.24470333285066,59.18027599853421],[-138.26816933801223,59.1857199947276],[-138.27997133904614,59.18582699288105],[-138.31000534499955,59.1917049880354],[-138.34488234960907,59.19466098250807],[-138.3592423498483,59.193088980305134],[-138.3638083490999,59.191200979641295],[-138.4144103551216,59.194406971648206],[-138.41891635470958,59.193096970978495],[-138.42567435197964,59.18757497006811],[-138.43290635059893,59.184260969025544],[-138.44049734949496,59.181363967915956],[-138.44534435005312,59.18164296715094],[-138.45812335303967,59.18493396506668],[-138.4589693548276,59.187830964857525],[-138.45556835453183,59.18779596539004],[-138.4747233636934,59.20061496205547],[-138.47983536415828,59.20070296125383],[-138.49119536204347,59.19560095961347],[-138.48866336110143,59.19435896004257],[-138.48932036027202,59.19287295997934],[-138.4945563597719,59.19131995920217],[-138.51769636345384,59.19438295550289],[-138.52911436283634,59.191797953786796],[-138.52897636381715,59.193467953763864],[-138.53419536436468,59.193683952942045],[-138.5428133639166,59.19176495164593],[-138.5455833591615,59.183381951437255],[-138.54416035872214,59.182833951674425],[-138.54605635816418,59.18163795141009],[-138.56668835467391,59.17296894841712],[-138.58907735668973,59.17334994490752],[-138.595600353654,59.16735294404906],[-138.5949943521657,59.16492394420913],[-138.60691934827946,59.15676094256483],[-138.61854934862592,59.15578194077384],[-138.61761834998367,59.15819894085419],[-138.6314563558648,59.166263938474046],[-138.64217035768118,59.16789093675537],[-138.63689035517172,59.16436593767588],[-138.6358943524953,59.159983937949946],[-138.64168935176346,59.157971937098445],[-138.65403035428605,59.16057493509931],[-138.6444443498135,59.15431093676675],[-138.65033634939564,59.15281593588639],[-138.6671043542666,59.15879293310409],[-138.68096535721352,59.161912930852914],[-138.68614635734568,59.1614439300559],[-138.69655736092142,59.16608692830238],[-138.69486235924472,59.16348492863793],[-138.6765463537703,59.156692931685185],[-138.67670735293697,59.15526493169863],[-138.6626243494879,59.15132593400627],[-138.65843534671615,59.14720593477216],[-138.65120434402107,59.14362193599894],[-138.65073834214476,59.14051393615569],[-138.6475013402359,59.137721936736625],[-138.63990333846124,59.135741937977016],[-138.63942133712774,59.133551938111374],[-138.62556033417545,59.13042194036073],[-138.625938333596,59.12939094032946],[-138.62273733261765,59.12816694086224],[-138.62474333267917,59.12800094055349],[-138.63672333516075,59.13058793861268],[-138.64613233828052,59.13459993703478],[-138.76348838117633,59.19132291714686],[-138.7913843893591,59.20140491250584],[-138.83100140306857,59.21923090581392],[-138.87271741516352,59.23406789887113],[-138.91977042744952,59.24853389109799],[-139.01750645012572,59.27385787506897],[-139.03301945293208,59.276557872560716],[-139.04459945647696,59.28099687061893],[-139.03860545620577,59.28131087154991],[-138.9766274417511,59.265114881723505],[-138.94589043570383,59.25896788671312],[-138.88577442104807,59.24222989659905],[-138.86742341795218,59.23943389955084],[-138.84520741055573,59.22993490329334],[-138.8369124099702,59.230038904589335],[-138.83763341119626,59.23200090442212],[-138.831882411233,59.23281590530006],[-138.8098424048401,59.224981908967266],[-138.80111940364878,59.2241289103562],[-138.8027644047982,59.22584191005155],[-138.81314040682992,59.227887908370676],[-138.8127684076524,59.22931690838938],[-138.82819441192512,59.234459905832],[-138.82821841419081,59.238255905722994],[-138.83129641566325,59.240320905183836],[-138.8308324126906,59.2353979053929],[-138.83305241229402,59.23444190507168],[-138.84316241580717,59.23900890336199],[-138.85555441782986,59.24077890137225],[-138.8551764183791,59.241748901404584],[-138.8586014193187,59.242875900836964],[-138.88769842353895,59.24615289618834],[-138.90154042828755,59.252304893848255],[-138.91692243058284,59.25414989138697],[-138.9609544412296,59.26626488414759],[-139.04234845781707,59.28352287090029],[-139.05834245931283,59.283975868379386],[-139.0822224643976,59.28941786447956],[-139.1051384714257,59.298227860633546],[-139.14592747903671,59.305746854018786],[-139.1865284889228,59.3170928473204],[-139.20573949232679,59.320344844211164],[-139.23635749999266,59.32926183914602],[-139.2346435005053,59.330328839383974],[-139.2353565018551,59.33248383920963],[-139.23332050230994,59.33349483949975],[-139.22553049950974,59.3298138408298],[-139.21149849684605,59.32714184311014],[-139.2102064954718,59.32501784337456],[-139.16103448519965,59.314105851407625],[-139.15006248208525,59.31030385323879],[-139.1317774801043,59.30931585613635],[-139.13022348073284,59.310559856344526],[-139.13738148324094,59.31383185512739],[-139.14998148534005,59.31573485309527],[-139.1470934858038,59.31687185351586],[-139.14726848669991,59.318341853446256],[-139.17202249402465,59.327409849299464],[-139.17238749534297,59.32955684918041],[-139.17056949639928,59.33154284940845],[-139.16373349812184,59.335267850374166],[-139.16857850092154,59.33931184949669],[-139.1871305019867,59.338748846600076],[-139.21014550665478,59.34361784284525],[-139.23296750903782,59.344719839229256],[-139.23929251070706,59.34670183817825],[-139.25705452110253,59.36174083495015],[-139.25875452410844,59.36651483454367],[-139.2454795242543,59.36841083657422],[-139.242829525642,59.37104183691405],[-139.25111552937787,59.37620083546161],[-139.24734952975626,59.37729683602131],[-139.24980653285644,59.382126835494404],[-139.24862353620742,59.38782283551397],[-139.21845453909606,59.396364840007145],[-139.21566454095333,59.39978584034624],[-139.20820854171328,59.40197384145463],[-139.18077554134788,59.40480084568497],[-139.17815954220015,59.40653784604584],[-139.17049554089039,59.405332847285564],[-139.16577354112815,59.40631784799944],[-139.16564154180222,59.40744884798748],[-139.17306654299364,59.40848784679],[-139.16322954515456,59.413292848197095],[-139.15208754383488,59.41250984997161],[-139.1365785449115,59.41623785230212],[-139.13172854348346,59.41448785311512],[-139.12360854440027,59.417024854318406],[-139.100885544073,59.41934785782389],[-139.09996554557185,59.42193985789374],[-139.09233554596548,59.42355285904689],[-139.08628554713846,59.42625385992046],[-139.08453654859275,59.428875860119994],[-139.07404254992147,59.43239486166883],[-139.06473554936042,59.43264586312499],[-139.06093554775617,59.43047886378487],[-139.06572754534474,59.425890863163175],[-139.06692754257773,59.421168863110104],[-139.0620325417019,59.4203418639034],[-139.05223554171332,59.421601865407354],[-139.04727254318308,59.42465886609991],[-139.0456685468074,59.43084686617463],[-139.03300854568317,59.43059686817225],[-139.02990154418373,59.42851586872037],[-139.03522853972018,59.42046686811333],[-139.03260553812095,59.418157868591884],[-139.0283755366654,59.416289869310084],[-139.0064825362718,59.418424872690245],[-139.00575853154518,59.41070387302455],[-139.00201152961688,59.40799287369065],[-138.99395752823403,59.40673287499223],[-138.97440352266312,59.400013878255784],[-138.97268252373073,59.40200087846979],[-138.96742852285487,59.4012238793172],[-138.9678335242055,59.403406879191635],[-138.96296052522584,59.40571887989161],[-138.94336852584757,59.409257882869824],[-138.9434685268265,59.41086388280848],[-138.93928152679445,59.41134788345261],[-138.9389025285365,59.41427688342915],[-138.93566353000907,59.41712688385755],[-138.93003753120396,59.419823884665156],[-138.92962353243237,59.421906884671166],[-138.9203445294685,59.418199886234305],[-138.91158653040338,59.42087088753528],[-138.90624452890953,59.41908888842491],[-138.89940553001264,59.4217918894234],[-138.89350752910283,59.42104789037132],[-138.88640753333817,59.42895989126378],[-138.88513053537488,59.43248789136501],[-138.8884015387059,59.437565890707475],[-138.8858945399804,59.439991891033074],[-138.88499354224345,59.44384189106588],[-138.8882565458623,59.44939089039615],[-138.88672354950634,59.45559589046186],[-138.88871355099886,59.4577998900865],[-138.88633155209536,59.45991289040142],[-138.88649155588178,59.46612989020043],[-138.88491455645104,59.46726989041612],[-138.88593155873812,59.47090489015339],[-138.87606855757312,59.47025489172302],[-138.88083556139358,59.475930890812656],[-138.8796535626293,59.47811589093684],[-138.8734645638,59.480837891833566],[-138.87606256492032,59.48234689138209],[-138.8869675662782,59.483178889643064],[-138.88652656809273,59.48621988962614],[-138.89478157031414,59.488812888253875],[-138.90487857173846,59.4898598866356],[-138.90820057484876,59.494545885979775],[-138.90531957604847,59.49688588636654],[-138.90532457927662,59.502187886215246],[-138.92342457970855,59.50058188341234],[-138.92654757856218,59.498299882985734],[-138.92689957501392,59.49242488309748],[-138.93108857480175,59.491540882463546],[-138.93147857220578,59.48722388252507],[-138.9354475725995,59.48736388189651],[-138.93980856700355,59.47760388148805],[-138.94594056571913,59.47470688060595],[-138.95998356738994,59.475663878369375],[-138.96743657065406,59.48008387707061],[-138.96864257012507,59.47905987691022],[-138.96081356421607,59.470334878390645],[-138.96444056398505,59.469491877844185],[-138.98000656633386,59.471374875341624],[-138.98258756477964,59.468487875018134],[-138.9812435629508,59.46564787531072],[-138.98248056172926,59.46347887517797],[-138.97527456273912,59.46605987623787],[-138.97750056474632,59.469080875801346],[-138.97366456447935,59.46912987640358],[-138.97023556359545,59.468111876971925],[-138.96956556145074,59.46466587717571],[-138.9641375596807,59.46244287809275],[-138.9625845575577,59.45914387843118],[-138.96412755625522,59.4568008782553],[-138.9691715551917,59.45440487753015],[-138.97584355508863,59.453383876509974],[-138.9806925569096,59.45576687567943],[-138.97784955755628,59.45719487608587],[-138.97927255809117,59.457894875841944],[-138.99279656049623,59.46013487365079],[-138.99776356247173,59.46275687279456],[-139.007745561947,59.46062387128537],[-139.0069485598197,59.45722087150819],[-139.00401155884362,59.45598587200554],[-139.00603955760738,59.45369087175207],[-138.99939155164992,59.44471487305434],[-138.9991045501332,59.44224987316989],[-138.99064954784507,59.439551874576395],[-138.99084554591855,59.43634787463693],[-138.9826505422679,59.4313668760674],[-138.98434554177976,59.4303448758302],[-138.99438154113386,59.42799887431932],[-139.00465154297262,59.42972687265541],[-139.00760653961768,59.42380987235996],[-139.0116775383726,59.421234871793494],[-139.02025153722525,59.418247870531104],[-139.02653453773232,59.41828686954238],[-139.03095554013726,59.42169886874982],[-139.02827554224515,59.425520869061735],[-139.0286795467224,59.43286186878803],[-139.04122254818472,59.43368386679242],[-139.04607254780672,59.43244486606522],[-139.05051854639783,59.42955586544913],[-139.0517585428196,59.42348986542825],[-139.05988254218434,59.42141086421077],[-139.06351254424615,59.424356863555545],[-139.058131546418,59.428624864278795],[-139.0570855482471,59.431776864352784],[-139.0609775501066,59.434352863666774],[-139.079018551739,59.43476586081802],[-139.10201154972674,59.42854285738171],[-139.11249654672633,59.422266855914216],[-139.12825154533314,59.417981853560775],[-139.12787654609394,59.41928585358209],[-139.134468546324,59.4188368525587],[-139.13499654729648,59.42037685243106],[-139.14200754783593,59.42038685132837],[-139.14320154886212,59.421931851095906],[-139.17010354850174,59.41796184698101],[-139.17947954671476,59.41383484562662],[-139.1819235432673,59.40783084541652],[-139.18520454253522,59.4062098449478],[-139.19499154342782,59.40646084340204],[-139.2057225459502,59.40928984163252],[-139.21011554554963,59.408078840977055],[-139.21040454450304,59.40631284098301],[-139.2325085391855,59.394759837844695],[-139.24157353906998,59.3934388364584],[-139.26272454133775,59.39455983310062],[-139.28657953875089,59.3873168295628],[-139.290149535286,59.38113682918267],[-139.3000525334501,59.376867827751184],[-139.30399353363063,59.37667882713742],[-139.3029855316072,59.37345082739051],[-139.30692852902607,59.36868382691061],[-139.31771153133667,59.37117882514277],[-139.31573252750383,59.36506982563314],[-139.31196452643798,59.363768826263446],[-139.3134845229048,59.35771982620186],[-139.3046295190002,59.35233782775068],[-139.30401251716438,59.34936682793475],[-139.30631351667398,59.34826682760544],[-139.31843751835677,59.34955782566304],[-139.334377522007,59.3536438230389],[-139.40222354082124,59.37648281170299],[-139.42019054413052,59.37976280878124],[-139.5411775792227,59.42307378845557],[-139.55667558594587,59.43229678573811],[-139.5468245850287,59.43196978729878],[-139.51721857542944,59.4197057923272],[-139.50538757301842,59.41715679426545],[-139.48340556666372,59.4093267979586],[-139.45511155592934,59.39502480283626],[-139.4397655526308,59.391439805356406],[-139.43083654968737,59.387659806872755],[-139.40972254549695,59.383306810321926],[-139.4129075448181,59.381792809866056],[-139.40865054371088,59.38048081057423],[-139.40480054396755,59.381377811152895],[-139.40430054272773,59.37938581129036],[-139.3998355412697,59.37751881204776],[-139.38987753972182,59.37617681365274],[-139.38858654026546,59.37723581382445],[-139.39203954200192,59.37968781320903],[-139.39939354421242,59.38244581197128],[-139.3916955445227,59.38390381313835],[-139.37689754203527,59.38160281553294],[-139.39022554485695,59.38463781334771],[-139.38287354452854,59.38499681449297],[-139.38160954537722,59.38655681464565],[-139.3838205465986,59.38830681424635],[-139.38064554645138,59.38845281474117],[-139.38114654569762,59.387143814700984],[-139.37375254404608,59.385318815917465],[-139.37739254700034,59.389760815214],[-139.36627754631354,59.3899908169547],[-139.36190154347736,59.38583481776543],[-139.34528254012793,59.382336820481214],[-139.36093054514737,59.388718817832995],[-139.3518305453629,59.39019581922015],[-139.34283454396666,59.38899382067001],[-139.33762454484983,59.391097821427145],[-139.3395025478984,59.39590982099008],[-139.34594555025572,59.399014819885295],[-139.3386275548338,59.407484820786415],[-139.32877555743167,59.41299182217351],[-139.33498455714076,59.411745821233666],[-139.3390455554827,59.40850582069057],[-139.3402635575175,59.41171782040431],[-139.34326555739005,59.41113781994922],[-139.34738055628532,59.40880581937093],[-139.35184555219553,59.401495818884506],[-139.3561995514491,59.399725818252044],[-139.35634255005937,59.397409818297746],[-139.3767845505877,59.395770815131826],[-139.3804625518711,59.39744181450403],[-139.37346455172647,59.398061815586075],[-139.37311755241723,59.39924681560572],[-139.38304555483938,59.4020328139619],[-139.39105355492418,59.401190812727386],[-139.40736755747764,59.403413810095856],[-139.40741555840756,59.404944810042686],[-139.40103855947757,59.40749381097025],[-139.40295556003665,59.40818281064829],[-139.4165275599809,59.40643080856542],[-139.41804056102242,59.40796680828173],[-139.41430056178618,59.409685808819034],[-139.39771756064948,59.40983681142309],[-139.39486256138034,59.41139381182597],[-139.41068756403462,59.413841809263886],[-139.41185256580303,59.416619808998036],[-139.42292756332236,59.41116980741798],[-139.43124256300456,59.409629806155614],[-139.4528405645901,59.409616802758556],[-139.46579156799365,59.413662800600214],[-139.47497357205182,59.41924779898852],[-139.47905457288087,59.42012079832031],[-139.46104756481586,59.408990801486034],[-139.45954956292488,59.406048801809405],[-139.46527656369497,59.40662480089136],[-139.47588956632788,59.40968479913046],[-139.4811945688908,59.41327379818851],[-139.49452257162355,59.41616979600478],[-139.52780658112644,59.42782679041685],[-139.5274495818594,59.429078790435405],[-139.53582858582485,59.43460678895015],[-139.52566658527562,59.43492679054019],[-139.5104875815057,59.43054379306118],[-139.5047355810053,59.43041379397041],[-139.5223665856383,59.43592279102968],[-139.54191458862908,59.43849578787504],[-139.55443959334815,59.44476378571403],[-139.55523359504184,59.44745778550771],[-139.56690959675646,59.44887878362621],[-139.5678875956326,59.44691078353167],[-139.57124059643428,59.44782878297594],[-139.57348159639236,59.44749078263332],[-139.57316259560082,59.44622578272175],[-139.5892435980179,59.44827878012742],[-139.59644960019577,59.45100177891015],[-139.60069860176813,59.45308177817802],[-139.5993456025047,59.45445577834945],[-139.60076960320598,59.45543977809535],[-139.6154746067406,59.45949877565593],[-139.6150936085629,59.462541775623336],[-139.61671960980402,59.46438877531116],[-139.61506761274498,59.469420775418584],[-139.61627561332654,59.47023277520349],[-139.6203126113941,59.46657477467864],[-139.62045460959075,59.463592774747006],[-139.61861860840446,59.46186077508895],[-139.6201326065603,59.45864677494812],[-139.6116026045043,59.45628177636339],[-139.6202716050303,59.45611277500312],[-139.70161762870765,59.48537176129251],[-139.74649964293107,59.50341775366178],[-139.79095365377432,59.515977746262536],[-139.84342566937454,59.535394737380045],[-139.85558667101202,59.536662735421444],[-139.85647367352578,59.54066773515633],[-139.8625686761567,59.544260734082044],[-139.86132867755072,59.546680734202205],[-139.85494267856342,59.54907273513544],[-139.85286968071796,59.55282973534541],[-139.8472576830635,59.557306736091434],[-139.83783968526402,59.561986737432456],[-139.80534367793982,59.55380574281745],[-139.80659067604995,59.55057574272109],[-139.81595067730672,59.551539741213496],[-139.8487086768248,59.54695473618567],[-139.8492906757406,59.545116736151144],[-139.8477776748949,59.54391073642768],[-139.84165967456028,59.54407273738817],[-139.8477876739424,59.54235373647473],[-139.84726867239632,59.53988773663346],[-139.8340216694324,59.53657973882728],[-139.83186166767126,59.53395173925],[-139.82403466577412,59.53175874055332],[-139.80953166415154,59.530791742871884],[-139.80531866545272,59.53340974345536],[-139.81965266853956,59.53678874108842],[-139.81124966876433,59.538132742372596],[-139.8203946702658,59.5395237408862],[-139.81221067077016,59.54129874212245],[-139.82180367233678,59.54274374056362],[-139.82633067433846,59.54548773976354],[-139.82009467527658,59.54774374067772],[-139.80939467522325,59.54889974233049],[-139.7932396717658,59.54513274499729],[-139.76322266981555,59.545448749724805],[-139.7547496701913,59.547052751012465],[-139.74762366900694,59.54595175217092],[-139.73094166897928,59.547860754744626],[-139.73170667036715,59.55003775455655],[-139.74830067467218,59.555123751780506],[-139.75035967606226,59.5571517513928],[-139.7501736777794,59.559975751334555],[-139.74469167750425,59.56016775219395],[-139.7416366797793,59.56423675255047],[-139.73870067934203,59.563866753025316],[-139.73649368065426,59.566265753299525],[-139.73761168314815,59.570201753001335],[-139.7348326837401,59.57149175340027],[-139.73291468318783,59.5708157537238],[-139.7324536808972,59.567134753910516],[-139.70980267451012,59.55937075772573],[-139.71030267598326,59.56171575757446],[-139.71444467853516,59.565392756807114],[-139.71129468198038,59.571380757119584],[-139.71250468366406,59.57398375684819],[-139.70293168534755,59.57785075824045],[-139.70470868636423,59.579298757915204],[-139.70136468880142,59.58366175830841],[-139.69511068741824,59.582142759342894],[-139.68882868881968,59.5851637602416],[-139.69406869146485,59.588855759300294],[-139.69478568948836,59.585552759289115],[-139.6994556901154,59.58602575853693],[-139.70037669325615,59.5910317582372],[-139.69698469400302,59.59264575872295],[-139.69066569264135,59.59117075976638],[-139.6900296912988,59.58905975993203],[-139.682762691297,59.58991076105327],[-139.67545468857628,59.586339762317216],[-139.67522068753473,59.584670762405494],[-139.67839468557128,59.58109876201438],[-139.6774366840334,59.57870576223926],[-139.6784846827506,59.5764917621421],[-139.6753086803613,59.5729707627516],[-139.66964367910487,59.571589763688465],[-139.66583967642265,59.56766376440952],[-139.6619546770969,59.56922176497495],[-139.64138967499355,59.5682197682518],[-139.6388296759999,59.57016376859617],[-139.65481468041892,59.5754807659099],[-139.64923968247257,59.57948576666698],[-139.63802768291748,59.5815347683743],[-139.63133568450658,59.58491476932709],[-139.63230168812643,59.59069576899723],[-139.6289676910258,59.595809769366916],[-139.6145346907929,59.59713777160533],[-139.5871566942225,59.605961775658855],[-139.58146869578266,59.60917377645905],[-139.57817369895034,59.614714776810224],[-139.5890146997501,59.61472877509737],[-139.59854169928022,59.612835773650545],[-139.60368970014238,59.61362777281313],[-139.5989907039693,59.620402773347806],[-139.59351070598132,59.624319774093586],[-139.58510471295668,59.636638775044595],[-139.58581171678642,59.64276777474525],[-139.56557971853766,59.64800477778237],[-139.55905772055493,59.65204877868941],[-139.55956872150017,59.653519778563705],[-139.55415572807726,59.664815779074004],[-139.52613373412223,59.677926783103786],[-139.5252897358167,59.68076778315038],[-139.5182017396552,59.68781678405612],[-139.50457574248057,59.694003786022414],[-139.4968837421524,59.69438978722718],[-139.49404674327914,59.69654778760994],[-139.4826727412646,59.69464978946674],[-139.47929374240155,59.69688978993295],[-139.47904974362103,59.69888878991054],[-139.4828157460817,59.70241278920775],[-139.4701417456471,59.70322379118772],[-139.47694074974422,59.70902578993573],[-139.47827674860184,59.707022789785334],[-139.48073874904165,59.70743878938316],[-139.4825917521052,59.712161788946354],[-139.48768375463126,59.71562978803496],[-139.4979607562726,59.717053786365646],[-139.49968575805195,59.719717786011536],[-139.50495775927803,59.721067785136015],[-139.50378276022178,59.72272878527128],[-139.53255377037766,59.73567778032175],[-139.53368277203867,59.73821878006513],[-139.5423087763184,59.74408677851962],[-139.54575878168373,59.752309777721045],[-139.55429478698454,59.759823776138404],[-139.55878679116103,59.76600477523697],[-139.55872479318057,59.76925577514674],[-139.5620707969351,59.77488977444311],[-139.57659980375234,59.78411977185675],[-139.57743180706527,59.789334771564],[-139.5915738233462,59.81375476856762],[-139.58406583058832,59.82621776937213],[-139.5974568402613,59.8401067668182],[-139.6095418459484,59.84777476466333],[-139.61723585641963,59.86357876295111],[-139.6172558604429,59.86998776274845],[-139.62468787003172,59.88439076111999],[-139.62282587351314,59.89014576123611],[-139.62338987606182,59.89413376102227],[-139.62046987959695,59.90009276129996],[-139.62211788166434,59.90318676094172],[-139.6213358838359,59.9067277609553],[-139.61693388683477,59.912001761489734],[-139.6107838874934,59.9137617624116],[-139.59725388643506,59.91365476456375],[-139.57725388787355,59.918267767596355],[-139.56628589157137,59.92541476911631],[-139.53592489553728,59.935250773633435],[-139.52747689794145,59.94004977482677],[-139.52539690225538,59.947127774937606],[-139.51750490543714,59.95308977600679],[-139.51877390940402,59.95921977561501],[-139.51621291012287,59.96065677597735],[-139.51599891475493,59.968008775783375],[-139.50935291598017,59.970723776755555],[-139.49891392275308,59.98264877804523],[-139.50356792700342,59.98881577711398],[-139.502114927982,59.99053077729167],[-139.49814492913353,59.99281277785217],[-139.47436993068504,59.99804678147049],[-139.469342929865,59.99734278229156],[-139.45819392500923,59.99098878426061],[-139.45523492251772,59.98740278484195],[-139.44630892059752,59.98542078632212],[-139.44508191693393,59.979777786691095],[-139.4407459130319,59.97412178755466],[-139.42977390597267,59.96425278960232],[-139.42321889790315,59.95225479101285],[-139.41547689291977,59.945276792457015],[-139.4002138875358,59.93855279508725],[-139.39596388720693,59.9385357957629],[-139.39196088922435,59.94220879628609],[-139.3858948835658,59.93395779750196],[-139.38832088095674,59.9295307972521],[-139.37343987419445,59.920568799888706],[-139.37458187137884,59.91596179984796],[-139.3729238677024,59.91031880028342],[-139.36548486053852,59.899817801784266],[-139.3615498589629,59.89778180247072],[-139.3574248586482,59.89777380312557],[-139.3467728514585,59.88760680512499],[-139.32513884092896,59.873427808987074],[-139.31393783074358,59.858530811214344],[-139.3080038295979,59.85741681218887],[-139.30980782706627,59.85315881203151],[-139.33843881501912,59.83046780817956],[-139.34204281180968,59.82490180777677],[-139.34556681128745,59.823642807256576],[-139.34280180295087,59.810630808088355],[-139.3501458009294,59.80650980704956],[-139.35518479392746,59.79468180660912],[-139.35751478422733,59.77883780671916],[-139.35427677992695,59.77232180742873],[-139.35758877843605,59.769527806988876],[-139.35886977510322,59.76401780695246],[-139.35702376916677,59.75469480752618],[-139.34920476323236,59.74608880902313],[-139.34763575993148,59.7409638094257],[-139.3498827569675,59.73591880922219],[-139.3421717486238,59.723402810818875],[-139.34267174631168,59.71961381085376],[-139.3367227390037,59.708540812127374],[-139.33262573544405,59.70328881293287],[-139.31763172704308,59.691532815656025],[-139.3144047184344,59.678000816571064],[-139.31843071470882,59.671480816129886],[-139.31709571307726,59.66900081641496],[-139.30451570413473,59.65604281878964],[-139.30463370286932,59.65397681883276],[-139.29301169783923,59.647235820869525],[-139.29458269693416,59.64557582067091],[-139.29401769518952,59.642813820842434],[-139.29163869365556,59.640614821283634],[-139.2946836926612,59.638628820861726],[-139.29042968581183,59.62802482184917],[-139.29502168278935,59.622551821287175],[-139.2862576797829,59.618735822784224],[-139.28163768120854,59.621618823427774],[-139.28263667888052,59.617711823386145],[-139.28653567688227,59.61398482288148],[-139.3074206803858,59.61712981949106],[-139.3120076802953,59.61642281878806],[-139.31163467854748,59.613625818930274],[-139.30572667321215,59.60566682009963],[-139.3104216726479,59.6041748194032],[-139.32276567422377,59.60523281742341],[-139.32772967756392,59.610062816495784],[-139.33191367815158,59.61050881582209],[-139.3313866749604,59.60538081605824],[-139.3282976730206,59.602599816628675],[-139.3378836729213,59.601269815155455],[-139.33401666994354,59.596892815896325],[-139.3390366701388,59.596598815112976],[-139.34166767204582,59.59938381461446],[-139.35592867592092,59.603956812227004],[-139.35622067499918,59.60242081222691],[-139.3636096727106,59.597796811199025],[-139.36198167129697,59.595692811518866],[-139.36233166880712,59.59159481158622],[-139.34558166177982,59.58218081451013],[-139.33967766137883,59.58224681543966],[-139.33248965928397,59.57970781664938],[-139.33069765841566,59.57851081696789],[-139.33405465730036,59.57628181650454],[-139.32471865532273,59.57419581803955],[-139.31733165045466,59.567154819413986],[-139.311302650257,59.56756982035261],[-139.30215664613186,59.56195482196168],[-139.2858166454809,59.56289582451064],[-139.28707364717613,59.56550982423503],[-139.28924564737062,59.56556082389092],[-139.28928764852665,59.56744282382839],[-139.28316864814008,59.56756282478989],[-139.26262164975867,59.572728827877675],[-139.26261365199025,59.57637082777116],[-139.25268166130888,59.59278482885254],[-139.25451466336838,59.5959148284706],[-139.24654066752495,59.60366382949973],[-139.24093266784686,59.60487783034868],[-139.22982066588096,59.603044832156364],[-139.22826466828485,59.6071498322807],[-139.23384067650554,59.619836831025616],[-139.24683468478472,59.63169582862331],[-139.2475716916458,59.64274582817934],[-139.25471469557306,59.648242826888165],[-139.2716757024477,59.65731582393944],[-139.27457470473323,59.660665823381805],[-139.27175670745024,59.66541282368577],[-139.264321709282,59.6692888247451],[-139.2638617109225,59.67200182473689],[-139.2667067125974,59.67436582421699],[-139.26124771800414,59.68378282479937],[-139.26230872065227,59.68793682450796],[-139.2689587262597,59.696190823210756],[-139.28011173037314,59.701477821289906],[-139.2811337320562,59.70407182105098],[-139.2897877360799,59.709515819519815],[-139.2897547378225,59.712332819440945],[-139.29287673895848,59.71378681890374],[-139.2948747414322,59.717535818475476],[-139.2953147458561,59.724617818193934],[-139.2989297493173,59.72975881746821],[-139.30364775068307,59.731387816673],[-139.30587375013775,59.730238816355325],[-139.30528174795236,59.72678781655242],[-139.30704574598207,59.72339681637507],[-139.30933474616597,59.723415816012505],[-139.32060475707732,59.73963481374283],[-139.31961476808277,59.757466813363415],[-139.30845176868314,59.75978281506052],[-139.3051657733712,59.76771681534229],[-139.2969927758525,59.77269281648642],[-139.28269977771095,59.77740981860744],[-139.28226477889683,59.779366818617774],[-139.2730487772099,59.77777582012443],[-139.26901877797002,59.77948582071118],[-139.26764477937087,59.78190182085636],[-139.26327777891996,59.78170782155353],[-139.26178478023706,59.784003821721136],[-139.26974178404933,59.78915582030678],[-139.28496178904382,59.795322817711444],[-139.28889279182897,59.79931281696904],[-139.29356779798013,59.80860481594898],[-139.29116380012357,59.81232881621781],[-139.29170080221502,59.815612816033905],[-139.29629680642398,59.82179481511955],[-139.28511480853965,59.82653081674871],[-139.28445980978057,59.828594816790265],[-139.2802658110017,59.831054817380725],[-139.26036681103116,59.83350982046022],[-139.23265880954676,59.83449682482137],[-139.1914098118825,59.84324983109581],[-139.15527381145893,59.84698583671077],[-139.13401480670808,59.84199784022764],[-139.12100580528337,59.84131684230897],[-139.11788780606992,59.84295684275435],[-139.1118958049662,59.84192884373434],[-139.1032568064145,59.84530584500282],[-139.0851988051785,59.84555384785661],[-139.07398280263791,59.842875849712854],[-139.06779980316955,59.84448885064476],[-139.04655680174253,59.84483285399991],[-139.028264797497,59.840310857030545],[-139.016777793531,59.83539285899439],[-138.9642627688121,59.802340868275614],[-138.95772676765534,59.80130286934021],[-138.94664776819522,59.80355587102808],[-138.94234576742886,59.80286587172887],[-138.86093374375272,59.775095885412306],[-138.80282972336587,59.74966189532853],[-138.75930871322456,59.73887490251359],[-138.70184071254212,59.745154911415774],[-138.68846770861143,59.74053991365898],[-138.68501470643844,59.737479914290965],[-138.62018469742827,59.73133292470388],[-138.5825846972579,59.7359499305127],[-138.56899370189603,59.74520493240084],[-138.00114947536986,59.452167029645466]]],[[[-138.7020758156271,59.91024790668263],[-138.66279075205773,59.813721915648905],[-138.66299374989555,59.810227915715714],[-138.63097472987786,59.782211921569555],[-138.62095272182881,59.77056192348138],[-138.6159137198356,59.768006924349585],[-138.62473671703714,59.762357923114095],[-138.67919172427196,59.766967914378185],[-138.7135127298801,59.77157690882247],[-138.7511347376781,59.77929690265507],[-138.74795573835382,59.780789903115156],[-138.774819744323,59.78695189869104],[-138.84848276853248,59.81644788619049],[-138.89484577209367,59.8163088788565],[-138.9260347759086,59.81850387385595],[-138.9374797752597,59.81602987211611],[-138.9533447779516,59.81835686953691],[-138.97937378521573,59.82673986517121],[-138.9958767942643,59.839162862194314],[-139.0170418028796,59.85030585851452],[-139.0426898083489,59.855865854287444],[-139.04998580830446,59.854892853160166],[-139.06322381151872,59.85839085095926],[-139.07849581353625,59.85972884849951],[-139.09428781289367,59.856758846084865],[-139.12351181622503,59.85848784140226],[-139.13365582173117,59.86603183957026],[-139.15427482405707,59.86721983626641],[-139.16890982352558,59.864584834024946],[-139.18054482519435,59.86582783214331],[-139.19302382455183,59.86328283024117],[-139.21005582546115,59.862661827559705],[-139.25087982954287,59.8642228210408],[-139.24910983101984,59.866792821244104],[-139.26365083578338,59.87262981876264],[-139.27759484521815,59.88597881614837],[-139.3349668756265,59.927431805787414],[-139.35368989128688,59.9500278021254],[-139.3758929062344,59.97104579795546],[-139.39244291094735,59.97653479515723],[-139.398930914324,59.98110279398575],[-139.40223592119685,59.99156679313883],[-139.40796392310165,59.993896792156725],[-139.40667992605265,59.99870579221275],[-139.40967892777547,60.0010697916632],[-139.41437392985375,60.00379379083272],[-139.4245689319624,60.00591678914623],[-139.45639593455786,60.00626478407445],[-139.47338693753963,60.008971781288345],[-139.48607494066715,60.012414779163635],[-139.4888959436222,60.01674077858072],[-139.39461098615232,60.09460179117571],[-139.36196701013606,60.13594279509863],[-139.36617002031642,60.151330793953],[-139.3342020379976,60.18262679808233],[-139.26841904563813,60.202269807969124],[-139.26058704862828,60.20784080904739],[-139.23266605090015,60.21467881329151],[-139.20843304899137,60.21459781716012],[-139.18822604560455,60.21174882047062],[-139.14709703220797,60.195857827514224],[-139.20036796893297,60.090703822221776],[-139.06095990748244,60.010969846791305],[-139.0570659045555,60.00682784753345],[-139.05361890114514,60.00186684822883],[-139.03166589427119,59.993702851958886],[-138.79610483473462,59.928703891246634],[-138.7020758156271,59.91024790668263]]],[[[-139.49806101389143,60.12589477372121],[-139.53801701356645,60.12075676751383],[-139.5744650285926,60.14000876109807],[-139.61926804172026,60.15533075346903],[-139.63948304938015,60.16494874993952],[-139.63558205616417,60.17594875021278],[-139.6762220681435,60.18994374328134],[-139.68034807106875,60.194018742492624],[-139.6805600798257,60.20758574202583],[-139.67263008187106,60.2116567431623],[-139.64025409693787,60.23867174747178],[-139.6162601031678,60.2510367509113],[-139.5550951156858,60.27735075984994],[-139.52067814525049,60.32682276378489],[-139.4916531343752,60.31342476885083],[-139.483769132819,60.3119357701586],[-139.47186812826615,60.306296772239385],[-139.44255411403174,60.28774477750895],[-139.40605210301706,60.27498078374184],[-139.39014909347208,60.262086786685174],[-139.34980308126865,60.247926793569455],[-139.33391506824375,60.22961979667391],[-139.3300870633619,60.22250179750541],[-139.32224106003682,60.218267798888455],[-139.3465470498651,60.19962179558745],[-139.39648404359042,60.18401678810542],[-139.44120202777577,60.154173781902614],[-139.44136602597,60.15133978196477],[-139.44555002269135,60.14573978147219],[-139.48590101398753,60.12745777561039],[-139.49806101389143,60.12589477372121]]],[[[-139.81878408377227,60.19815672025576],[-139.8026310670673,60.174014723613574],[-139.72350004205376,60.143985737203586],[-139.70699003446106,60.13401674015492],[-139.69014002869167,60.1269277430677],[-139.55303099013406,60.08235576632568],[-139.52374898071707,60.0709877713447],[-139.51480297288248,60.05973377312036],[-139.5242619712664,60.05609577172785],[-139.53237096838828,60.05063277060765],[-139.53848796774852,60.048916769687544],[-139.54127197039801,60.052755769124474],[-139.54377997104743,60.0534847687023],[-139.5445299674358,60.047723768762985],[-139.55371196825942,60.04795276729425],[-139.56372796674108,60.044405765811],[-139.55774896508507,60.042495766822455],[-139.5549089626245,60.03895676738498],[-139.5583429592789,60.03329676701544],[-139.5659899582745,60.03082976587566],[-139.5678279564646,60.02776876567893],[-139.56957995697417,60.02836776538149],[-139.57684094928982,60.015427764630935],[-139.58015594787503,60.012814764185336],[-139.59896694504704,60.00617976140062],[-139.6023549425338,60.001825760998145],[-139.6033199348203,59.98954576122923],[-139.60193092772553,59.9785037617957],[-139.59933392588994,59.97590476228992],[-139.59946292455132,59.973774762336106],[-139.60314292140475,59.96837476191997],[-139.6018749159333,59.9598687623873],[-139.60581291352582,59.955602761894696],[-139.6133759126119,59.95327976076548],[-139.63149591412392,59.95357475787632],[-139.64728891075157,59.946410755590826],[-139.65747291043263,59.9447297540251],[-139.682477911783,59.943986750074416],[-139.70204890864346,59.93676274719149],[-139.7096619048016,59.92979874620105],[-139.70933490344007,59.92767774632001],[-139.72676989959706,59.91958074380498],[-139.7262988976376,59.91652574397613],[-139.72992189406673,59.91044174359253],[-139.7466778877927,59.89855474130583],[-139.75657088649996,59.89536673983536],[-139.75351788501172,59.893350740383795],[-139.76955887658582,59.87811073831799],[-139.7686238689931,59.866127738844675],[-139.7714808670389,59.86268673849975],[-139.76911986563093,59.860713738936866],[-139.774326864019,59.85754773821035],[-139.77610186204362,59.85419473803435],[-139.7745898608727,59.852500738327706],[-139.78799785919188,59.848284736333014],[-139.7930548595328,59.84824973553162],[-139.79343685845512,59.84648673552677],[-139.80083885981165,59.847804734310444],[-139.79793985691947,59.84352173490579],[-139.80135285558453,59.84100073444409],[-139.81488285391572,59.836790732430366],[-139.81664785298344,59.83510073220372],[-139.81031985249078,59.835036733209776],[-139.81601185074192,59.83159373241554],[-139.81716184897627,59.828641732326446],[-139.80460385149675,59.834102734146256],[-139.78874685730386,59.84518673631201],[-139.78040085724578,59.846049737609235],[-139.7686338596056,59.85116273931519],[-139.768369862231,59.855379739224205],[-139.76624386393425,59.858338739468174],[-139.76344986232556,59.856094739982396],[-139.76250486031157,59.85299174023012],[-139.76408085827,59.84955474008851],[-139.81120784898417,59.82933473324911],[-139.82679384727555,59.824824730919296],[-139.85437484673952,59.82082472667061],[-139.87127784409887,59.81468072418417],[-139.90987384145444,59.80607271833611],[-139.92978084079922,59.80277271528363],[-139.9422098414598,59.802426713323364],[-139.9340658425777,59.80513471452862],[-139.917373842358,59.80666971712734],[-139.90151284384402,59.81084271951028],[-139.9292128441725,59.80823471519942],[-139.9461378426115,59.80382671265551],[-139.94379484170972,59.80264771306493],[-139.96084983973782,59.79756871052212],[-139.9627098430835,59.80271471006265],[-139.96068484883753,59.812147710081746],[-139.9805208542275,59.81853570673005],[-139.9770278553213,59.82067570721552],[-139.99345185601916,59.81994870463285],[-139.99566885663575,59.820685704257215],[-139.9927008574302,59.82228770467688],[-140.00320285876734,59.82324770297931],[-139.98887885841327,59.824286705218974],[-140.02098686226827,59.82685170004103],[-140.01782686312674,59.828575700487],[-140.0244368634413,59.828339699445614],[-140.03570587010842,59.837725697354045],[-140.04053887174356,59.83979669651996],[-140.04170287326593,59.84209569626105],[-140.0526168747526,59.84325269449089],[-140.0651028797735,59.849871692294194],[-140.07323288113147,59.851134690962375],[-140.0780308853967,59.85739968999715],[-140.08737388778377,59.86016768842345],[-140.08845588977337,59.86321668815265],[-140.09282589112266,59.864881687404484],[-140.09714689026322,59.86303568677813],[-140.1092548946412,59.86866868467161],[-140.12190089710364,59.87119368258043],[-140.12901690110215,59.87677168126807],[-140.143249899078,59.871986679162866],[-140.14273789658495,59.86807567937185],[-140.1461538961693,59.86703867886284],[-140.14542789513982,59.865479679029114],[-140.13952789372377,59.86387368001886],[-140.13509589081633,59.85973168085793],[-140.13801188848737,59.85570068052612],[-140.13784388634684,59.85230868066325],[-140.1464418838267,59.84734567945956],[-140.17026988155888,59.8411116758792],[-140.17997688232361,59.8412666743327],[-140.18552688560231,59.84588667330014],[-140.1839238821872,59.840616673727126],[-140.1901368809876,59.83802267282523],[-140.19181688372444,59.84220367242161],[-140.20158888414457,59.84180467088292],[-140.2167398820653,59.836832668639715],[-140.2172468808426,59.83482666862508],[-140.2198298802548,59.833606668254816],[-140.2372818782119,59.82844266565323],[-140.23868287634636,59.82531166553359],[-140.24472187429004,59.821369664704214],[-140.23896687334135,59.82048166564694],[-140.23824187239586,59.819050665809065],[-140.25714287293232,59.81784866284791],[-140.26871787073472,59.81307866116708],[-140.2683088667514,59.80675566144012],[-140.26044486638565,59.80702666267932],[-140.2572358641661,59.803826663293734],[-140.2519498581503,59.79477866442985],[-140.25100585510117,59.79000066473634],[-140.2454558519759,59.78560166576132],[-140.24719985112503,59.78404866553554],[-140.26009585174666,59.783637663502894],[-140.27183884996907,59.77951066177532],[-140.27626185034828,59.77963666106947],[-140.2881198578586,59.79037565883479],[-140.2966138606281,59.793886657371004],[-140.29302886374558,59.79926365776303],[-140.29809286478843,59.800382656922274],[-140.30759186478616,59.79934965544869],[-140.3135348631151,59.79603265461482],[-140.32904186486022,59.79714765211666],[-140.33151886425057,59.795904651764666],[-140.3322808619062,59.7920706517705],[-140.32275086115442,59.79189765328871],[-140.32193286020396,59.79046465346568],[-140.32554885950194,59.78894965294196],[-140.32479485733734,59.785565653173215],[-140.3165838512846,59.776758654766724],[-140.2979318502006,59.77704465771651],[-140.29632785045334,59.7776236579521],[-140.2976168513613,59.77893865770419],[-140.29481785179203,59.77993265811555],[-140.2873638480124,59.77468565947082],[-140.2837458488551,59.77642965998757],[-140.28280385026434,59.778790660059315],[-140.27726684797224,59.775719661038735],[-140.25597385090376,59.782736664186494],[-140.2432668481411,59.77969766630205],[-140.24443084771815,59.77889266614371],[-140.23807784557903,59.77615866724122],[-140.23826484265612,59.771452667365544],[-140.23669384209938,59.77073166763844],[-140.20860984351893,59.77608367191808],[-140.17258084122307,59.77636367762401],[-140.17443684193324,59.77729767729917],[-140.17010484291646,59.7793506779193],[-140.16652284194757,59.77819267852529],[-140.17044983910867,59.77320867806457],[-140.16373383859957,59.77313267913227],[-140.1617588390019,59.77399567941751],[-140.16400084020458,59.77567667900724],[-140.16120083969898,59.77517467946759],[-140.15996684104135,59.77746267958895],[-140.1548968420126,59.77957868032429],[-140.15198984156777,59.779186680798105],[-140.15367584050978,59.777304680591776],[-140.138692840013,59.778163682940416],[-140.1379418409027,59.77967268301045],[-140.14065484230977,59.78162768251682],[-140.1372318434375,59.78381268298867],[-140.13826084433362,59.78513468278249],[-140.13611384548275,59.787212683055685],[-140.15183084910456,59.791277680430156],[-140.14879784943534,59.7921416808832],[-140.15208485057804,59.793608680314044],[-140.15148185168152,59.79544168035024],[-140.15962585379128,59.79792067897732],[-140.1514158533902,59.79818368027134],[-140.14782985440863,59.80020868077463],[-140.13663085396365,59.80073268253435],[-140.13772584940065,59.79330868260203],[-140.13629984707842,59.789747682943855],[-140.13202084566657,59.787959683680754],[-140.13150884746264,59.790892683666755],[-140.12795284689673,59.79037968424759],[-140.12666584537172,59.78807968452638],[-140.1180628433114,59.78573168596712],[-140.12300784206727,59.78319068526516],[-140.11536084128895,59.78279068649111],[-140.1212688403302,59.780599685624985],[-140.1228238386794,59.777781685469655],[-140.11934583754325,59.77634568606776],[-140.11641383766357,59.776863686516016],[-140.1157698390576,59.77916968654345],[-140.1117848399301,59.781009687115876],[-140.10509883933645,59.780799688183166],[-140.10382684081705,59.78331368830349],[-140.10010984135536,59.784588688851805],[-140.10114084021373,59.78264468875132],[-140.0877958391794,59.7824696908734],[-140.08684683867114,59.781760691046884],[-140.08817983772474,59.78009569088924],[-140.08641083717538,59.779411691192],[-140.07849783870327,59.78274069233942],[-140.08893284085784,59.78503269061031],[-140.09608384085553,59.78423468950191],[-140.08318984104108,59.78596469149105],[-140.0675268386257,59.78383769404397],[-140.06561884004398,59.78632269426633],[-140.06873684190373,59.78895469368685],[-140.06053684273317,59.791196694915364],[-140.05723284165163,59.789832695483376],[-140.0486448420452,59.79142069679434],[-140.07239884421386,59.792246692999655],[-140.07065284548642,59.79447869320455],[-140.0602298455004,59.795661694819906],[-140.05143984429577,59.79471269624486],[-140.05618484360244,59.79307369554513],[-140.04493484479735,59.79624169722752],[-140.04173984415613,59.79557169775595],[-140.0445048410742,59.790327697486255],[-140.03176384336967,59.795426699343],[-140.03215384488047,59.797801699204555],[-140.02803184478498,59.79810969984859],[-140.0191338425742,59.79556570134177],[-140.00240784242558,59.79720170394231],[-139.98894384009742,59.794984706149044],[-139.98120083743802,59.79159570748573],[-139.99911083508957,59.785821704830404],[-140.001621833898,59.78363070450267],[-139.99640283270594,59.78230570537268],[-140.03072283026108,59.77453870017989],[-140.04753782564492,59.76525269781254],[-140.141111821372,59.7479816835359],[-140.16467881919715,59.74188067999811],[-140.17815381623515,59.7356306780653],[-140.18863281050133,59.72525067674192],[-140.21092880599366,59.71553767352492],[-140.24470580319243,59.707313668441245],[-140.25637280134353,59.70305466673193],[-140.28557880063664,59.69871966224653],[-140.28763980184496,59.700442661863654],[-140.31040380294704,59.69973665828013],[-140.32295680523927,59.702065656214735],[-140.32545580395944,59.69973065589553],[-140.31099380196534,59.69808965824083],[-140.28825980059304,59.69835666183367],[-140.29471280049734,59.69749766083964],[-140.3926178083264,59.69949564526136],[-140.39966980951664,59.70065364410566],[-140.40831681351847,59.706170642552664],[-140.40825481158785,59.703066642665284],[-140.4131618110053,59.70159964193617],[-140.53002582286035,59.70820862319304],[-140.53593782446887,59.71017162219],[-140.5494918245174,59.70881362008686],[-140.60169383051232,59.71295561167105],[-140.63666083183372,59.7114116061784],[-140.72200184180673,59.71856559240141],[-140.73920184514083,59.722146589551116],[-140.75442084610555,59.72212558713755],[-140.80677485427665,59.7298735785663],[-140.89679886337896,59.73531656409258],[-140.88361386332306,59.736564566142114],[-140.8803078650626,59.73969356655876],[-140.87041886574747,59.74179756805577],[-140.86216887101475,59.75108856904487],[-140.852270873623,59.756278570437274],[-140.85060887545677,59.75938757059401],[-140.85222388264404,59.77073956994591],[-140.8456118886768,59.78107057063969],[-140.84724088944395,59.78213257034427],[-140.86332188138854,59.76760056829194],[-140.8531028790323,59.76486457000897],[-140.85274087730772,59.76213757016048],[-140.85573987510494,59.758301569816695],[-140.884263865422,59.73986856592478],[-140.89080286579832,59.73980956488901],[-140.89952986394425,59.73594756363728],[-140.9473408782113,59.7540125554211],[-140.97746988485213,59.76163155037172],[-140.99083688947408,59.76769754803713],[-141.00171789148504,59.76983054623436],[-141.00186223311604,60.3054425272578],[-140.5351121501945,60.224226604878474],[-140.47231420203673,60.31059261196544],[-139.98916408760388,60.18524269346458],[-139.69838316721703,60.34042373491579],[-139.59007216124203,60.34347675215251],[-139.5577361504882,60.33063975773562],[-139.59478314504966,60.31806275220963],[-139.66835113113092,60.28829874139506],[-139.69269311623202,60.2625637383285],[-139.74451009679836,60.22667373120043],[-139.81878408377227,60.19815672025576]]],[[[-139.0822691099172,60.32382783396829],[-139.11023207630228,60.26862883118248],[-139.13713508448134,60.27804682660023],[-139.16617509114207,60.2848678217541],[-139.24443710628657,60.298951808819155],[-139.2891911250625,60.32260180093445],[-139.31384112956803,60.326644796867974],[-139.31805613349218,60.33218579602163],[-139.34705013832289,60.33622679125919],[-139.3514201477523,60.35019979012373],[-139.08669113227054,60.35765683223],[-139.0822691099172,60.32382783396829]]]]}},{"type":"Feature","properties":{"ID_NUM":113,"NAME":"PALMER-W.-T.","ID":"aks_palmerwasilla","STATE_TERR":"Alaska","FIPS":null,"VERSION":1,"START_DATE":"1960-04-01","END_DATE":"1970-03-31","CHANGE":"1960 census. Palmer-Wasilla-Talkeetna (Election District 9) served as a census area.","CITATION":"(Census of Population 1960, 51; NHGIS)","START_N":19600401,"END_N":19700331,"AREA_SQMI":21141.0,"CNTY_TYPE":"County","FULL_NAME":"PALMER-WASILLA-TALKEETNA","CROSS_REF":"aks_palmerwasilla_1_AK_Historical_Counties","NAME_START":"PALMER-W.-T. (1960-04-01)","fips":"0None","richmond_geoid":"G0203170","election_year":1972,"source":"Newberry historical Alaska election-district geometry; district names retained in Richmond 1972 data"},"geometry":{"type":"Polygon","coordinates":[[[-146.8085928389364,63.480600420418696],[-146.82914379882368,63.43287641960645],[-146.83061376220968,63.389508421789195],[-146.74604771738962,63.338051439008396],[-146.60308569569403,63.31541646449683],[-146.48925967289387,63.29090448513542],[-146.4270196404863,63.253637497723325],[-146.48623560693824,63.211840489996874],[-146.58096854696953,63.13711247809212],[-146.6476624870888,63.06276147092979],[-146.6046514463222,63.01397348087693],[-146.4807094094617,62.971812504087474],[-146.48099339957898,62.9596575047041],[-146.56805739205515,62.9482384906586],[-146.83445832444772,62.858549450751106],[-146.95937328686438,62.809193432485735],[-147.00290425751183,62.77169242726114],[-147.01832620461917,62.70511542838638],[-147.00034914707845,62.632970435422436],[-147.00355510661325,62.581649437740296],[-146.9178240738798,62.54182745430692],[-146.7139470034347,62.45640049311579],[-146.68271896463222,62.40727550101794],[-146.66758290243993,62.327276507903434],[-146.68362984285687,62.249381509465],[-146.74440482171792,62.22029250092392],[-146.86233280114755,62.1906044829099],[-146.98098080563958,62.19387846297795],[-147.13492480671047,62.19211543744719],[-147.26579579828575,62.1785704164171],[-147.41257879342038,62.169603392491496],[-147.51958577741124,62.14681837597256],[-147.63323976758662,62.132169357899194],[-147.74598976056328,62.121349339766795],[-147.83182175823882,62.11718632573433],[-147.87848077518936,62.13896831672511],[-147.97047178196036,62.14684530097117],[-147.98043874339984,62.09587730225674],[-147.96285271283568,62.055602307501175],[-147.9039887104389,62.05308831742201],[-147.75790371621565,62.06255934114324],[-147.71144369929445,62.04073835010326],[-147.65826167612897,62.01069036063994],[-147.56920066024887,61.99085937654205],[-147.34706660542864,61.92125841728594],[-147.2744665636036,61.866386432367825],[-147.28065548493228,61.75985443725568],[-147.31327543135927,61.68624043594864],[-147.32416239433647,61.63533043697427],[-147.2927973582956,61.58635644485648],[-147.30618931312569,61.52370044611319],[-147.3698212677417,61.45949043919328],[-147.46051627198307,61.463775424039305],[-147.52084129466166,61.4942764124158],[-147.61911830191153,61.50276039576815],[-147.77634027738156,61.46637237195008],[-147.89276225047985,61.42734335501918],[-148.05601822912146,61.39558633000491],[-148.12515815582577,61.29183732459626],[-148.25292611021413,61.22607830743522],[-148.47880704095874,61.125698276281035],[-148.47961006851415,61.1650602738622],[-148.46186306855867,61.16523527675515],[-148.46003025401106,61.42697326181704],[-148.81817025533496,61.42734120295178],[-149.00196525499962,61.42667317279808],[-149.06453925346426,61.424547162646846],[-149.1874702538747,61.42528614241101],[-149.18760827469072,61.45433614063409],[-149.23801127498643,61.45486613231966],[-149.2375712923996,61.47911313092367],[-149.18815628896638,61.4742201393427],[-149.16255229083018,61.476764143398064],[-149.15046529013725,61.47577914544436],[-149.1625342910502,61.47707014338241],[-149.15873529255092,61.479151143881325],[-149.15668429524243,61.482891143992845],[-149.1568852963639,61.48445114386573],[-149.1606592978992,61.486592143116006],[-149.15974229930586,61.488546143148895],[-149.1436732990491,61.48816214581417],[-149.13268930129806,61.49127114743282],[-149.10122329972017,61.48903815274126],[-149.07991230128815,61.49119615611575],[-149.0579733070674,61.49920815924208],[-149.04364030723224,61.49942916158612],[-149.03217330998032,61.503240163243234],[-149.03086830968445,61.5028291634825],[-149.03222530910014,61.502018163308165],[-149.02929630913255,61.5020621637871],[-148.99215131578643,61.511293169343624],[-148.9907253172982,61.51339016945249],[-148.9816423176906,61.513936170914214],[-148.97306231630196,61.512012172440734],[-148.97301531405597,61.50889617263509],[-148.9691883124256,61.506635173399914],[-148.93484530905792,61.501980179327376],[-148.92264430590342,61.4976101815953],[-148.91179930495787,61.496307183456615],[-148.89640629952868,61.4887811864372],[-148.89162129957322,61.48884918722005],[-148.90583030511178,61.496527184425375],[-148.85721130744201,61.49982919222537],[-148.83930230271372,61.49329319555976],[-148.82254130117227,61.49118419844189],[-148.80123929639564,61.48459120233666],[-148.7740632948896,61.48256320692597],[-148.82124230176925,61.49201619860596],[-148.82616030359043,61.49453619764748],[-148.83765030515002,61.496680195630034],[-148.84749530858576,61.501433193728],[-148.8645553104075,61.50393419077294],[-148.87874930983966,61.50312518848625],[-148.91142031331924,61.50791518282629],[-148.91707531484536,61.510027181769914],[-148.94287231562592,61.51108917746261],[-148.94980331859506,61.51520317607626],[-148.9681103189872,61.51573817303246],[-148.97307132025747,61.517498172110976],[-148.9659953225517,61.520681173084675],[-148.96707632264435,61.52080917289917],[-148.96594832350547,61.522003173013275],[-148.96041832326858,61.521677173942656],[-148.943614325578,61.524887176515655],[-148.96652432386261,61.52249817288887],[-148.97371032003133,61.5171841720246],[-149.00200931713994,61.51317016760944],[-149.010246314864,61.510013166443784],[-149.03351431169963,61.50562716287946],[-149.0321863111573,61.50487416314308],[-149.03371831084294,61.504438162917175],[-149.04662731308747,61.507559160606455],[-149.07003931361226,61.50830215671085],[-149.1002513122432,61.50643015185419],[-149.11931430888265,61.50178814899837],[-149.16342130979746,61.503127141663626],[-149.17053431338127,61.508115140192515],[-149.1737553165502,61.512518139396626],[-149.17056731703167,61.513180139881015],[-149.17240032042665,61.5178921392949],[-149.1715913242982,61.52325813910362],[-149.15375732878923,61.52944914166394],[-149.14079134021188,61.5452421428443],[-149.12318534410335,61.55059914541868],[-149.11374034296645,61.54901414706901],[-149.10293734619387,61.55346414857906],[-149.0914853471425,61.55476315038589],[-149.0846923498215,61.55845915128153],[-149.06320235241725,61.562028154604704],[-149.05555335422122,61.56451515571439],[-149.0519003565057,61.56766815612614],[-149.0544253592024,61.57139315548657],[-149.05312135997298,61.572456155637205],[-149.05480036290078,61.57649815511773],[-149.05274036447292,61.57866615532657],[-149.05351636575267,61.580432155092375],[-149.0627913692992,61.58533015327022],[-149.07194237536865,61.59370415125877],[-149.0697243811967,61.60173115114091],[-149.0707463855548,61.607732150610964],[-149.07331538682382,61.60948115008234],[-149.07966838700347,61.60973414902046],[-149.08399338951048,61.61318814809957],[-149.08136839396812,61.619317148162835],[-149.08122139893393,61.626144147775534],[-149.07824340101422,61.62900014809437],[-149.0820214024795,61.63101714735006],[-149.08043140346624,61.63237114753039],[-149.08154740532922,61.63493114719213],[-149.0852644075679,61.638009146393905],[-149.09005540854403,61.63935414552302],[-149.08415441312863,61.64564114611669],[-149.07372141835805,61.652805147405],[-149.07157242438296,61.6610631472617],[-149.06578342966216,61.668291147780586],[-149.05263443030577,61.66916314989694],[-149.04584542857364,61.666786151159734],[-149.03401742835322,61.666478153128985],[-149.02725642985786,61.66853615412044],[-149.02192242936692,61.667862155040574],[-149.02462242981403,61.668475154558415],[-149.01368343148337,61.67075815622535],[-149.00435943117196,61.67033015778914],[-148.9782474341903,61.67446316184802],[-148.96815543829663,61.680085163175534],[-148.94498844056088,61.68319216681112],[-148.94438844457866,61.688687166580664],[-148.94568144488701,61.689108166342095],[-148.94548544347768,61.687181166490156],[-148.9472844448452,61.68905016608106],[-148.9455004476221,61.69284716614794],[-148.91791745211808,61.699009170330335],[-148.90781145134736,61.69796517206061],[-148.90143345218343,61.69911317304461],[-148.89079245701643,61.70572517440511],[-148.87791945710856,61.7058661765215],[-148.87813345809315,61.70721017640574],[-148.87463245937937,61.708970176878445],[-148.88506045904944,61.70850717518497],[-148.8961594562824,61.70471717357965],[-148.90224945604098,61.704381172594644],[-148.90357545449024,61.702262172502536],[-148.91017745361165,61.701056171485206],[-148.90839145351754,61.70092917178746],[-148.91324245207065,61.6989481711056],[-148.92661145472258,61.70256016868289],[-148.93781745438247,61.7020881668618],[-148.94266845273646,61.69983716619609],[-148.94537045027087,61.69646716595231],[-148.95035044926138,61.6950851652134],[-148.94674444054337,61.68316716652287],[-148.9515684408096,61.68352916570539],[-148.94891644271408,61.68613516598675],[-148.95218144090853,61.683664165596255],[-148.96355643888242,61.68088816388592],[-148.97405643888814,61.68089316215344],[-148.97225243956018,61.68181316239585],[-149.00522943246153,61.67209615753953],[-149.01785343311624,61.672995155403115],[-149.02820243198533,61.67145015378902],[-149.03630543339676,61.67338615233583],[-149.0342894336888,61.67378515264446],[-149.05686143273542,61.67249314899899],[-149.05268743358414,61.673652149617624],[-149.054568433497,61.673534149314634],[-149.0782294265204,61.66399814598689],[-149.0906014213813,61.656967144370554],[-149.0916694202798,61.655458144285596],[-149.09017541922347,61.65400814461943],[-149.09358441810235,61.6524741441497],[-149.09573241581782,61.64934314398447],[-149.09512941318079,61.64572414430234],[-149.09849141075162,61.642394143948884],[-149.09799140944287,61.64059714413968],[-149.1136384047602,61.63418614194731],[-149.11517140277994,61.63146814185878],[-149.11448040024578,61.627985142183036],[-149.11652539910952,61.62642614194014],[-149.10938639378915,61.61910214355856],[-149.10364039166484,61.616173144682165],[-149.0855923886496,61.612005147907496],[-149.07873738548795,61.607647149299645],[-149.0737023861146,61.60850515007753],[-149.07201538458114,61.606393150482724],[-149.0717623828621,61.60402615066685],[-149.07779437915954,61.59893214998001],[-149.07673937692297,61.59585015033941],[-149.07776537475405,61.59286215035024],[-149.0664213677984,61.58326315279676],[-149.06241136661373,61.581626153555796],[-149.0645623643701,61.57853215338774],[-149.06446336123463,61.57420515366427],[-149.06186736558544,61.58020715373079],[-149.05897836470123,61.57898515428001],[-149.06095536264775,61.57615315412484],[-149.06007635918948,61.571379154556695],[-149.06472835622435,61.567288154037],[-149.0629123552038,61.565877154420896],[-149.06410035459862,61.56504215427534],[-149.06431435549982,61.56628715416534],[-149.06722435272846,61.562461153916466],[-149.0849283503255,61.55915615120069],[-149.11084235019192,61.559000146944044],[-149.12182734887566,61.55719514524452],[-149.12757334692017,61.554500144461095],[-149.1301103438888,61.550312144296306],[-149.1410413430193,61.549126142568696],[-149.15095733963025,61.54445414121873],[-149.16211933394834,61.53660913985561],[-149.17677132904015,61.52983913785374],[-149.1851353275959,61.527855136597566],[-149.1959093208203,61.518486135391655],[-149.20765931942813,61.51658213357398],[-149.21815231484646,61.51025113223118],[-149.24266131419583,61.50941112825091],[-149.2536093105121,61.50432812675866],[-149.25831730698795,61.499448126280164],[-149.26616030429062,61.4957241252165],[-149.26930630438181,61.49586012469093],[-149.2679223061017,61.49824512477386],[-149.26909230728123,61.49988712448185],[-149.26114530861523,61.50171612567768],[-149.26013230939796,61.502800125778414],[-149.2697843081576,61.50110612429409],[-149.2698363069284,61.499399124388994],[-149.27282230532066,61.497175124032886],[-149.3186583001458,61.490135116924066],[-149.3427633004511,61.490648112929925],[-149.3533243024169,61.493421111024595],[-149.39559029901346,61.48886710435348],[-149.40716429687896,61.48595110262887],[-149.44351729867955,61.488627096489196],[-149.450971301019,61.491916095062756],[-149.45353630315387,61.49489609445868],[-149.44501630660153,61.49964309556918],[-149.43962030693874,61.50008509642944],[-149.4425113071964,61.500457095931196],[-149.44156330768658,61.50113309604588],[-149.44737330652606,61.4995500951873],[-149.4459573073352,61.50066709535169],[-149.44796130708912,61.50033509504251],[-149.44727930800295,61.501601095077376],[-149.45384930738948,61.50078209404721],[-149.44958830916775,61.503230094597996],[-149.4382423094388,61.503550096444094],[-149.421884312947,61.50834209884112],[-149.40679531078285,61.50526810151012],[-149.39994331158448,61.50635010257072],[-149.3959583131872,61.50855710309133],[-149.3941853124384,61.50751010344688],[-149.39353931343268,61.50888710346899],[-149.39561731369113,61.50925510310489],[-149.3891623150685,61.51113810405151],[-149.3909703152594,61.51141110373759],[-149.36920431768428,61.51468310711785],[-149.35528632217884,61.520860109030515],[-149.3466493218289,61.52034111048293],[-149.3493883226189,61.52144710996484],[-149.35864232206964,61.52072210848692],[-149.37033131785475,61.514924106917746],[-149.37722231703526,61.513816105851916],[-149.3892283197702,61.51766110364269],[-149.38242031727813,61.51417510497512],[-149.3976363148952,61.510935102670416],[-149.39565631441513,61.51026010303718],[-149.40310431177946,61.50663510203356],[-149.41787431395625,61.509724099416104],[-149.4135863146595,61.510680100062764],[-149.41495531514272,61.511357099796314],[-149.47513430687152,61.50017309058473],[-149.53150830521878,61.498194081437454],[-149.54618730318109,61.49545107919275],[-149.54874530384632,61.49639107871438],[-149.55076330241457,61.494414078504256],[-149.58080330025558,61.49160307373899],[-149.59135630030733,61.49174407199547],[-149.59202630138105,61.493241071793335],[-149.59006130178548,61.49379007208236],[-149.5940313032855,61.49590107129987],[-149.58634030749118,61.50169307220766],[-149.5822783069962,61.5009790729194],[-149.58353530632638,61.500057072769486],[-149.58229130517785,61.4984530730728],[-149.5787883050538,61.49825807366057],[-149.57854630559538,61.49900907365417],[-149.5809793053243,61.49864807327639],[-149.58263830621402,61.49989507292703],[-149.58149430738644,61.501516073015324],[-149.58591930792585,61.50229407223997],[-149.5974503034002,61.49608307072667],[-149.60611230188877,61.49404106942851],[-149.61553930243684,61.49486706782783],[-149.66855629110935,61.479495060062554],[-149.68228228549262,61.47178005828365],[-149.69534128427577,61.470186056236535],[-149.69467328554558,61.47194905623721],[-149.6958572857027,61.47217705602846],[-149.69771328363422,61.46931105590086],[-149.71321628068134,61.46532005360069],[-149.71829328117195,61.46604405272178],[-149.72225527914654,61.46325405224344],[-149.7146842789949,61.46298205350409],[-149.71705527608623,61.45894705336424],[-149.7213692741699,61.45631005281892],[-149.7352952729926,61.45478205062608],[-149.75660026768205,61.44755204757477],[-149.7695082604785,61.437607046071506],[-149.78368826067805,61.43800904371813],[-149.77001426002406,61.43697704602739],[-149.77460525617286,61.43163704560477],[-149.77861024989932,61.422904045488934],[-149.7854312458958,61.417365044712746],[-149.79558824223494,61.41233304335794],[-149.8071512342457,61.40125204214809],[-149.8139772312784,61.39715704128219],[-149.8365722278971,61.39262703785627],[-149.86479322605922,61.39031903336979],[-149.87876622218954,61.385029031406916],[-149.88788321583763,61.3762070304609],[-149.88946821605782,61.3765320301806],[-149.88825421542242,61.37562803043595],[-149.89010021477387,61.37473603018888],[-149.8938832147534,61.37474502956773],[-149.89606621769386,61.37889402895128],[-149.9070642173834,61.378569027167714],[-149.90826421868167,61.38040302685635],[-149.91499922030417,61.3827480256056],[-149.907328217115,61.37819502714766],[-149.89689821732316,61.37838202884665],[-149.8949542147807,61.374794029389186],[-149.8981422140697,61.373828028926425],[-149.88886121446833,61.374295030419596],[-149.89017021213576,61.37103303040801],[-149.88874920898152,61.366589030917964],[-149.8911182031367,61.3584000310395],[-149.90348319626193,61.348857029606584],[-149.9145961871786,61.336186028574566],[-149.91642118139725,61.32806102878186],[-149.92040217856615,61.324112028375524],[-149.91832917868342,61.32425602870642],[-149.9170441735961,61.317070029364615],[-149.90964916722302,61.30800303114112],[-149.9174581581426,61.29526003065582],[-149.91770915471355,61.29041703091643],[-149.92133314978975,61.283493030754116],[-149.9221191379514,61.2667480316685],[-149.92836313343275,61.26041203104111],[-149.9592821269726,61.251582026531054],[-149.9868181168307,61.2374930229044],[-150.00457311986952,61.24200401971756],[-150.0748161273981,61.25350100750398],[-150.1326571300076,61.257915997761245],[-150.20491713049122,61.25954898583371],[-150.2543191264497,61.25450197806861],[-150.2661471240301,61.251237976339894],[-150.27359812418226,61.25155997510051],[-150.2870011281957,61.2574439725352],[-150.29406213262774,61.263827970975605],[-150.30841313858642,61.272477968079244],[-150.30841014060985,61.275342967898176],[-150.29892014155232,61.27653796937551],[-150.28078413925994,61.27302997256602],[-150.27243514048251,61.274640973830536],[-150.2637501463682,61.282846974733026],[-150.26313214851154,61.28586997464287],[-150.26888315011752,61.288222973552465],[-150.28704814734527,61.28456297081062],[-150.27440315163955,61.29045397250771],[-150.27401615281326,61.29210797246636],[-150.28330515462974,61.29480897077442],[-150.28248015649632,61.29743497074325],[-150.27828915676474,61.2977539714094],[-150.2716581545512,61.294530972698986],[-150.26545815476655,61.2947469737006],[-150.2641861563064,61.29690497377214],[-150.26717115814338,61.29954297311644],[-150.2732601589759,61.300805972039534],[-150.26814115615772,61.29675097313438],[-150.2783761580244,61.299534971282256],[-150.28531115760106,61.299036970178406],[-150.28771915635218,61.29730696989353],[-150.28123315312217,61.29264797125056],[-150.28256615183096,61.29084197114678],[-150.28898915084093,61.28953497017788],[-150.29247214858077,61.28638896980691],[-150.29271114570398,61.282322970025504],[-150.28091314400126,61.27974297211986],[-150.27483114616678,61.28271997292704],[-150.2717551451002,61.281166973528855],[-150.2743411433266,61.27869397326207],[-150.2790321418484,61.27666897262249],[-150.28498714178284,61.27666197164815],[-150.29966714507762,61.28153796893649],[-150.30772414534832,61.2820389675859],[-150.31753914080215,61.27574996637811],[-150.30397813213187,61.26326996938845],[-150.30366212691592,61.25587196990869],[-150.33459912336934,61.25130096513702],[-150.3944341211762,61.24910795548805],[-150.44890411711,61.24420894689047],[-150.4688351171745,61.24462794360398],[-150.4844141188485,61.247262940887886],[-150.49575112152152,61.25124593877921],[-150.528604132335,61.26713693238896],[-150.53463214112406,61.27968793059932],[-150.53923614464884,61.28475592952143],[-150.5447311455405,61.28611292853522],[-150.54896314805728,61.28974692761001],[-150.5530421519906,61.29537992658147],[-150.55554915734257,61.30298792568339],[-150.55440816229557,61.30996392542306],[-150.56090517245704,61.32441792343268],[-150.56358317952848,61.33443492235175],[-150.5635171845773,61.341546921906364],[-150.54190019279824,61.35274292472984],[-150.53401019944707,61.361958925432035],[-150.51439820021164,61.362697928598614],[-150.50569420134676,61.36414592993232],[-150.5022322035475,61.367180930305544],[-150.498480209508,61.37549193038847],[-150.5056032128535,61.38030992891267],[-150.50617922258522,61.393974927943326],[-150.50155122667417,61.39962992834004],[-150.47841222579268,61.398006932238275],[-150.46644722819048,61.401169933998226],[-150.45448123485232,61.41030693537669],[-150.4531392382424,61.415031935294806],[-150.47156924510884,61.424942931637844],[-150.47654424962496,61.431340930412524],[-150.48101825131437,61.43377692952258],[-150.47988926033915,61.44636692890207],[-150.48575626449045,61.45225992756194],[-150.49352227712305,61.47000892515043],[-150.52411428367853,61.47965991950909],[-150.52623628841428,61.48628991873511],[-150.5346932973163,61.49881991654214],[-150.5499543022742,61.50597591357586],[-150.5531373047443,61.50946391282888],[-150.55026530920443,61.51560891290591],[-150.55131631490573,61.52354191222346],[-150.5438293199844,61.530457913009364],[-150.53030232527527,61.53756091477617],[-150.51722732982748,61.543645916534665],[-150.50186333345647,61.54841291875446],[-150.49417233684747,61.55297891972618],[-150.4856323370443,61.553108921121904],[-150.47403234122092,61.558696922671075],[-150.44426134902287,61.56900092690679],[-150.38195236214452,61.586141936060415],[-150.36551937228822,61.599883937887284],[-150.36277537527724,61.6039629380787],[-150.35090538027967,61.61067593960396],[-150.36398038959635,61.623702936620646],[-150.366876393691,61.62938093578137],[-150.36366140265253,61.64165293552721],[-150.35180541046367,61.65220193680656],[-150.338780414859,61.6580389385798],[-150.33500541726943,61.6612899389941],[-150.3738684068071,61.64751693347202],[-150.3827264019869,61.6410309324275],[-150.38731139773904,61.635262932040966],[-150.38646739461436,61.630952932455436],[-150.3794713886417,61.622626934139],[-150.37812938576025,61.61863993461455],[-150.38757738082828,61.611993933483866],[-150.40312237719738,61.60723393122965],[-150.40597537532773,61.60470193092186],[-150.40529037408126,61.60297293114529],[-150.39827637236297,61.600493932457766],[-150.39688436778775,61.59416193309148],[-150.40049436359865,61.58843793286323],[-150.40807835921174,61.582500931994886],[-150.4142763575159,61.58025693111875],[-150.4402023603854,61.584633926573865],[-150.4586913603282,61.58485492351819],[-150.46877036341556,61.589281921576514],[-150.47179635893127,61.58314092147224],[-150.48149335267698,61.57466192042083],[-150.48712934736872,61.567417919958395],[-150.4905763422748,61.56042991983946],[-150.50008633760007,61.554119918680485],[-150.5365783314435,61.546215913188696],[-150.57375931891312,61.5294949081528],[-150.5767083137023,61.52231690813],[-150.65836234606434,61.56863089172329],[-150.8024133314987,61.55126586916835],[-150.9151033054808,61.5175268528519],[-151.018616264519,61.46278483944043],[-151.0986152347507,61.42302782892946],[-151.228622238078,61.430849807102305],[-151.50773026989415,61.48272075788933],[-151.62367330616988,61.53652473525787],[-151.7411293311737,61.57471671339967],[-151.84686536747282,61.628160692408166],[-151.97956535075065,61.60941967188368],[-152.05871231967294,61.56911566164563],[-152.1467433108514,61.55995264782941],[-152.24679628681963,61.53017663346969],[-152.32512725940234,61.49489662306869],[-152.48867625624263,61.496758596147075],[-152.53491820422937,61.42583959351913],[-152.64622917159517,61.38449357820655],[-152.79855216435888,61.380713553580456],[-152.962381141839,61.35614952855797],[-153.03103618912195,61.425821512397015],[-153.0022041899573,61.42568651711922],[-153.00221428401653,61.55703550778355],[-152.96105631566533,61.59907951154101],[-152.80396144794128,61.774019524943554],[-152.73558351443342,61.86152353001977],[-152.7010486159157,61.996756526175595],[-152.65848372639604,62.14208252296337],[-152.60742785136617,62.30427351999288],[-152.55183692299175,62.395237522820906],[-152.39994899975665,62.48854354154384],[-152.15166507051495,62.57033557722626],[-151.90571911132616,62.614244615245106],[-151.9035421130819,62.616406615460015],[-151.90694011642606,62.62076061459295],[-151.89317319762213,62.7229926098601],[-151.88898825537353,62.79534860557961],[-150.99747143925003,62.99994274138013],[-149.50700873065944,63.33216497145517],[-149.35394373178832,63.332688997346516],[-149.14641864083575,63.22300103929906],[-149.0049716020067,63.17593806611737],[-148.82138756504156,63.13119109987603],[-148.53945254120876,63.10293114920195],[-148.37476554127494,63.10378417695959],[-148.15952358854193,63.1625032098281],[-147.9296116770855,63.27109124231316],[-147.62348277499413,63.39127028717321],[-147.3531498432815,63.475782328180046],[-147.68414084409355,63.472157272164246],[-147.6772938459334,63.474407273195965],[-147.66070984613438,63.47484827598751],[-147.62842484960356,63.47933728121021],[-147.62748185168988,63.481804281226744],[-147.62866685379538,63.48426628088217],[-147.47386686739227,63.50233530613693],[-147.30650989067897,63.53217233286486],[-146.97810989461186,63.54253438811465],[-146.83026486571737,63.511618414994004],[-146.8085928389364,63.480600420418696]]]}}]}